#Idx,Group
1,1
2,1
3,1
4,1
5,1
6,1
7,1
8,1
9,1
10,1
11,1
12,1
13,1
14,1
15,1
16,1
17,1
18,1
19,1
20,1
21,1
22,1
23,1
24,1
25,1
26,1
27,1
28,1
29,1
30,1
31,1
32,1
33,1
34,1
35,2
36,2
37,2
38,2
39,1
40,2
41,2
42,2
43,2
44,2
45,1
46,2
47,2
48,2
49,2
50,1
51,2
52,2
53,1
54,2
55,2
56,2
57,1
58,2
59,2
60,1
61,2
62,2
63,1
64,2
65,1
66,2
67,2
68,1
69,2
70,2
71,1
72,2
73,1
74,2
75,2
76,1
77,2
78,1
79,2
80,2
81,1
82,2
83,3
84,3
85,3
86,1
87,3
88,3
89,2
90,3
91,3
92,3
93,3
94,3
95,2
96,1
97,3
98,3
99,3
100,2
101,3
102,1
103,3
104,2
105,3
106,3
107,3
108,1
109,2
110,3
111,3
112,2
113,1
114,3
115,3
116,2
117,3
118,1
119,3
120,2
121,3
122,1
123,2
124,3
125,3
126,2
127,1
128,3
129,2
130,3
131,1
132,3
133,2
134,3
135,1
136,3
137,2
138,3
139,1
140,2
141,3
142,4
143,4
144,4
145,4
146,2
147,4
148,3
149,4
150,16
151,4
152,4
153,4
154,4
155,3
156,4
157,2
158,4
159,4
160,16
161,3
162,4
163,4
164,2
165,4
166,3
167,4
168,16
169,4
170,3
171,2
172,4
173,4
174,3
175,16
176,4
177,2
178,4
179,3
180,4
181,2
182,16
183,4
184,3
185,4
186,2
187,3
188,4
189,16
190,4
191,3
192,2
193,4
194,16
195,4
196,3
197,2
198,4
199,3
200,16
201,4
202,2
203,4
204,3
205,4
206,16
207,3
208,2
209,4
210,5
211,5
212,5
213,5
214,5
215,3
216,4
217,5
218,16
219,5
220,17
221,5
222,5
223,5
224,4
225,5
226,3
227,5
228,5
229,4
230,17
231,16
232,5
233,5
234,3
235,5
236,4
237,5
238,17
239,5
240,16
241,4
242,3
243,5
244,5
245,4
246,17
247,5
248,3
249,16
250,5
251,4
252,5
253,3
254,17
255,5
256,4
257,5
258,16
259,4
260,3
261,5
262,17
263,5
264,4
265,16
266,5
267,3
268,17
269,5
270,4
271,5
272,3
273,16
274,4
275,5
276,17
277,3
278,5
279,4
280,16
281,5
282,17
283,4
284,3
285,5
286,6
287,6
288,6
289,6
290,6
291,6
292,5
293,4
294,6
295,16
296,17
297,6
298,18
299,6
300,6
301,5
302,6
303,6
304,4
305,6
306,5
307,6
308,18
309,17
310,16
311,6
312,4
313,6
314,5
315,6
316,18
317,6
318,5
319,17
320,4
321,6
322,16
323,6
324,5
325,6
326,18
327,4
328,6
329,17
330,5
331,6
332,16
333,4
334,6
335,18
336,5
337,6
338,17
339,5
340,6
341,4
342,16
343,18
344,6
345,5
346,6
347,4
348,17
349,6
350,18
351,5
352,16
353,6
354,4
355,5
356,17
357,6
358,18
359,6
360,4
361,5
362,16
363,6
364,17
365,18
366,5
367,4
368,6
369,7
370,7
371,7
372,7
373,7
374,16
375,7
376,6
377,7
378,5
379,7
380,18
381,17
382,7
383,19
384,7
385,6
386,7
387,7
388,5
389,7
390,6
391,7
392,19
393,16
394,18
395,7
396,17
397,7
398,5
399,6
400,7
401,7
402,19
403,6
404,7
405,5
406,18
407,16
408,7
409,17
410,6
411,7
412,19
413,5
414,7
415,6
416,18
417,7
418,17
419,16
420,7
421,5
422,6
423,19
424,7
425,18
426,7
427,6
428,5
429,19
430,7
431,17
432,16
433,6
434,7
435,5
436,18
437,7
438,6
439,19
440,17
441,7
442,5
443,16
444,6
445,7
446,18
447,19
448,7
449,5
450,6
451,17
452,7
453,16
454,18
455,19
456,6
457,5
458,7
459,8
460,8
461,8
462,8
463,8
464,8
465,7
466,8
467,6
468,17
469,8
470,8
471,19
472,20
473,18
474,8
475,8
476,7
477,16
478,8
479,6
480,8
481,8
482,7
483,20
484,8
485,17
486,19
487,8
488,18
489,6
490,7
491,8
492,16
493,8
494,20
495,7
496,8
497,6
498,19
499,8
500,17
501,18
502,7
503,8
504,20
505,6
506,8
507,16
508,7
509,8
510,19
511,8
512,18
513,6
514,17
515,7
516,20
517,8
518,8
519,19
520,7
521,6
522,16
523,8
524,20
525,18
526,7
527,17
528,8
529,6
530,19
531,8
532,7
533,20
534,16
535,8
536,18
537,6
538,7
539,17
540,8
541,19
542,20
543,8
544,6
545,7
546,18
547,8
548,16
549,19
550,17
551,7
552,20
553,8
554,6
555,9
556,9
557,9
558,9
559,9
560,9
561,9
562,8
563,9
564,7
565,9
566,18
567,9
568,21
569,20
570,16
571,9
572,19
573,8
574,9
575,17
576,9
577,7
578,9
579,8
580,9
581,21
582,9
583,20
584,18
585,7
586,8
587,19
588,9
589,9
590,16
591,17
592,8
593,9
594,21
595,7
596,9
597,20
598,8
599,9
600,18
601,19
602,9
603,7
604,21
605,8
606,9
607,16
608,17
609,20
610,9
611,7
612,8
613,19
614,21
615,18
616,9
617,9
618,8
619,20
620,7
621,9
622,17
623,16
624,21
625,19
626,8
627,9
628,18
629,7
630,9
631,20
632,8
633,21
634,9
635,17
636,7
637,19
638,16
639,8
640,9
641,18
642,20
643,21
644,9
645,7
646,8
647,9
648,19
649,17
650,8
651,20
652,16
653,9
654,21
655,18
656,7
657,10
658,10
659,10
660,10
661,10
662,10
663,10
664,9
665,10
666,8
667,10
668,10
669,19
670,10
671,22
672,21
673,9
674,20
675,10
676,17
677,10
678,8
679,18
680,10
681,16
682,9
683,10
684,22
685,10
686,21
687,9
688,8
689,10
690,19
691,20
692,10
693,9
694,17
695,10
696,22
697,18
698,8
699,10
700,16
701,21
702,9
703,10
704,20
705,19
706,10
707,8
708,22
709,9
710,10
711,17
712,21
713,18
714,10
715,8
716,9
717,10
718,20
719,22
720,16
721,19
722,10
723,9
724,21
725,8
726,10
727,18
728,22
729,17
730,9
731,10
732,20
733,19
734,8
735,10
736,16
737,21
738,9
739,22
740,10
741,8
742,18
743,10
744,9
745,20
746,17
747,19
748,21
749,10
750,22
751,9
752,8
753,16
754,10
755,20
756,9
757,18
758,10
759,22
760,11
761,21
762,11
763,11
764,23
765,11
766,17
767,11
768,19
769,11
770,11
771,10
772,11
773,11
774,9
775,11
776,11
777,10
778,16
779,23
780,20
781,11
782,22
783,21
784,11
785,9
786,18
787,11
788,10
789,19
790,11
791,17
792,11
793,23
794,10
795,11
796,9
797,22
798,20
799,11
800,21
801,11
802,10
803,16
804,23
805,18
806,9
807,11
808,19
809,22
810,11
811,10
812,17
813,11
814,21
815,20
816,9
817,23
818,10
819,11
820,11
821,22
822,16
823,19
824,18
825,10
826,9
827,11
828,23
829,21
830,20
831,11
832,17
833,10
834,9
835,11
836,22
837,23
838,11
839,10
840,19
841,18
842,21
843,16
844,9
845,11
846,20
847,10
848,22
849,17
850,11
851,23
852,9
853,11
854,10
855,21
856,19
857,18
858,11
859,22
860,20
861,23
862,16
863,10
864,9
865,11
866,17
867,21
868,10
869,11
870,12
871,12
872,12
873,12
874,23
875,19
876,24
877,12
878,22
879,12
880,12
881,20
882,12
883,11
884,18
885,12
886,10
887,12
888,12
889,16
890,11
891,12
892,24
893,23
894,12
895,21
896,17
897,22
898,12
899,10
900,11
901,12
902,19
903,20
904,12
905,24
906,18
907,12
908,11
909,10
910,23
911,12
912,21
913,22
914,12
915,11
916,16
917,12
918,24
919,10
920,17
921,19
922,12
923,20
924,11
925,23
926,12
927,18
928,22
929,10
930,21
931,12
932,24
933,11
934,12
935,23
936,16
937,11
938,10
939,12
940,20
941,19
942,17
943,24
944,12
945,22
946,11
947,21
948,18
949,12
950,10
951,23
952,12
953,11
954,24
955,20
956,12
957,22
958,19
959,10
960,16
961,17
962,11
963,21
964,12
965,23
966,24
967,18
968,12
969,10
970,11
971,22
972,20
973,12
974,19
975,23
976,24
977,21
978,11
979,10
980,12
981,16
982,17
983,12
984,18
985,11
986,13
987,13
988,13
989,13
990,22
991,13
992,13
993,25
994,24
995,13
996,23
997,13
998,20
999,12
1000,13
1001,21
1002,13
1003,11
1004,19
1005,13
1006,13
1007,12
1008,25
1009,13
1010,24
1011,17
1012,28
1013,13
1014,22
1015,11
1016,23
1017,12
1018,13
1019,18
1020,13
1021,20
1022,21
1023,13
1024,25
1025,12
1026,11
1027,13
1028,19
1029,24
1030,13
1031,12
1032,22
1033,23
1034,13
1035,11
1036,25
1037,17
1038,13
1039,28
1040,12
1041,18
1042,20
1043,24
1044,21
1045,13
1046,11
1047,13
1048,12
1049,23
1050,19
1051,25
1052,22
1053,13
1054,12
1055,24
1056,13
1057,11
1058,17
1059,21
1060,25
1061,13
1062,20
1063,18
1064,28
1065,23
1066,12
1067,13
1068,22
1069,11
1070,19
1071,24
1072,13
1073,12
1074,25
1075,13
1076,11
1077,21
1078,23
1079,12
1080,20
1081,13
1082,17
1083,22
1084,18
1085,24
1086,25
1087,28
1088,13
1089,11
1090,12
1091,19
1092,13
1093,23
1094,21
1095,12
1096,24
1097,25
1098,11
1099,13
1100,20
1101,22
1102,18
1103,17
1104,13
1105,14
1106,14
1107,14
1108,12
1109,14
1110,14
1111,14
1112,14
1113,19
1114,23
1115,28
1116,26
1117,25
1118,14
1119,13
1120,24
1121,14
1122,14
1123,21
1124,12
1125,14
1126,22
1127,14
1128,13
1129,20
1130,14
1131,26
1132,14
1133,25
1134,12
1135,13
1136,14
1137,23
1138,24
1139,18
1140,29
1141,14
1142,19
1143,14
1144,13
1145,26
1146,21
1147,28
1148,22
1149,12
1150,14
1151,25
1152,14
1153,20
1154,13
1155,14
1156,24
1157,23
1158,12
1159,26
1160,14
1161,13
1162,18
1163,14
1164,25
1165,29
1166,19
1167,22
1168,21
1169,14
1170,12
1171,13
1172,26
1173,24
1174,14
1175,28
1176,23
1177,20
1178,14
1179,13
1180,25
1181,12
1182,14
1183,26
1184,22
1185,13
1186,21
1187,18
1188,24
1189,14
1190,19
1191,12
1192,29
1193,23
1194,14
1195,25
1196,13
1197,20
1198,26
1199,14
1200,28
1201,12
1202,13
1203,24
1204,22
1205,14
1206,21
1207,23
1208,25
1209,26
1210,14
1211,18
1212,19
1213,13
1214,12
1215,29
1216,14
1217,20
1218,24
1219,13
1220,14
1221,26
1222,22
1223,25
1224,12
1225,28
1226,23
1227,21
1228,14
1229,14
1230,14
1231,14
1232,14
1233,13
1234,14
1235,14
1236,14
1237,19
1238,30
1239,14
1240,26
1241,14
1242,14
1243,26
1244,24
1245,14
1246,20
1247,25
1248,29
1249,14
1250,13
1251,14
1252,22
1253,14
1254,23
1255,14
1256,14
1257,26
1258,21
1259,14
1260,26
1261,13
1262,14
1263,28
1264,14
1265,24
1266,25
1267,14
1268,19
1269,14
1270,30
1271,26
1272,14
1273,13
1274,20
1275,22
1276,23
1277,14
1278,26
1279,29
1280,14
1281,14
1282,21
1283,25
1284,24
1285,13
1286,14
1287,26
1288,14
1289,14
1290,28
1291,26
1292,14
1293,19
1294,13
1295,23
1296,14
1297,22
1298,20
1299,30
1300,26
1301,14
1302,25
1303,24
1304,14
1305,14
1306,21
1307,29
1308,13
1309,26
1310,14
1311,26
1312,14
1313,14
1314,23
1315,25
1316,22
1317,13
1318,28
1319,19
1320,14
1321,20
1322,24
1323,14
1324,26
1325,30
1326,26
1327,14
1328,21
1329,13
1330,14
1331,14
1332,29
1333,25
1334,23
1335,14
1336,26
1337,22
1338,26
1339,24
1340,14
1341,13
1342,19
1343,20
1344,14
1345,28
1346,30
1347,21
1348,14
1349,25
1350,14
1351,26
1352,13
1353,26
1354,23
1355,15
1356,15
1357,15
1358,24
1359,14
1360,15
1361,15
1362,29
1363,22
1364,14
1365,15
1366,15
1367,15
1368,15
1369,14
1370,27
1371,15
1372,26
1373,20
1374,25
1375,15
1376,30
1377,26
1378,14
1379,15
1380,21
1381,14
1382,15
1383,23
1384,30
1385,28
1386,15
1387,24
1388,27
1389,15
1390,14
1391,14
1392,26
1393,22
1394,15
1395,15
1396,25
1397,26
1398,29
1399,14
1400,15
1401,27
1402,14
1403,20
1404,15
1405,30
1406,21
1407,14
1408,23
1409,26
1410,24
1411,15
1412,15
1413,14
1414,30
1415,26
1416,27
1417,22
1418,25
1419,14
1420,28
1421,15
1422,15
1423,26
1424,14
1425,14
1426,29
1427,15
1428,24
1429,27
1430,20
1431,23
1432,21
1433,26
1434,15
1435,30
1436,14
1437,25
1438,14
1439,15
1440,22
1441,26
1442,30
1443,27
1444,14
1445,15
1446,28
1447,24
1448,14
1449,26
1450,15
1451,23
1452,14
1453,25
1454,26
1455,20
1456,21
1457,15
1458,29
1459,27
1460,30
1461,14
1462,22
1463,14
1464,15
1465,26
1466,15
1467,24
1468,30
1469,26
1470,27
1471,14
1472,14
1473,25
1474,23
1475,15
1476,28
1477,21
1478,20
1479,14
1480,15
1481,26
1482,22
1483,14
1484,27
1485,29
1486,30
1487,26
1488,15
1489,15
1490,15
1491,15
1492,15
1493,15
1494,24
1495,15
1496,14
1497,15
1498,25
1499,15
1500,23
1501,15
1502,15
1503,15
1504,27
1505,30
1506,15
1507,27
1508,15
1509,14
1510,26
1511,26
1512,15
1513,15
1514,21
1515,31
1516,28
1517,15
1518,22
1519,15
1520,27
1521,24
1522,25
1523,15
1524,14
1525,15
1526,30
1527,29
1528,27
1529,15
1530,23
1531,15
1532,26
1533,26
1534,15
1535,27
1536,14
1537,15
1538,30
1539,15
1540,15
1541,21
1542,27
1543,25
1544,24
1545,22
1546,31
1547,15
1548,14
1549,15
1550,26
1551,27
1552,28
1553,15
1554,26
1555,23
1556,30
1557,15
1558,29
1559,15
1560,27
1561,14
1562,15
1563,27
1564,25
1565,15
1566,24
1567,26
1568,15
1569,30
1570,21
1571,22
1572,14
1573,26
1574,15
1575,31
1576,27
1577,15
1578,23
1579,15
1580,27
1581,28
1582,30
1583,15
1584,14
1585,26
1586,25
1587,15
1588,29
1589,15
1590,24
1591,27
1592,26
1593,27
1594,21
1595,22
1596,14
1597,15
1598,15
1599,30
1600,31
1601,23
1602,15
1603,26
1604,15
1605,27
1606,27
1607,25
1608,14
1609,15
1610,26
1611,30
1612,24
1613,28
1614,15
1615,15
1616,29
1617,22
1618,14
1619,21
1620,15
1621,26
1622,27
1623,15
1624,15
1625,15
1626,15
1627,27
1628,15
1629,23
1630,15
1631,15
1632,15
1633,15
1634,31
1635,30
1636,25
1637,15
1638,26
1639,15
1640,15
1641,27
1642,15
1643,24
1644,15
1645,27
1646,15
1647,15
1648,15
1649,26
1650,30
1651,27
1652,15
1653,15
1654,22
1655,28
1656,27
1657,15
1658,31
1659,15
1660,15
1661,23
1662,25
1663,26
1664,29
1665,15
1666,27
1667,15
1668,15
1669,31
1670,27
1671,24
1672,30
1673,26
1674,15
1675,15
1676,27
1677,15
1678,15
1679,27
1680,15
1681,30
1682,26
1683,15
1684,22
1685,25
1686,15
1687,15
1688,23
1689,27
1690,31
1691,27
1692,15
1693,26
1694,28
1695,24
1696,15
1697,29
1698,15
1699,15
1700,27
1701,31
1702,27
1703,15
1704,30
1705,15
1706,26
1707,27
1708,15
1709,25
1710,15
1711,26
1712,22
1713,23
1714,30
1715,27
1716,15
1717,15
1718,27
1719,31
1720,24
1721,15
1722,15
1723,15
1724,27
1725,15
1726,28
1727,26
1728,31
1729,29
1730,27
1731,27
1732,25
1733,26
1734,15
1735,15
1736,15
1737,30
1738,23
1739,22
1740,15
1741,24
1742,27
1743,30
1744,15
1745,31
1746,27
1747,15
1748,15
1749,27
1750,26
1751,26
1752,15
1753,25
1754,15
1755,31
1756,15
1757,15
1758,15
1759,27
1760,15
1761,28
1762,15
1763,27
1764,15
1765,29
1766,15
1767,27
1768,15
1769,27
1770,23
1771,15
1772,15
1773,31
1774,30
1775,15
1776,24
1777,15
1778,15
1779,26
1780,15
1781,26
1782,27
1783,31
1784,15
1785,30
1786,15
1787,15
1788,27
1789,15
1790,25
1791,15
1792,27
1793,27
1794,15
1795,15
1796,15
1797,27
1798,31
1799,15
1800,15
1801,23
1802,27
1803,26
1804,26
1805,24
1806,31
1807,15
1808,15
1809,28
1810,29
1811,15
1812,30
1813,27
1814,15
1815,27
1816,27
1817,25
1818,15
1819,31
1820,15
1821,30
1822,15
1823,27
1824,15
1825,15
1826,15
1827,26
1828,27
1829,26
1830,15
1831,31
1832,27
1833,23
1834,24
1835,27
1836,15
1837,31
1838,15
1839,15
1840,27
1841,25
1842,15
1843,29
1844,27
1845,28
1846,15
1847,30
1848,31
1849,15
1850,27
1851,15
1852,26
1853,30
1854,26
1855,15
1856,15
1857,27
1858,27
1859,27
1860,23
1861,24
1862,15
1863,31
1864,15
1865,31
1866,15
1867,25
1868,15
1869,27
1870,26
1871,27
1872,15
1873,27
1874,15
1875,15
1876,27
1877,31
1878,26
1879,29
1880,30
1881,28
1882,15
1883,30
1884,24
1885,15
1886,23
1887,15
1888,27
1889,15
1890,27
1891,25
1892,27
1893,31
1894,31
1895,26
1896,15
1897,15
1898,27
1899,32
1900,32
1901,32
1902,32
1903,26
1904,32
1905,27
1906,32
1907,15
1908,32
1909,27
1910,32
1911,31
1912,27
1913,15
1914,32
1915,27
1916,32
1917,32
1918,24
1919,32
1920,29
1921,30
1922,31
1923,32
1924,25
1925,28
1926,27
1927,26
1928,32
1929,30
1930,27
1931,15
1932,32
1933,27
1934,32
1935,31
1936,32
1937,26
1938,31
1939,27
1940,27
1941,32
1942,32
1943,27
1944,32
1945,32
1946,32
1947,32
1948,27
1949,31
1950,27
1951,24
1952,32
1953,26
1954,25
1955,32
1956,31
1957,32
1958,27
1959,27
1960,32
1961,27
1962,30
1963,29
1964,32
1965,26
1966,30
1967,28
1968,31
1969,27
1970,32
1971,32
1972,32
1973,31
1974,32
1975,32
1976,27
1977,27
1978,26
1979,32
1980,32
1981,24
1982,32
1983,27
1984,25
1985,31
1986,32
1987,27
1988,31
1989,32
1990,32
1991,26
1992,32
1993,32
1994,27
1995,32
1996,30
1997,31
1998,27
1999,32
2000,29
2001,30
2002,26
2003,32
2004,27
2005,32
2006,32
2007,28
2008,31
2009,32
2010,32
2011,25
2012,24
2013,32
2014,26
2015,31
2016,32
2017,31
2018,32
2019,32
2020,32
2021,32
2022,27
2023,32
2024,27
2025,32
2026,26
2027,31
2028,32
2029,32
2030,30
2031,30
2032,32
2033,32
2034,32
2035,29
2036,25
2037,32
2038,24
2039,31
2040,32
2041,26
2042,32
2043,28
2044,32
2045,32
2046,27
2047,32
2048,32
2049,32
2050,32
2051,31
2052,32
2053,32
2054,31
2055,32
2056,32
2057,32
2058,26
2059,32
2060,32
2061,32
2062,32
2063,32
2064,32
2065,32
2066,32
2067,32
2068,31
2069,32
2070,32
2071,25
2072,32
2073,32
2074,32
2075,26
2076,32
2077,27
2078,31
2079,32
2080,32
2081,30
2082,30
2083,32
2084,32
2085,31
2086,29
2087,32
2088,32
2089,26
2090,32
2091,31
2092,32
2093,32
2094,32
2095,31
2096,28
2097,32
2098,32
2099,32
2100,32
2101,32
2102,32
2103,32
2104,32
2105,32
2106,25
2107,31
2108,32
2109,26
2110,32
2111,32
2112,31
2113,32
2114,32
2115,26
2116,32
2117,32
2118,32
2119,30
2120,30
2121,32
2122,31
2123,31
2124,32
2125,32
2126,29
2127,32
2128,32
2129,31
2130,32
2131,32
2132,32
2133,32
2134,32
2135,25
2136,32
2137,28
2138,26
2139,32
2140,32
2141,31
2142,31
2143,32
2144,32
2145,32
2146,32
2147,32
2148,32
2149,32
2150,32
2151,32
2152,32
2153,31
2154,32
2155,32
2156,30
2157,32
2158,32
2159,31
2160,30
2161,31
2162,26
2163,32
2164,25
2165,29
2166,32
2167,32
2168,32
2169,32
2170,32
2171,32
2172,32
2173,31
2174,31
2175,32
2176,32
2177,28
2178,32
2179,32
2180,32
2181,32
2182,32
2183,31
2184,32
2185,32
2186,32
2187,32
2188,32
2189,32
2190,32
2191,32
2192,32
2193,32
2194,30
2195,31
2196,32
2197,31
2198,32
2199,32
2200,32
2201,32
2202,30
2203,32
2204,32
2205,31
2206,32
2207,32
2208,32
2209,32
2210,32
2211,31
2212,32
2213,32
2214,29
2215,32
2216,31
2217,32
2218,32
2219,32
2220,32
2221,32
2222,32
2223,32
2224,32
2225,32
2226,28
2227,31
2228,32
2229,32
2230,32
2231,32
2232,32
2233,32
2234,32
2235,32
2236,32
2237,32
2238,32
2239,32
2240,32
2241,32
2242,31
2243,30
2244,32
2245,32
2246,32
2247,31
2248,31
2249,30
2250,32
2251,32
2252,32
2253,31
2254,32
2255,32
2256,32
2257,32
2258,29
2259,32
2260,32
2261,32
2262,32
2263,32
2264,32
2265,32
2266,31
2267,32
2268,32
2269,32
2270,32
2271,32
2272,28
2273,32
2274,32
2275,32
2276,32
2277,32
2278,32
2279,32
2280,32
2281,31
2282,31
2283,30
2284,32
2285,32
2286,32
2287,32
2288,32
2289,32
2290,31
2291,30
2292,32
2293,32
2294,32
2295,32
2296,32
2297,32
2298,31
2299,32
2300,29
2301,32
2302,32
2303,32
2304,32
2305,32
2306,32
2307,32
2308,32
2309,32
2310,32
2311,32
2312,32
2313,28
2314,32
2315,31
2316,31
2317,32
2318,32
2319,32
2320,32
2321,32
2322,30
2323,32
2324,32
2325,31
2326,32
2327,32
2328,30
2329,32
2330,32
2331,32
2332,32
2333,32
2334,32
2335,32
2336,32
2337,32
2338,32
2339,32
2340,32
2341,29
2342,32
2343,32
2344,32
2345,32
2346,32
2347,32
2348,32
2349,32
2350,32
2351,32
2352,32
2353,32
2354,32
2355,32
2356,32
2357,32
2358,32
2359,32
2360,32
2361,32
2362,32
2363,32
2364,31
2365,32
2366,31
2367,28
2368,32
2369,32
2370,32
2371,30
2372,32
2373,32
2374,32
2375,32
2376,32
2377,32
2378,32
2379,32
2380,32
2381,30
2382,32
2383,32
2384,32
2385,32
2386,32
2387,32
2388,32
2389,32
2390,32
2391,32
2392,32
2393,32
2394,32
2395,32
2396,29
2397,32
2398,32
2399,32
2400,32
2401,32
2402,32
2403,32
2404,32
2405,32
2406,31
2407,32
2408,31
2409,32
2410,32
2411,32
2412,32
2413,28
2414,32
2415,30
2416,32
2417,32
2418,32
2419,32
2420,32
2421,32
2422,32
2423,32
2424,32
2425,32
2426,30
2427,32
2428,32
2429,32
2430,32
2431,32
2432,32
2433,32
2434,32
2435,32
2436,32
2437,32
2438,29
2439,32
2440,32
2441,32
2442,32
2443,32
2444,32
2445,32
2446,32
2447,32
2448,32
2449,31
2450,32
2451,32
2452,32
2453,32
2454,32
2455,30
2456,32
2457,32
2458,28
2459,32
2460,32
2461,32
2462,32
2463,32
2464,32
2465,32
2466,32
2467,32
2468,30
2469,32
2470,32
2471,32
2472,32
2473,32
2474,32
2475,32
2476,32
2477,32
2478,32
2479,32
2480,29
2481,32
2482,32
2483,32
2484,32
2485,32
2486,32
2487,32
2488,32
2489,32
2490,32
2491,32
2492,32
2493,32
2494,32
2495,32
2496,32
2497,32
2498,32
2499,32
2500,32
2501,32
2502,32
2503,30
2504,32
2505,32
2506,32
2507,32
2508,32
2509,32
2510,28
2511,32
2512,32
2513,32
2514,32
2515,32
2516,32
2517,30
2518,32
2519,32
2520,32
2521,32
2522,32
2523,32
2524,32
2525,33
2526,32
2527,32
2528,33
2529,32
2530,32
2531,32
2532,32
2533,32
2534,33
2535,32
2536,32
2537,32
2538,33
2539,33
2540,29
2541,32
2542,32
2543,33
2544,32
2545,32
2546,32
2547,32
2548,33
2549,33
2550,32
2551,32
2552,32
2553,32
2554,33
2555,32
2556,32
2557,32
2558,33
2559,33
2560,32
2561,33
2562,32
2563,28
2564,32
2565,32
2566,33
2567,30
2568,33
2569,33
2570,32
2571,32
2572,32
2573,33
2574,32
2575,32
2576,32
2577,32
2578,33
2579,32
2580,32
2581,33
2582,32
2583,32
2584,33
2585,32
2586,32
2587,32
2588,29
2589,33
2590,32
2591,33
2592,33
2593,32
2594,32
2595,32
2596,32
2597,32
2598,32
2599,33
2600,33
2601,32
2602,33
2603,33
2604,32
2605,33
2606,32
2607,28
2608,32
2609,33
2610,32
2611,32
2612,32
2613,32
2614,33
2615,33
2616,33
2617,32
2618,33
2619,32
2620,32
2621,32
2622,33
2623,32
2624,32
2625,32
2626,32
2627,33
2628,33
2629,32
2630,32
2631,33
2632,29
2633,33
2634,32
2635,33
2636,33
2637,33
2638,32
2639,32
2640,32
2641,33
2642,33
2643,33
2644,33
2645,33
2646,33
2647,32
2648,32
2649,32
2650,33
2651,32
2652,33
2653,33
2654,33
2655,33
2656,33
2657,32
2658,33
2659,32
2660,33
2661,32
2662,28
2663,33
2664,32
2665,32
2666,33
2667,33
2668,32
2669,32
2670,33
2671,33
2672,33
2673,33
2674,33
2675,32
2676,33
2677,33
2678,32
2679,33
2680,32
2681,33
2682,32
2683,33
2684,32
2685,32
2686,32
2687,33
2688,33
2689,33
2690,32
2691,33
2692,33
2693,32
2694,33
2695,33
2696,32
2697,32
2698,33
2699,33
2700,33
2701,33
2702,33
2703,32
2704,32
2705,33
2706,32
2707,32
2708,33
2709,33
2710,33
2711,32
2712,32
2713,32
2714,32
2715,33
2716,33
2717,33
2718,33
2719,28
2720,33
2721,32
2722,32
2723,33
2724,33
2725,32
2726,32
2727,32
2728,33
2729,32
2730,33
2731,33
2732,33
2733,33
2734,33
2735,33
2736,33
2737,32
2738,33
2739,33
2740,33
2741,33
2742,32
2743,32
2744,33
2745,32
2746,32
2747,33
2748,33
2749,32
2750,32
2751,32
2752,32
2753,33
2754,33
2755,32
2756,32
2757,33
2758,33
2759,33
2760,32
2761,33
2762,33
2763,33
2764,32
2765,32
2766,33
2767,32
2768,33
2769,33
2770,32
2771,33
2772,33
2773,33
2774,33
2775,32
2776,33
2777,33
2778,32
2779,32
2780,33
2781,33
2782,33
2783,33
2784,32
2785,32
2786,32
2787,33
2788,32
2789,32
2790,33
2791,32
2792,33
2793,33
2794,32
2795,33
2796,33
2797,33
2798,33
2799,32
2800,32
2801,34
2802,34
2803,33
2804,34
2805,34
2806,34
2807,33
2808,34
2809,34
2810,32
2811,33
2812,34
2813,33
2814,32
2815,33
2816,32
2817,34
2818,33
2819,34
2820,33
2821,32
2822,34
2823,32
2824,32
2825,34
2826,33
2827,33
2828,34
2829,34
2830,33
2831,33
2832,33
2833,34
2834,32
2835,34
2836,32
2837,32
2838,32
2839,33
2840,34
2841,34
2842,32
2843,32
2844,34
2845,32
2846,32
2847,33
2848,34
2849,33
2850,33
2851,33
2852,34
2853,34
2854,33
2855,33
2856,33
2857,34
2858,32
2859,32
2860,33
2861,34
2862,32
2863,34
2864,34
2865,33
2866,34
2867,34
2868,32
2869,32
2870,34
2871,33
2872,33
2873,34
2874,32
2875,34
2876,33
2877,34
2878,32
2879,33
2880,32
2881,32
2882,33
2883,32
2884,34
2885,34
2886,34
2887,32
2888,33
2889,33
2890,32
2891,34
2892,34
2893,33
2894,32
2895,33
2896,33
2897,34
2898,32
2899,32
2900,34
2901,33
2902,34
2903,34
2904,32
2905,33
2906,34
2907,34
2908,33
2909,34
2910,32
2911,34
2912,33
2913,33
2914,32
2915,34
2916,32
2917,34
2918,34
2919,34
2920,32
2921,32
2922,33
2923,34
2924,33
2925,32
2926,32
2927,33
2928,33
2929,34
2930,33
2931,32
2932,34
2933,33
2934,32
2935,32
2936,34
2937,34
2938,34
2939,34
2940,34
2941,32
2942,34
2943,34
2944,33
2945,32
2946,32
2947,33
2948,34
2949,33
2950,33
2951,33
2952,34
2953,33
2954,34
2955,34
2956,34
2957,32
2958,34
2959,34
2960,34
2961,33
2962,32
2963,34
2964,34
2965,34
2966,34
2967,32
2968,34
2969,33
2970,32
2971,34
2972,34
2973,32
2974,32
2975,34
2976,34
2977,34
2978,34
2979,32
2980,34
2981,34
2982,34
2983,34
2984,32
2985,33
2986,34
2987,34
2988,33
2989,34
2990,33
2991,34
2992,32
2993,34
2994,34
2995,33
2996,34
2997,34
2998,33
2999,32
3000,34
3001,33
3002,34
3003,34
3004,32
3005,34
3006,34
3007,34
3008,32
3009,33
3010,34
3011,34
3012,32
3013,34
3014,32
3015,34
3016,34
3017,32
3018,33
3019,34
3020,34
3021,33
3022,34
3023,34
3024,32
3025,34
3026,33
3027,33
3028,32
3029,34
3030,34
3031,32
3032,34
3033,33
3034,33
3035,33
3036,34
3037,32
3038,34
3039,34
3040,35
3041,34
3042,34
3043,35
3044,34
3045,34
3046,34
3047,34
3048,33
3049,32
3050,35
3051,32
3052,34
3053,32
3054,32
3055,33
3056,33
3057,35
3058,35
3059,33
3060,32
3061,34
3062,33
3063,33
3064,32
3065,34
3066,34
3067,35
3068,34
3069,34
3070,33
3071,32
3072,35
3073,34
3074,33
3075,35
3076,34
3077,32
3078,35
3079,35
3080,32
3081,32
3082,34
3083,34
3084,35
3085,34
3086,33
3087,35
3088,33
3089,34
3090,33
3091,34
3092,35
3093,34
3094,35
3095,33
3096,32
3097,35
3098,32
3099,33
3100,34
3101,32
3102,34
3103,32
3104,33
3105,32
3106,35
3107,34
3108,34
3109,35
3110,33
3111,32
3112,35
3113,35
3114,32
3115,34
3116,35
3117,35
3118,34
3119,35
3120,35
3121,34
3122,35
3123,33
3124,35
3125,34
3126,35
3127,35
3128,32
3129,35
3130,33
3131,35
3132,34
3133,35
3134,34
3135,32
3136,35
3137,35
3138,34
3139,35
3140,35
3141,35
3142,32
3143,35
3144,33
3145,35
3146,33
3147,35
3148,33
3149,33
3150,35
3151,35
3152,34
3153,35
3154,35
3155,35
3156,33
3157,34
3158,32
3159,35
3160,32
3161,35
3162,34
3163,32
3164,35
3165,34
3166,34
3167,35
3168,32
3169,35
3170,33
3171,35
3172,32
3173,35
3174,34
3175,34
3176,35
3177,35
3178,35
3179,35
3180,35
3181,32
3182,34
3183,35
3184,32
3185,35
3186,33
3187,35
3188,34
3189,35
3190,32
3191,35
3192,33
3193,35
3194,33
3195,35
3196,33
3197,35
3198,34
3199,32
3200,34
3201,33
3202,35
3203,35
3204,34
3205,35
3206,33
3207,35
3208,34
3209,35
3210,33
3211,34
3212,35
3213,32
3214,35
3215,35
3216,35
3217,34
3218,35
3219,32
3220,32
3221,35
3222,35
3223,34
3224,32
3225,35
3226,35
3227,34
3228,35
3229,35
3230,35
3231,35
3232,34
3233,34
3234,35
3235,33
3236,33
3237,35
3238,32
3239,32
3240,32
3241,35
3242,33
3243,33
3244,36
3245,34
3246,35
3247,34
3248,35
3249,33
3250,35
3251,35
3252,36
3253,33
3254,35
3255,32
3256,35
3257,36
3258,32
3259,34
3260,34
3261,35
3262,35
3263,35
3264,34
3265,33
3266,35
3267,34
3268,36
3269,32
3270,36
3271,35
3272,35
3273,35
3274,36
3275,33
3276,33
3277,34
3278,35
3279,33
3280,36
3281,32
3282,36
3283,36
3284,36
3285,36
3286,36
3287,33
3288,35
3289,32
3290,36
3291,36
3292,34
3293,36
3294,32
3295,35
3296,36
3297,35
3298,36
3299,32
3300,35
3301,34
3302,36
3303,36
3304,34
3305,36
3306,36
3307,33
3308,35
3309,36
3310,34
3311,36
3312,34
3313,35
3314,36
3315,35
3316,36
3317,32
3318,36
3319,36
3320,32
3321,36
3322,36
3323,33
3324,35
3325,34
3326,36
3327,35
3328,36
3329,35
3330,33
3331,33
3332,35
3333,36
3334,32
3335,33
3336,36
3337,36
3338,36
3339,34
3340,36
3341,35
3342,34
3343,36
3344,33
3345,36
3346,35
3347,33
3348,34
3349,34
3350,36
3351,36
3352,35
3353,36
3354,32
3355,32
3356,35
3357,36
3358,33
3359,36
3360,35
3361,35
3362,36
3363,36
3364,32
3365,36
3366,34
3367,36
3368,36
3369,35
3370,36
3371,36
3372,32
3373,32
3374,34
3375,34
3376,33
3377,33
3378,36
3379,35
3380,36
3381,36
3382,34
3383,33
3384,35
3385,36
3386,36
3387,35
3388,36
3389,34
3390,34
3391,35
3392,32
3393,33
3394,36
3395,36
3396,36
3397,36
3398,36
3399,36
3400,33
3401,36
3402,34
3403,33
3404,35
3405,36
3406,32
3407,35
3408,35
3409,36
3410,35
3411,36
3412,32
3413,36
3414,36
3415,36
3416,34
3417,35
3418,34
3419,32
3420,36
3421,36
3422,34
3423,34
3424,36
3425,36
3426,33
3427,33
3428,33
3429,34
3430,36
3431,32
3432,37
3433,36
3434,36
3435,36
3436,35
3437,33
3438,35
3439,35
3440,34
3441,37
3442,36
3443,36
3444,35
3445,32
3446,37
3447,37
3448,37
3449,36
3450,37
3451,35
3452,37
3453,37
3454,33
3455,37
3456,37
3457,37
3458,33
3459,37
3460,36
3461,37
3462,35
3463,37
3464,34
3465,37
3466,32
3467,36
3468,37
3469,34
3470,37
3471,34
3472,36
3473,36
3474,36
3475,37
3476,36
3477,34
3478,37
3479,32
3480,37
3481,33
3482,35
3483,35
3484,37
3485,36
3486,33
3487,37
3488,37
3489,32
3490,35
3491,34
3492,35
3493,33
3494,37
3495,37
3496,37
3497,33
3498,37
3499,36
3500,36
3501,32
3502,37
3503,37
3504,37
3505,36
3506,36
3507,36
3508,35
3509,37
3510,37
3511,32
3512,33
3513,37
3514,33
3515,37
3516,34
3517,35
3518,34
3519,35
3520,37
3521,37
3522,34
3523,34
3524,36
3525,36
3526,37
3527,37
3528,37
3529,36
3530,35
3531,33
3532,37
3533,34
3534,36
3535,35
3536,37
3537,37
3538,36
3539,33
3540,37
3541,37
3542,32
3543,36
3544,33
3545,35
3546,33
3547,37
3548,37
3549,37
3550,32
3551,35
3552,37
3553,37
3554,36
3555,35
3556,36
3557,37
3558,36
3559,32
3560,34
3561,34
3562,35
3563,37
3564,37
3565,36
3566,35
3567,33
3568,37
3569,37
3570,34
3571,33
3572,37
3573,37
3574,33
3575,37
3576,35
3577,37
3578,34
3579,37
3580,37
3581,36
3582,36
3583,36
3584,33
3585,35
3586,36
3587,37
3588,37
3589,35
3590,37
3591,33
3592,37
3593,37
3594,36
3595,34
3596,38
3597,37
3598,33
3599,35
3600,34
3601,37
3602,32
3603,37
3604,35
3605,34
3606,38
3607,37
3608,32
3609,38
3610,38
3611,38
3612,36
3613,35
3614,38
3615,38
3616,37
3617,34
3618,38
3619,37
3620,33
3621,38
3622,37
3623,37
3624,38
3625,36
3626,36
3627,32
3628,38
3629,33
3630,38
3631,35
3632,38
3633,37
3634,36
3635,36
3636,34
3637,38
3638,38
3639,33
3640,38
3641,38
3642,37
3643,38
3644,37
3645,37
3646,38
3647,38
3648,35
3649,37
3650,33
3651,37
3652,38
3653,33
3654,34
3655,37
3656,38
3657,38
3658,35
3659,35
3660,38
3661,36
3662,38
3663,34
3664,38
3665,36
3666,35
3667,36
3668,38
3669,33
3670,37
3671,38
3672,38
3673,34
3674,36
3675,38
3676,37
3677,35
3678,37
3679,37
3680,32
3681,34
3682,38
3683,38
3684,37
3685,38
3686,32
3687,38
3688,38
3689,34
3690,33
3691,33
3692,36
3693,38
3694,37
3695,38
3696,36
3697,38
3698,36
3699,38
3700,33
3701,38
3702,36
3703,37
3704,38
3705,35
3706,35
3707,37
3708,38
3709,38
3710,35
3711,34
3712,33
3713,35
3714,36
3715,33
3716,37
3717,38
3718,35
3719,38
3720,37
3721,38
3722,38
3723,38
3724,34
3725,38
3726,33
3727,36
3728,36
3729,38
3730,37
3731,37
3732,38
3733,37
3734,34
3735,36
3736,38
3737,38
3738,34
3739,38
3740,38
3741,37
3742,38
3743,32
3744,33
3745,38
3746,33
3747,38
3748,35
3749,36
3750,35
3751,35
3752,33
3753,38
3754,38
3755,38
3756,36
3757,35
3758,37
3759,38
3760,33
3761,34
3762,37
3763,34
3764,37
3765,38
3766,37
3767,39
3768,38
3769,38
3770,36
3771,33
3772,35
3773,36
3774,38
3775,37
3776,39
3777,39
3778,38
3779,39
3780,39
3781,39
3782,39
3783,39
3784,39
3785,33
3786,39
3787,38
3788,39
3789,39
3790,38
3791,36
3792,34
3793,38
3794,39
3795,34
3796,37
3797,39
3798,38
3799,35
3800,36
3801,39
3802,39
3803,35
3804,39
3805,38
3806,37
3807,36
3808,37
3809,34
3810,39
3811,39
3812,38
3813,37
3814,39
3815,35
3816,39
3817,37
3818,32
3819,39
3820,33
3821,36
3822,38
3823,34
3824,38
3825,33
3826,39
3827,39
3828,39
3829,38
3830,38
3831,37
3832,39
3833,34
3834,35
3835,33
3836,39
3837,39
3838,36
3839,39
3840,39
3841,33
3842,39
3843,37
3844,38
3845,37
3846,39
3847,37
3848,36
3849,35
3850,38
3851,39
3852,34
3853,38
3854,39
3855,34
3856,36
3857,39
3858,33
3859,38
3860,35
3861,37
3862,39
3863,39
3864,38
3865,36
3866,39
3867,35
3868,39
3869,38
3870,34
3871,39
3872,39
3873,39
3874,39
3875,39
3876,37
3877,34
3878,37
3879,37
3880,38
3881,38
3882,39
3883,37
3884,35
3885,33
3886,33
3887,34
3888,39
3889,33
3890,39
3891,39
3892,39
3893,38
3894,36
3895,38
3896,39
3897,33
3898,37
3899,36
3900,36
3901,39
3902,39
3903,33
3904,35
3905,36
3906,35
3907,39
3908,39
3909,34
3910,38
3911,38
3912,39
3913,37
3914,38
3915,34
3916,39
3917,39
3918,35
3919,39
3920,37
3921,39
3922,37
3923,38
3924,39
3925,40
3926,34
3927,39
3928,39
3929,35
3930,40
3931,35
3932,37
3933,38
3934,36
3935,38
3936,39
3937,36
3938,39
3939,39
3940,36
3941,39
3942,40
3943,40
3944,40
3945,40
3946,34
3947,40
3948,37
3949,38
3950,40
3951,38
3952,40
3953,39
3954,40
3955,36
3956,33
3957,40
3958,33
3959,33
3960,40
3961,38
3962,40
3963,37
3964,40
3965,37
3966,35
3967,33
3968,40
3969,39
3970,40
3971,39
3972,39
3973,40
3974,34
3975,40
3976,33
3977,35
3978,40
3979,38
3980,39
3981,39
3982,40
3983,40
3984,37
3985,34
3986,40
3987,40
3988,40
3989,38
3990,40
3991,38
3992,36
3993,36
3994,39
3995,38
3996,35
3997,40
3998,40
3999,35
4000,40
4001,34
4002,37
4003,36
4004,39
4005,39
4006,40
4007,38
4008,39
4009,40
4010,40
4011,40
4012,37
4013,39
4014,36
4015,40
4016,34
4017,40
4018,40
4019,39
4020,40
4021,35
4022,37
4023,40
4024,40
4025,38
4026,40
4027,36
4028,40
4029,38
4030,33
4031,33
4032,38
4033,39
4034,39
4035,35
4036,40
4037,33
4038,33
4039,40
4040,34
4041,37
4042,39
4043,36
4044,40
4045,37
4046,38
4047,40
4048,40
4049,39
4050,40
4051,40
4052,34
4053,36
4054,40
4055,35
4056,37
4057,35
4058,40
4059,40
4060,39
4061,34
4062,39
4063,38
4064,40
4065,36
4066,39
4067,40
4068,38
4069,40
4070,38
4071,40
4072,40
4073,40
4074,39
4075,34
4076,41
4077,35
4078,40
4079,36
4080,38
4081,40
4082,41
4083,40
4084,37
4085,39
4086,37
4087,39
4088,37
4089,35
4090,40
4091,41
4092,37
4093,40
4094,40
4095,39
4096,38
4097,33
4098,33
4099,34
4100,36
4101,41
4102,33
4103,41
4104,34
4105,40
4106,39
4107,36
4108,38
4109,38
4110,34
4111,35
4112,41
4113,41
4114,41
4115,41
4116,41
4117,41
4118,40
4119,36
4120,40
4121,41
4122,40
4123,41
4124,41
4125,39
4126,41
4127,40
4128,34
4129,38
4130,41
4131,41
4132,40
4133,41
4134,41
4135,41
4136,39
4137,41
4138,37
4139,41
4140,37
4141,39
4142,36
4143,35
4144,41
4145,35
4146,41
4147,39
4148,38
4149,37
4150,40
4151,41
4152,40
4153,41
4154,38
4155,41
4156,41
4157,40
4158,40
4159,38
4160,36
4161,41
4162,41
4163,39
4164,35
4165,41
4166,41
4167,41
4168,36
4169,41
4170,38
4171,40
4172,36
4173,34
4174,39
4175,34
4176,41
4177,41
4178,41
4179,33
4180,41
4181,34
4182,35
4183,39
4184,39
4185,40
4186,41
4187,40
4188,41
4189,33
4190,34
4191,37
4192,41
4193,37
4194,41
4195,40
4196,38
4197,39
4198,34
4199,41
4200,40
4201,37
4202,36
4203,41
4204,41
4205,38
4206,41
4207,36
4208,41
4209,41
4210,35
4211,37
4212,41
4213,40
4214,40
4215,39
4216,39
4217,38
4218,41
4219,41
4220,39
4221,41
4222,41
4223,35
4224,41
4225,41
4226,40
4227,36
4228,42
4229,36
4230,41
4231,39
4232,41
4233,38
4234,42
4235,38
4236,41
4237,37
4238,40
4239,35
4240,40
4241,42
4242,38
4243,34
4244,42
4245,41
4246,34
4247,34
4248,40
4249,39
4250,37
4251,41
4252,33
4253,34
4254,41
4255,36
4256,42
4257,39
4258,40
4259,39
4260,42
4261,33
4262,41
4263,35
4264,36
4265,37
4266,42
4267,41
4268,41
4269,41
4270,35
4271,42
4272,40
4273,39
4274,42
4275,41
4276,41
4277,42
4278,42
4279,42
4280,42
4281,40
4282,38
4283,38
4284,37
4285,36
4286,35
4287,42
4288,42
4289,40
4290,42
4291,42
4292,42
4293,42
4294,38
4295,38
4296,40
4297,42
4298,42
4299,41
4300,42
4301,39
4302,42
4303,41
4304,39
4305,42
4306,37
4307,36
4308,41
4309,42
4310,41
4311,42
4312,40
4313,42
4314,42
4315,42
4316,36
4317,42
4318,39
4319,34
4320,42
4321,34
4322,37
4323,42
4324,42
4325,41
4326,34
4327,40
4328,35
4329,36
4330,42
4331,40
4332,40
4333,42
4334,34
4335,35
4336,41
4337,42
4338,42
4339,41
4340,42
4341,38
4342,42
4343,38
4344,42
4345,33
4346,39
4347,35
4348,40
4349,41
4350,42
4351,37
4352,38
4353,42
4354,36
4355,39
4356,41
4357,42
4358,42
4359,42
4360,35
4361,42
4362,42
4363,37
4364,42
4365,40
4366,41
4367,41
4368,39
4369,40
4370,42
4371,40
4372,36
4373,43
4374,42
4375,42
4376,42
4377,37
4378,41
4379,42
4380,42
4381,37
4382,43
4383,40
4384,38
4385,39
4386,43
4387,36
4388,43
4389,38
4390,42
4391,41
4392,42
4393,34
4394,41
4395,39
4396,34
4397,35
4398,43
4399,38
4400,34
4401,40
4402,41
4403,42
4404,35
4405,43
4406,42
4407,37
4408,43
4409,34
4410,40
4411,40
4412,41
4413,42
4414,35
4415,36
4416,38
4417,42
4418,43
4419,43
4420,34
4421,36
4422,42
4423,42
4424,43
4425,40
4426,41
4427,43
4428,42
4429,43
4430,37
4431,36
4432,37
4433,39
4434,39
4435,43
4436,41
4437,42
4438,41
4439,38
4440,39
4441,41
4442,43
4443,43
4444,43
4445,40
4446,42
4447,43
4448,42
4449,43
4450,40
4451,43
4452,38
4453,36
4454,43
4455,43
4456,43
4457,43
4458,42
4459,41
4460,43
4461,43
4462,43
4463,43
4464,37
4465,43
4466,43
4467,43
4468,35
4469,35
4470,43
4471,40
4472,38
4473,43
4474,34
4475,35
4476,37
4477,41
4478,43
4479,42
4480,34
4481,43
4482,41
4483,41
4484,43
4485,36
4486,43
4487,43
4488,42
4489,43
4490,39
4491,43
4492,42
4493,39
4494,34
4495,43
4496,40
4497,36
4498,40
4499,42
4500,43
4501,43
4502,38
4503,43
4504,39
4505,37
4506,40
4507,43
4508,34
4509,43
4510,36
4511,43
4512,43
4513,43
4514,43
4515,38
4516,43
4517,44
4518,41
4519,40
4520,42
4521,41
4522,42
4523,43
4524,41
4525,44
4526,37
4527,37
4528,44
4529,42
4530,43
4531,38
4532,43
4533,43
4534,43
4535,44
4536,44
4537,41
4538,39
4539,40
4540,37
4541,39
4542,44
4543,35
4544,42
4545,35
4546,44
4547,40
4548,35
4549,42
4550,43
4551,43
4552,39
4553,35
4554,44
4555,36
4556,41
4557,42
4558,38
4559,43
4560,43
4561,34
4562,44
4563,40
4564,44
4565,36
4566,41
4567,37
4568,42
4569,39
4570,44
4571,44
4572,34
4573,43
4574,36
4575,44
4576,43
4577,44
4578,41
4579,42
4580,43
4581,43
4582,44
4583,34
4584,44
4585,37
4586,38
4587,38
4588,40
4589,40
4590,44
4591,42
4592,42
4593,43
4594,39
4595,40
4596,42
4597,44
4598,41
4599,44
4600,44
4601,43
4602,37
4603,41
4604,39
4605,43
4606,44
4607,43
4608,43
4609,44
4610,38
4611,44
4612,44
4613,35
4614,36
4615,44
4616,44
4617,41
4618,44
4619,44
4620,39
4621,44
4622,35
4623,36
4624,44
4625,37
4626,44
4627,42
4628,44
4629,44
4630,35
4631,43
4632,44
4633,42
4634,36
4635,42
4636,44
4637,44
4638,43
4639,44
4640,44
4641,40
4642,35
4643,40
4644,43
4645,44
4646,44
4647,37
4648,41
4649,44
4650,41
4651,44
4652,43
4653,39
4654,40
4655,45
4656,38
4657,41
4658,44
4659,44
4660,34
4661,45
4662,37
4663,44
4664,45
4665,39
4666,44
4667,44
4668,45
4669,44
4670,42
4671,41
4672,43
4673,43
4674,44
4675,43
4676,45
4677,34
4678,42
4679,37
4680,45
4681,38
4682,45
4683,43
4684,39
4685,45
4686,44
4687,44
4688,44
4689,44
4690,42
4691,40
4692,45
4693,45
4694,41
4695,38
4696,40
4697,45
4698,36
4699,36
4700,36
4701,41
4702,44
4703,43
4704,40
4705,35
4706,45
4707,45
4708,45
4709,36
4710,44
4711,42
4712,43
4713,39
4714,44
4715,44
4716,35
4717,45
4718,41
4719,37
4720,42
4721,38
4722,43
4723,45
4724,39
4725,45
4726,45
4727,35
4728,37
4729,44
4730,45
4731,44
4732,42
4733,45
4734,43
4735,44
4736,34
4737,44
4738,45
4739,38
4740,39
4741,39
4742,45
4743,41
4744,41
4745,43
4746,43
4747,40
4748,41
4749,45
4750,45
4751,45
4752,43
4753,42
4754,34
4755,45
4756,42
4757,38
4758,40
4759,44
4760,45
4761,44
4762,45
4763,44
4764,44
4765,45
4766,39
4767,45
4768,36
4769,36
4770,42
4771,40
4772,36
4773,45
4774,45
4775,37
4776,45
4777,38
4778,43
4779,35
4780,43
4781,45
4782,37
4783,43
4784,45
4785,46
4786,46
4787,46
4788,44
4789,46
4790,41
4791,46
4792,45
4793,45
4794,35
4795,41
4796,44
4797,46
4798,42
4799,37
4800,46
4801,43
4802,45
4803,46
4804,44
4805,45
4806,39
4807,40
4808,46
4809,39
4810,42
4811,46
4812,35
4813,46
4814,38
4815,45
4816,45
4817,46
4818,46
4819,40
4820,45
4821,46
4822,45
4823,43
4824,42
4825,44
4826,44
4827,46
4828,44
4829,46
4830,35
4831,43
4832,45
4833,38
4834,46
4835,39
4836,46
4837,44
4838,40
4839,46
4840,45
4841,46
4842,45
4843,45
4844,43
4845,41
4846,46
4847,46
4848,42
4849,34
4850,39
4851,41
4852,46
4853,37
4854,46
4855,36
4856,42
4857,45
4858,37
4859,44
4860,41
4861,36
4862,46
4863,43
4864,37
4865,44
4866,45
4867,46
4868,40
4869,46
4870,45
4871,45
4872,46
4873,36
4874,42
4875,43
4876,38
4877,44
4878,39
4879,40
4880,46
4881,46
4882,35
4883,46
4884,38
4885,46
4886,46
4887,45
4888,43
4889,45
4890,45
4891,46
4892,46
4893,45
4894,35
4895,39
4896,38
4897,40
4898,42
4899,42
4900,44
4901,46
4902,44
4903,46
4904,42
4905,41
4906,46
4907,44
4908,46
4909,46
4910,43
4911,43
4912,35
4913,41
4914,45
4915,39
4916,46
4917,46
4918,46
4919,46
4920,45
4921,45
4922,40
4923,46
4924,46
4925,43
4926,37
4927,37
4928,41
4929,36
4930,37
4931,46
4932,46
4933,44
4934,39
4935,35
4936,47
4937,44
4938,46
4939,36
4940,44
4941,38
4942,45
4943,42
4944,46
4945,47
4946,42
4947,45
4948,36
4949,43
4950,46
4951,38
4952,44
4953,45
4954,46
4955,40
4956,41
4957,47
4958,47
4959,47
4960,47
4961,47
4962,43
4963,40
4964,47
4965,47
4966,36
4967,47
4968,39
4969,46
4970,47
4971,47
4972,47
4973,41
4974,47
4975,46
4976,44
4977,47
4978,46
4979,43
4980,45
4981,45
4982,47
4983,46
4984,44
4985,47
4986,35
4987,47
4988,39
4989,47
4990,47
4991,40
4992,45
4993,47
4994,41
4995,46
4996,46
4997,47
4998,46
4999,47
5000,44
5001,42
5002,47
5003,43
5004,47
5005,42
5006,39
5007,35
5008,47
5009,46
5010,47
5011,43
5012,45
5013,37
5014,37
5015,38
5016,42
5017,45
5018,47
5019,45
5020,37
5021,47
5022,38
5023,47
5024,41
5025,46
5026,46
5027,47
5028,47
5029,44
5030,44
5031,45
5032,36
5033,38
5034,40
5035,47
5036,35
5037,41
5038,47
5039,47
5040,47
5041,36
5042,47
5043,39
5044,46
5045,44
5046,46
5047,47
5048,46
5049,46
5050,47
5051,47
5052,43
5053,45
5054,43
5055,36
5056,41
5057,40
5058,47
5059,39
5060,45
5061,43
5062,42
5063,47
5064,45
5065,47
5066,47
5067,44
5068,47
5069,44
5070,46
5071,47
5072,42
5073,47
5074,40
5075,36
5076,46
5077,46
5078,47
5079,48
5080,47
5081,41
5082,44
5083,48
5084,38
5085,42
5086,38
5087,45
5088,47
5089,47
5090,37
5091,38
5092,40
5093,45
5094,47
5095,46
5096,35
5097,48
5098,37
5099,46
5100,39
5101,43
5102,47
5103,47
5104,43
5105,44
5106,48
5107,48
5108,45
5109,46
5110,37
5111,47
5112,39
5113,43
5114,41
5115,44
5116,48
5117,41
5118,47
5119,48
5120,35
5121,36
5122,48
5123,40
5124,48
5125,48
5126,48
5127,47
5128,48
5129,42
5130,45
5131,48
5132,47
5133,48
5134,44
5135,46
5136,46
5137,48
5138,47
5139,48
5140,45
5141,48
5142,48
5143,48
5144,48
5145,40
5146,36
5147,46
5148,48
5149,41
5150,47
5151,48
5152,42
5153,48
5154,47
5155,45
5156,48
5157,48
5158,43
5159,48
5160,44
5161,48
5162,43
5163,40
5164,47
5165,48
5166,47
5167,36
5168,44
5169,48
5170,46
5171,48
5172,38
5173,46
5174,38
5175,43
5176,48
5177,39
5178,48
5179,47
5180,47
5181,48
5182,38
5183,39
5184,42
5185,45
5186,45
5187,48
5188,46
5189,48
5190,37
5191,39
5192,41
5193,42
5194,48
5195,36
5196,48
5197,48
5198,48
5199,47
5200,48
5201,47
5202,45
5203,37
5204,40
5205,48
5206,47
5207,48
5208,48
5209,46
5210,44
5211,48
5212,46
5213,44
5214,49
5215,42
5216,41
5217,40
5218,37
5219,48
5220,47
5221,44
5222,43
5223,49
5224,48
5225,35
5226,46
5227,47
5228,48
5229,45
5230,48
5231,49
5232,43
5233,48
5234,47
5235,41
5236,49
5237,36
5238,48
5239,49
5240,42
5241,45
5242,49
5243,46
5244,48
5245,43
5246,49
5247,48
5248,46
5249,47
5250,38
5251,39
5252,41
5253,38
5254,39
5255,47
5256,49
5257,36
5258,48
5259,48
5260,38
5261,44
5262,40
5263,49
5264,44
5265,47
5266,46
5267,45
5268,48
5269,49
5270,37
5271,40
5272,44
5273,45
5274,42
5275,48
5276,49
5277,42
5278,49
5279,48
5280,47
5281,49
5282,40
5283,48
5284,37
5285,36
5286,49
5287,47
5288,48
5289,43
5290,45
5291,49
5292,49
5293,49
5294,46
5295,49
5296,49
5297,49
5298,49
5299,49
5300,49
5301,47
5302,49
5303,48
5304,41
5305,49
5306,48
5307,49
5308,37
5309,42
5310,49
5311,46
5312,43
5313,49
5314,49
5315,49
5316,44
5317,49
5318,45
5319,48
5320,48
5321,44
5322,49
5323,35
5324,49
5325,45
5326,41
5327,49
5328,47
5329,47
5330,49
5331,37
5332,49
5333,48
5334,49
5335,49
5336,44
5337,39
5338,47
5339,39
5340,39
5341,46
5342,49
5343,49
5344,46
5345,43
5346,38
5347,40
5348,49
5349,49
5350,49
5351,42
5352,48
5353,50
5354,49
5355,43
5356,40
5357,38
5358,48
5359,49
5360,46
5361,50
5362,36
5363,48
5364,41
5365,49
5366,38
5367,50
5368,47
5369,49
5370,47
5371,45
5372,49
5373,45
5374,50
5375,48
5376,43
5377,46
5378,42
5379,50
5380,44
5381,41
5382,50
5383,47
5384,48
5385,49
5386,37
5387,49
5388,46
5389,49
5390,48
5391,50
5392,36
5393,50
5394,44
5395,49
5396,50
5397,42
5398,37
5399,46
5400,50
5401,47
5402,50
5403,43
5404,49
5405,50
5406,48
5407,47
5408,44
5409,48
5410,49
5411,50
5412,49
5413,40
5414,39
5415,42
5416,40
5417,50
5418,39
5419,48
5420,50
5421,45
5422,47
5423,36
5424,50
5425,46
5426,45
5427,37
5428,41
5429,39
5430,49
5431,46
5432,50
5433,45
5434,50
5435,49
5436,43
5437,41
5438,38
5439,50
5440,49
5441,48
5442,43
5443,49
5444,48
5445,50
5446,47
5447,47
5448,44
5449,50
5450,41
5451,38
5452,48
5453,36
5454,50
5455,50
5456,50
5457,50
5458,49
5459,50
5460,50
5461,50
5462,50
5463,50
5464,50
5465,50
5466,50
5467,50
5468,47
5469,42
5470,50
5471,43
5472,50
5473,44
5474,49
5475,38
5476,49
5477,46
5478,50
5479,46
5480,50
5481,50
5482,50
5483,45
5484,48
5485,48
5486,46
5487,50
5488,50
5489,49
5490,51
5491,42
5492,36
5493,51
5494,49
5495,50
5496,45
5497,48
5498,51
5499,47
5500,37
5501,40
5502,51
5503,40
5504,50
5505,40
5506,50
5507,44
5508,49
5509,51
5510,41
5511,51
5512,39
5513,49
5514,50
5515,45
5516,50
5517,43
5518,47
5519,51
5520,41
5521,39
5522,51
5523,50
5524,51
5525,48
5526,50
5527,48
5528,37
5529,49
5530,42
5531,51
5532,36
5533,46
5534,39
5535,46
5536,51
5537,50
5538,47
5539,49
5540,51
5541,44
5542,48
5543,51
5544,45
5545,43
5546,50
5547,49
5548,42
5549,51
5550,47
5551,51
5552,50
5553,38
5554,51
5555,45
5556,51
5557,37
5558,50
5559,51
5560,49
5561,47
5562,51
5563,43
5564,49
5565,50
5566,48
5567,50
5568,50
5569,44
5570,51
5571,38
5572,45
5573,51
5574,51
5575,49
5576,51
5577,48
5578,46
5579,43
5580,41
5581,50
5582,40
5583,47
5584,46
5585,41
5586,40
5587,51
5588,51
5589,51
5590,47
5591,51
5592,36
5593,42
5594,38
5595,39
5596,46
5597,50
5598,50
5599,49
5600,51
5601,49
5602,44
5603,51
5604,42
5605,48
5606,48
5607,39
5608,44
5609,51
5610,49
5611,50
5612,51
5613,51
5614,45
5615,51
5616,51
5617,42
5618,51
5619,51
5620,51
5621,51
5622,51
5623,51
5624,39
5625,52
5626,48
5627,37
5628,50
5629,52
5630,50
5631,52
5632,51
5633,51
5634,52
5635,36
5636,43
5637,44
5638,51
5639,51
5640,45
5641,47
5642,47
5643,51
5644,49
5645,52
5646,49
5647,52
5648,47
5649,46
5650,38
5651,52
5652,50
5653,52
5654,49
5655,52
5656,51
5657,51
5658,48
5659,43
5660,46
5661,50
5662,52
5663,52
5664,51
5665,37
5666,50
5667,52
5668,51
5669,45
5670,38
5671,41
5672,52
5673,52
5674,41
5675,51
5676,41
5677,48
5678,51
5679,42
5680,46
5681,52
5682,49
5683,40
5684,44
5685,49
5686,50
5687,52
5688,52
5689,42
5690,51
5691,51
5692,40
5693,52
5694,52
5695,47
5696,51
5697,47
5698,48
5699,49
5700,43
5701,50
5702,51
5703,52
5704,38
5705,52
5706,37
5707,47
5708,45
5709,39
5710,48
5711,52
5712,44
5713,52
5714,51
5715,43
5716,52
5717,52
5718,50
5719,46
5720,50
5721,49
5722,52
5723,51
5724,39
5725,51
5726,52
5727,49
5728,52
5729,52
5730,44
5731,50
5732,37
5733,52
5734,45
5735,51
5736,46
5737,49
5738,52
5739,52
5740,52
5741,39
5742,52
5743,48
5744,36
5745,48
5746,47
5747,51
5748,51
5749,44
5750,52
5751,48
5752,42
5753,52
5754,50
5755,50
5756,41
5757,42
5758,41
5759,47
5760,52
5761,51
5762,52
5763,52
5764,43
5765,51
5766,50
5767,49
5768,46
5769,37
5770,40
5771,38
5772,52
5773,52
5774,43
5775,53
5776,45
5777,53
5778,53
5779,53
5780,46
5781,51
5782,53
5783,40
5784,53
5785,51
5786,53
5787,52
5788,53
5789,49
5790,53
5791,52
5792,52
5793,43
5794,52
5795,53
5796,53
5797,50
5798,53
5799,50
5800,53
5801,40
5802,48
5803,48
5804,51
5805,53
5806,38
5807,46
5808,52
5809,49
5810,45
5811,52
5812,44
5813,53
5814,47
5815,53
5816,50
5817,51
5818,53
5819,37
5820,52
5821,49
5822,51
5823,53
5824,52
5825,39
5826,53
5827,53
5828,47
5829,53
5830,44
5831,52
5832,53
5833,49
5834,51
5835,53
5836,53
5837,46
5838,52
5839,51
5840,38
5841,50
5842,53
5843,52
5844,53
5845,47
5846,42
5847,42
5848,39
5849,52
5850,42
5851,53
5852,52
5853,43
5854,45
5855,53
5856,51
5857,41
5858,48
5859,50
5860,43
5861,49
5862,53
5863,48
5864,53
5865,37
5866,53
5867,52
5868,41
5869,49
5870,53
5871,48
5872,44
5873,53
5874,46
5875,52
5876,51
5877,52
5878,53
5879,51
5880,39
5881,53
5882,53
5883,46
5884,40
5885,50
5886,37
5887,50
5888,53
5889,44
5890,47
5891,52
5892,52
5893,53
5894,53
5895,53
5896,53
5897,40
5898,50
5899,45
5900,53
5901,52
5902,52
5903,53
5904,46
5905,47
5906,49
5907,49
5908,38
5909,51
5910,53
5911,51
5912,53
5913,53
5914,53
5915,48
5916,49
5917,52
5918,53
5919,40
5920,53
5921,45
5922,51
5923,37
5924,48
5925,50
5926,43
5927,52
5928,54
5929,42
5930,54
5931,54
5932,53
5933,54
5934,43
5935,54
5936,54
5937,53
5938,52
5939,47
5940,42
5941,54
5942,53
5943,44
5944,54
5945,53
5946,54
5947,54
5948,50
5949,54
5950,48
5951,41
5952,46
5953,38
5954,44
5955,54
5956,39
5957,51
5958,54
5959,54
5960,53
5961,51
5962,52
5963,54
5964,54
5965,41
5966,53
5967,53
5968,54
5969,45
5970,49
5971,49
5972,50
5973,54
5974,53
5975,51
5976,54
5977,54
5978,52
5979,54
5980,47
5981,49
5982,53
5983,46
5984,50
5985,41
5986,37
5987,54
5988,45
5989,54
5990,39
5991,54
5992,53
5993,54
5994,48
5995,52
5996,54
5997,52
5998,51
5999,53
6000,38
6001,54
6002,53
6003,54
6004,51
6005,54
6006,46
6007,40
6008,52
6009,54
6010,54
6011,47
6012,54
6013,53
6014,48
6015,51
6016,54
6017,54
6018,50
6019,50
6020,39
6021,43
6022,43
6023,54
6024,54
6025,46
6026,54
6027,49
6028,53
6029,53
6030,42
6031,44
6032,40
6033,50
6034,52
6035,52
6036,54
6037,42
6038,44
6039,49
6040,54
6041,53
6042,53
6043,52
6044,54
6045,54
6046,51
6047,47
6048,54
6049,42
6050,45
6051,37
6052,47
6053,54
6054,54
6055,48
6056,53
6057,53
6058,40
6059,54
6060,51
6061,45
6062,54
6063,41
6064,54
6065,54
6066,38
6067,54
6068,52
6069,55
6070,52
6071,50
6072,53
6073,50
6074,46
6075,48
6076,47
6077,51
6078,55
6079,54
6080,41
6081,54
6082,49
6083,53
6084,52
6085,55
6086,55
6087,55
6088,54
6089,55
6090,55
6091,53
6092,51
6093,54
6094,55
6095,55
6096,55
6097,39
6098,55
6099,49
6100,54
6101,55
6102,46
6103,54
6104,37
6105,55
6106,55
6107,55
6108,41
6109,51
6110,53
6111,54
6112,55
6113,53
6114,48
6115,44
6116,52
6117,54
6118,38
6119,55
6120,44
6121,43
6122,55
6123,55
6124,54
6125,49
6126,45
6127,55
6128,43
6129,54
6130,53
6131,47
6132,55
6133,55
6134,52
6135,45
6136,50
6137,42
6138,55
6139,51
6140,55
6141,50
6142,54
6143,40
6144,39
6145,55
6146,55
6147,51
6148,46
6149,55
6150,50
6151,55
6152,54
6153,54
6154,42
6155,53
6156,48
6157,53
6158,55
6159,55
6160,47
6161,55
6162,52
6163,52
6164,53
6165,46
6166,55
6167,54
6168,49
6169,55
6170,42
6171,55
6172,55
6173,55
6174,38
6175,40
6176,54
6177,52
6178,55
6179,54
6180,47
6181,55
6182,48
6183,55
6184,39
6185,49
6186,54
6187,53
6188,55
6189,51
6190,55
6191,51
6192,53
6193,41
6194,51
6195,54
6196,55
6197,50
6198,55
6199,53
6200,47
6201,55
6202,54
6203,52
6204,55
6205,44
6206,50
6207,44
6208,54
6209,55
6210,45
6211,55
6212,44
6213,55
6214,39
6215,55
6216,45
6217,41
6218,49
6219,43
6220,52
6221,56
6222,53
6223,55
6224,55
6225,50
6226,46
6227,48
6228,54
6229,53
6230,37
6231,55
6232,56
6233,43
6234,54
6235,56
6236,56
6237,56
6238,56
6239,56
6240,55
6241,38
6242,56
6243,56
6244,55
6245,46
6246,54
6247,51
6248,53
6249,56
6250,56
6251,51
6252,55
6253,52
6254,56
6255,42
6256,56
6257,40
6258,49
6259,50
6260,52
6261,56
6262,55
6263,56
6264,48
6265,56
6266,39
6267,56
6268,47
6269,54
6270,56
6271,55
6272,54
6273,55
6274,55
6275,56
6276,56
6277,53
6278,50
6279,53
6280,42
6281,56
6282,56
6283,54
6284,56
6285,55
6286,56
6287,47
6288,56
6289,55
6290,49
6291,53
6292,40
6293,56
6294,56
6295,55
6296,50
6297,56
6298,55
6299,38
6300,51
6301,52
6302,41
6303,56
6304,45
6305,45
6306,54
6307,54
6308,44
6309,51
6310,48
6311,55
6312,52
6313,46
6314,56
6315,56
6316,56
6317,56
6318,54
6319,39
6320,44
6321,53
6322,46
6323,56
6324,51
6325,53
6326,56
6327,55
6328,43
6329,56
6330,49
6331,55
6332,47
6333,56
6334,56
6335,55
6336,41
6337,56
6338,49
6339,40
6340,56
6341,50
6342,53
6343,43
6344,54
6345,56
6346,47
6347,54
6348,55
6349,56
6350,56
6351,56
6352,55
6353,56
6354,52
6355,52
6356,56
6357,53
6358,54
6359,55
6360,43
6361,56
6362,50
6363,48
6364,49
6365,56
6366,38
6367,51
6368,56
6369,53
6370,39
6371,41
6372,56
6373,56
6374,57
6375,57
6376,57
6377,57
6378,54
6379,57
6380,56
6381,51
6382,55
6383,55
6384,57
6385,57
6386,56
6387,53
6388,57
6389,39
6390,42
6391,56
6392,48
6393,54
6394,57
6395,57
6396,55
6397,57
6398,57
6399,56
6400,50
6401,57
6402,45
6403,56
6404,45
6405,46
6406,57
6407,51
6408,54
6409,45
6410,57
6411,56
6412,57
6413,46
6414,56
6415,49
6416,57
6417,56
6418,52
6419,40
6420,57
6421,53
6422,44
6423,42
6424,47
6425,52
6426,57
6427,57
6428,55
6429,55
6430,53
6431,57
6432,56
6433,55
6434,56
6435,52
6436,57
6437,44
6438,57
6439,57
6440,54
6441,47
6442,54
6443,50
6444,38
6445,57
6446,56
6447,49
6448,39
6449,57
6450,56
6451,57
6452,51
6453,57
6454,56
6455,48
6456,56
6457,43
6458,57
6459,54
6460,41
6461,55
6462,57
6463,57
6464,55
6465,55
6466,40
6467,57
6468,57
6469,56
6470,49
6471,53
6472,57
6473,57
6474,53
6475,50
6476,53
6477,43
6478,51
6479,56
6480,54
6481,56
6482,57
6483,52
6484,54
6485,57
6486,57
6487,57
6488,57
6489,49
6490,52
6491,41
6492,57
6493,55
6494,56
6495,56
6496,46
6497,46
6498,54
6499,57
6500,56
6501,47
6502,45
6503,55
6504,57
6505,42
6506,57
6507,39
6508,56
6509,51
6510,38
6511,47
6512,45
6513,57
6514,57
6515,57
6516,57
6517,57
6518,57
6519,57
6520,51
6521,57
6522,40
6523,57
6524,55
6525,50
6526,48
6527,57
6528,57
6529,57
6530,44
6531,57
6532,53
6533,57
6534,56
6535,58
6536,54
6537,57
6538,58
6539,53
6540,56
6541,55
6542,58
6543,54
6544,48
6545,57
6546,42
6547,57
6548,58
6549,56
6550,44
6551,52
6552,57
6553,41
6554,58
6555,55
6556,51
6557,57
6558,54
6559,58
6560,58
6561,50
6562,57
6563,58
6564,49
6565,56
6566,58
6567,52
6568,58
6569,57
6570,57
6571,57
6572,44
6573,55
6574,58
6575,56
6576,58
6577,58
6578,56
6579,56
6580,49
6581,39
6582,42
6583,58
6584,58
6585,57
6586,39
6587,54
6588,57
6589,51
6590,53
6591,52
6592,58
6593,57
6594,58
6595,54
6596,57
6597,55
6598,53
6599,43
6600,58
6601,40
6602,58
6603,55
6604,47
6605,58
6606,47
6607,46
6608,50
6609,58
6610,57
6611,48
6612,53
6613,56
6614,46
6615,57
6616,56
6617,57
6618,58
6619,55
6620,58
6621,48
6622,58
6623,56
6624,51
6625,57
6626,45
6627,58
6628,41
6629,43
6630,58
6631,49
6632,58
6633,52
6634,50
6635,58
6636,55
6637,58
6638,45
6639,57
6640,57
6641,54
6642,58
6643,54
6644,58
6645,58
6646,58
6647,58
6648,49
6649,58
6650,54
6651,57
6652,58
6653,56
6654,58
6655,55
6656,58
6657,58
6658,58
6659,39
6660,58
6661,58
6662,57
6663,58
6664,53
6665,58
6666,38
6667,56
6668,52
6669,40
6670,44
6671,58
6672,58
6673,55
6674,51
6675,58
6676,57
6677,50
6678,42
6679,58
6680,57
6681,58
6682,58
6683,58
6684,58
6685,58
6686,53
6687,58
6688,41
6689,56
6690,57
6691,58
6692,58
6693,44
6694,57
6695,56
6696,50
6697,58
6698,58
6699,58
6700,58
6701,58
6702,58
6703,52
6704,58
6705,55
6706,57
6707,54
6708,53
6709,59
6710,56
6711,55
6712,47
6713,47
6714,48
6715,58
6716,54
6717,59
6718,58
6719,46
6720,42
6721,55
6722,48
6723,58
6724,51
6725,59
6726,43
6727,58
6728,57
6729,58
6730,57
6731,46
6732,53
6733,58
6734,49
6735,58
6736,59
6737,56
6738,57
6739,40
6740,57
6741,39
6742,59
6743,52
6744,58
6745,59
6746,45
6747,49
6748,41
6749,59
6750,58
6751,51
6752,53
6753,58
6754,56
6755,58
6756,59
6757,59
6758,50
6759,55
6760,58
6761,57
6762,55
6763,43
6764,45
6765,57
6766,58
6767,59
6768,54
6769,58
6770,59
6771,59
6772,59
6773,56
6774,59
6775,42
6776,59
6777,59
6778,59
6779,59
6780,57
6781,58
6782,59
6783,54
6784,59
6785,53
6786,56
6787,58
6788,59
6789,50
6790,52
6791,59
6792,58
6793,59
6794,59
6795,59
6796,45
6797,59
6798,59
6799,59
6800,54
6801,57
6802,59
6803,56
6804,59
6805,58
6806,59
6807,58
6808,59
6809,57
6810,58
6811,59
6812,51
6813,43
6814,59
6815,58
6816,39
6817,59
6818,40
6819,59
6820,48
6821,48
6822,52
6823,59
6824,55
6825,57
6826,44
6827,59
6828,55
6829,49
6830,59
6831,47
6832,53
6833,56
6834,39
6835,59
6836,49
6837,55
6838,58
6839,59
6840,59
6841,41
6842,59
6843,47
6844,56
6845,59
6846,58
6847,52
6848,58
6849,50
6850,59
6851,59
6852,58
6853,59
6854,54
6855,57
6856,46
6857,57
6858,59
6859,59
6860,59
6861,59
6862,50
6863,53
6864,59
6865,58
6866,44
6867,42
6868,59
6869,57
6870,59
6871,46
6872,59
6873,52
6874,54
6875,59
6876,58
6877,58
6878,58
6879,59
6880,51
6881,56
6882,56
6883,59
6884,59
6885,60
6886,60
6887,60
6888,59
6889,59
6890,55
6891,60
6892,56
6893,59
6894,59
6895,60
6896,59
6897,57
6898,60
6899,45
6900,60
6901,40
6902,60
6903,59
6904,57
6905,55
6906,60
6907,59
6908,54
6909,51
6910,41
6911,53
6912,60
6913,59
6914,39
6915,43
6916,60
6917,59
6918,60
6919,58
6920,58
6921,59
6922,60
6923,57
6924,59
6925,58
6926,60
6927,54
6928,60
6929,59
6930,60
6931,59
6932,42
6933,45
6934,60
6935,52
6936,60
6937,59
6938,59
6939,48
6940,49
6941,58
6942,59
6943,60
6944,48
6945,56
6946,49
6947,60
6948,60
6949,53
6950,57
6951,56
6952,59
6953,58
6954,47
6955,54
6956,58
6957,60
6958,60
6959,50
6960,59
6961,57
6962,55
6963,60
6964,60
6965,59
6966,58
6967,52
6968,47
6969,43
6970,59
6971,51
6972,57
6973,59
6974,60
6975,44
6976,60
6977,60
6978,55
6979,60
6980,47
6981,59
6982,60
6983,58
6984,60
6985,51
6986,60
6987,59
6988,59
6989,54
6990,41
6991,60
6992,58
6993,60
6994,60
6995,60
6996,40
6997,60
6998,60
6999,60
7000,59
7001,60
7002,53
7003,60
7004,55
7005,60
7006,42
7007,60
7008,60
7009,60
7010,57
7011,60
7012,56
7013,58
7014,52
7015,60
7016,46
7017,57
7018,60
7019,59
7020,60
7021,60
7022,56
7023,60
7024,44
7025,39
7026,60
7027,59
7028,57
7029,59
7030,60
7031,60
7032,60
7033,59
7034,60
7035,56
7036,60
7037,43
7038,60
7039,58
7040,54
7041,52
7042,60
7043,58
7044,54
7045,60
7046,60
7047,59
7048,60
7049,46
7050,60
7051,60
7052,60
7053,55
7054,60
7055,58
7056,59
7057,59
7058,60
7059,60
7060,60
7061,60
7062,59
7063,60
7064,49
7065,53
7066,50
7067,49
7068,60
7069,60
7070,57
7071,57
7072,44
7073,50
7074,57
7075,60
7076,48
7077,60
7078,58
7079,59
7080,60
7081,54
7082,55
7083,60
7084,45
7085,60
7086,60
7087,51
7088,56
7089,40
7090,41
7091,60
7092,60
7093,58
7094,60
7095,48
7096,60
7097,60
7098,59
7099,60
7100,60
7101,59
7102,60
7103,60
7104,60
7105,60
7106,61
7107,53
7108,60
7109,51
7110,61
7111,60
7112,59
7113,58
7114,61
7115,42
7116,39
7117,56
7118,60
7119,47
7120,61
7121,60
7122,60
7123,61
7124,60
7125,60
7126,61
7127,61
7128,52
7129,61
7130,59
7131,55
7132,60
7133,60
7134,61
7135,60
7136,60
7137,59
7138,60
7139,61
7140,57
7141,45
7142,61
7143,55
7144,47
7145,58
7146,57
7147,54
7148,60
7149,61
7150,43
7151,61
7152,58
7153,60
7154,59
7155,57
7156,61
7157,52
7158,60
7159,60
7160,61
7161,61
7162,58
7163,60
7164,61
7165,60
7166,61
7167,56
7168,60
7169,61
7170,61
7171,46
7172,61
7173,61
7174,59
7175,61
7176,60
7177,59
7178,61
7179,55
7180,61
7181,61
7182,53
7183,60
7184,61
7185,61
7186,61
7187,54
7188,61
7189,61
7190,61
7191,61
7192,61
7193,56
7194,41
7195,61
7196,59
7197,60
7198,60
7199,61
7200,44
7201,60
7202,61
7203,61
7204,61
7205,42
7206,60
7207,58
7208,61
7209,58
7210,60
7211,58
7212,61
7213,61
7214,40
7215,50
7216,61
7217,50
7218,51
7219,61
7220,57
7221,53
7222,59
7223,61
7224,46
7225,59
7226,49
7227,61
7228,61
7229,61
7230,51
7231,61
7232,61
7233,43
7234,59
7235,60
7236,55
7237,57
7238,61
7239,56
7240,61
7241,60
7242,60
7243,49
7244,61
7245,52
7246,61
7247,61
7248,61
7249,61
7250,61
7251,61
7252,60
7253,61
7254,61
7255,59
7256,61
7257,39
7258,61
7259,61
7260,61
7261,61
7262,61
7263,61
7264,54
7265,57
7266,48
7267,61
7268,61
7269,52
7270,61
7271,61
7272,61
7273,60
7274,60
7275,61
7276,61
7277,60
7278,61
7279,61
7280,60
7281,61
7282,61
7283,58
7284,61
7285,44
7286,46
7287,58
7288,61
7289,59
7290,61
7291,61
7292,61
7293,61
7294,58
7295,53
7296,55
7297,61
7298,48
7299,59
7300,60
7301,61
7302,61
7303,56
7304,61
7305,61
7306,61
7307,61
7308,61
7309,61
7310,57
7311,61
7312,61
7313,60
7314,61
7315,61
7316,55
7317,61
7318,61
7319,59
7320,61
7321,61
7322,61
7323,61
7324,61
7325,61
7326,61
7327,61
7328,61
7329,61
7330,60
7331,53
7332,61
7333,60
7334,61
7335,61
7336,42
7337,61
7338,61
7339,61
7340,61
7341,57
7342,61
7343,61
7344,61
7345,61
7346,47
7347,41
7348,61
7349,61
7350,61
7351,43
7352,61
7353,61
7354,61
7355,61
7356,60
7357,61
7358,60
7359,61
7360,61
7361,61
7362,61
7363,61
7364,61
7365,56
7366,61
7367,61
7368,61
7369,61
7370,61
7371,45
7372,61
7373,59
7374,61
7375,59
7376,61
7377,61
7378,61
7379,61
7380,61
7381,54
7382,55
7383,59
7384,61
7385,61
7386,60
7387,58
7388,61
7389,61
7390,61
7391,57
7392,61
7393,61
7394,61
7395,61
7396,61
7397,61
7398,61
7399,60
7400,61
7401,61
7402,61
7403,61
7404,61
7405,61
7406,40
7407,61
7408,61
7409,61
7410,61
7411,61
7412,61
7413,61
7414,61
7415,61
7416,61
7417,61
7418,58
7419,61
7420,61
7421,61
7422,61
7423,61
7424,61
7425,60
7426,61
7427,61
7428,61
7429,61
7430,61
7431,61
7432,61
7433,61
7434,61
7435,61
7436,61
7437,61
7438,61
7439,61
7440,44
7441,61
7442,61
7443,61
7444,61
7445,61
7446,61
7447,61
7448,47
7449,61
7450,61
7451,51
7452,60
7453,50
7454,61
7455,61
7456,61
7457,61
7458,61
7459,51
7460,61
7461,58
7462,54
7463,61
7464,50
7465,61
7466,61
7467,61
7468,60
7469,61
7470,61
7471,52
7472,56
7473,61
7474,61
7475,56
7476,61
7477,49
7478,61
7479,61
7480,61
7481,61
7482,61
7483,61
7484,61
7485,59
7486,52
7487,59
7488,60
7489,61
7490,61
7491,57
7492,59
7493,60
7494,61
7495,61
7496,61
7497,61
7498,49
7499,45
7500,61
7501,60
7502,55
7503,61
7504,61
7505,58
7506,46
7507,53
7508,61
7509,60
7510,61
7511,61
7512,61
7513,61
7514,61
7515,58
7516,56
7517,61
7518,48
7519,42
7520,57
7521,61
7522,61
7523,41
7524,53
7525,61
7526,61
7527,61
7528,61
7529,61
7530,60
7531,60
7532,55
7533,43
7534,59
7535,60
7536,58
7537,61
7538,61
7539,59
7540,61
7541,40
7542,61
7543,61
7544,61
7545,61
7546,54
7547,48
7548,59
7549,46
7550,61
7551,61
7552,57
7553,61
7554,59
7555,57
7556,61
7557,44
7558,61
7559,56
7560,61
7561,61
7562,61
7563,61
7564,55
7565,60
7566,60
7567,60
7568,61
7569,39
7570,47
7571,58
7572,61
7573,60
7574,61
7575,59
7576,61
7577,52
7578,51
7579,61
7580,61
7581,52
7582,57
7583,61
7584,55
7585,51
7586,61
7587,56
7588,59
7589,58
7590,53
7591,60
7592,50
7593,61
7594,61
7595,45
7596,60
7597,61
7598,42
7599,61
7600,53
7601,60
7602,43
7603,47
7604,59
7605,50
7606,61
7607,56
7608,61
7609,60
7610,61
7611,41
7612,54
7613,61
7614,58
7615,57
7616,44
7617,61
7618,61
7619,49
7620,59
7621,58
7622,61
7623,61
7624,54
7625,60
7626,61
7627,56
7628,59
7629,61
7630,60
7631,40
7632,61
7633,61
7634,47
7635,49
7636,61
7637,55
7638,58
7639,45
7640,57
7641,60
7642,61
7643,61
7644,59
7645,57
7646,61
7647,61
7648,60
7649,60
7650,55
7651,61
7652,48
7653,60
7654,61
7655,58
7656,59
7657,61
7658,61
7659,61
7660,43
7661,59
7662,52
7663,52
7664,57
7665,56
7666,44
7667,46
7668,51
7669,53
7670,42
7671,60
7672,61
7673,61
7674,61
7675,53
7676,51
7677,61
7678,61
7679,48
7680,58
7681,59
7682,54
7683,45
7684,50
7685,56
7686,60
7687,61
7688,58
7689,60
7690,41
7691,55
7692,61
7693,61
7694,50
7695,61
7696,61
7697,59
7698,60
7699,57
7700,59
7701,55
7702,58
7703,61
7704,46
7705,47
7706,61
7707,50
7708,61
7709,61
7710,56
7711,60
7712,40
7713,60
7714,57
7715,59
7716,61
7717,59
7718,43
7719,56
7720,42
7721,61
7722,49
7723,61
7724,60
7725,61
7726,44
7727,58
7728,60
7729,47
7730,57
7731,59
7732,61
7733,41
7734,53
7735,53
7736,61
7737,52
7738,54
7739,61
7740,60
7741,45
7742,54
7743,52
7744,61
7745,58
7746,49
7747,61
7748,57
7749,59
7750,55
7751,51
7752,61
7753,60
7754,55
7755,59
7756,40
7757,61
7758,58
7759,61
7760,51
7761,60
7762,61
7763,61
7764,56
7765,47
7766,48
7767,59
7768,60
7769,58
7770,50
7771,56
7772,43
7773,44
7774,61
7775,60
7776,60
7777,61
7778,61
7779,57
7780,45
7781,42
7782,58
7783,61
7784,50
7785,60
7786,61
7787,57
7788,48
7789,59
7790,60
7791,46
7792,61
7793,54
7794,54
7795,41
7796,58
7797,61
7798,55
7799,53
7800,61
7801,59
7802,61
7803,61
7804,49
7805,55
7806,53
7807,56
7808,58
7809,60
7810,52
7811,56
7812,61
7813,60
7814,47
7815,59
7816,52
7817,57
7818,61
7819,44
7820,60
7821,45
7822,49
7823,61
7824,61
7825,57
7826,40
7827,43
7828,59
7829,61
7830,51
7831,46
7832,57
7833,59
7834,61
7835,60
7836,58
7837,42
7838,51
7839,60
7840,61
7841,61
7842,48
7843,60
7844,61
7845,58
7846,47
7847,59
7848,55
7849,54
7850,55
7851,61
7852,54
7853,56
7854,50
7855,59
7856,53
7857,56
7858,41
7859,61
7860,60
7861,57
7862,44
7863,53
7864,60
7865,61
7866,57
7867,43
7868,48
7869,60
7870,45
7871,61
7872,61
7873,52
7874,58
7875,50
7876,58
7877,46
7878,42
7879,61
7880,52
7881,59
7882,59
7883,61
7884,61
7885,59
7886,61
7887,60
7888,51
7889,60
7890,60
7891,49
7892,48
7893,41
7894,61
7895,56
7896,56
7897,55
7898,57
7899,57
7900,55
7901,51
7902,45
7903,61
7904,57
7905,44
7906,54
7907,58
7908,46
7909,58
7910,61
7911,54
7912,61
7913,59
7914,49
7915,43
7916,61
7917,59
7918,60
7919,60
7920,60
7921,53
7922,50
7923,47
7924,40
7925,61
7926,53
7927,61
7928,42
7929,61
7930,48
7931,50
7932,52
7933,61
7934,60
7935,61
7936,57
7937,57
7938,58
7939,56
7940,58
7941,60
7942,45
7943,46
7944,59
7945,56
7946,60
7947,59
7948,59
7949,55
7950,52
7951,44
7952,47
7953,55
7954,61
7955,41
7956,54
7957,50
7958,61
7959,61
7960,48
7961,54
7962,43
7963,51
7964,61
7965,60
7966,53
7967,61
7968,60
7969,60
7970,61
7971,59
7972,59
7973,49
7974,58
7975,58
7976,51
7977,53
7978,57
7979,45
7980,61
7981,57
7982,46
7983,42
7984,57
7985,44
7986,56
7987,61
7988,48
7989,61
7990,52
7991,56
7992,60
7993,43
7994,55
7995,50
7996,60
7997,61
7998,49
7999,60
8000,55
8001,52
8002,59
8003,61
8004,59
8005,41
8006,61
8007,54
8008,59
8009,42
8010,58
8011,46
8012,58
8013,50
8014,61
8015,45
8016,47
8017,52
8018,54
8019,57
8020,61
8021,61
8022,57
8023,60
8024,48
8025,44
8026,56
8027,60
8028,53
8029,61
8030,56
8031,60
8032,51
8033,41
8034,49
8035,59
8036,61
8037,55
8038,61
8039,43
8040,53
8041,59
8042,58
8043,55
8044,60
8045,47
8046,46
8047,58
8048,61
8049,48
8050,51
8051,57
8052,60
8053,52
8054,54
8055,61
8056,45
8057,57
8058,49
8059,42
8060,60
8061,61
8062,54
8063,57
8064,59
8065,44
8066,52
8067,61
8068,61
8069,61
8070,50
8071,59
8072,56
8073,54
8074,59
8075,56
8076,60
8077,46
8078,47
8079,61
8080,58
8081,49
8082,45
8083,43
8084,51
8085,41
8086,60
8087,55
8088,61
8089,53
8090,58
8091,50
8092,61
8093,60
8094,44
8095,57
8096,55
8097,59
8098,57
8099,53
8100,61
8101,60
8102,51
8103,61
8104,59
8105,54
8106,42
8107,47
8108,56
8109,43
8110,48
8111,60
8112,46
8113,58
8114,61
8115,49
8116,56
8117,52
8118,54
8119,60
8120,45
8121,58
8122,61
8123,61
8124,51
8125,61
8126,55
8127,59
8128,58
8129,42
8130,53
8131,44
8132,52
8133,61
8134,59
8135,60
8136,57
8137,48
8138,55
8139,49
8140,61
8141,47
8142,59
8143,50
8144,57
8145,60
8146,46
8147,53
8148,61
8149,55
8150,58
8151,51
8152,43
8153,56
8154,60
8155,61
8156,61
8157,41
8158,45
8159,60
8160,58
8161,54
8162,53
8163,59
8164,49
8165,56
8166,47
8167,50
8168,61
8169,57
8170,60
8171,46
8172,51
8173,61
8174,59
8175,61
8176,44
8177,54
8178,55
8179,42
8180,57
8181,52
8182,60
8183,45
8184,61
8185,58
8186,55
8187,56
8188,61
8189,53
8190,49
8191,59
8192,48
8193,58
8194,61
8195,50
8196,60
8197,47
8198,44
8199,43
8200,52
8201,56
8202,59
8203,54
8204,58
8205,61
8206,46
8207,60
8208,53
8209,61
8210,61
8211,59
8212,57
8213,56
8214,43
8215,49
8216,50
8217,54
8218,60
8219,60
8220,45
8221,51
8222,48
8223,58
8224,42
8225,57
8226,52
8227,61
8228,55
8229,47
8230,61
8231,59
8232,60
8233,54
8234,58
8235,44
8236,56
8237,46
8238,61
8239,50
8240,59
8241,55
8242,51
8243,42
8244,48
8245,60
8246,52
8247,57
8248,61
8249,61
8250,53
8251,56
8252,47
8253,59
8254,60
8255,45
8256,59
8257,54
8258,57
8259,43
8260,46
8261,61
8262,55
8263,61
8264,50
8265,58
8266,52
8267,61
8268,49
8269,53
8270,60
8271,59
8272,57
8273,48
8274,54
8275,45
8276,44
8277,58
8278,61
8279,55
8280,47
8281,59
8282,60
8283,61
8284,56
8285,61
8286,51
8287,42
8288,52
8289,50
8290,53
8291,57
8292,60
8293,49
8294,58
8295,44
8296,46
8297,55
8298,59
8299,56
8300,61
8301,48
8302,43
8303,61
8304,61
8305,57
8306,60
8307,58
8308,52
8309,53
8310,59
8311,51
8312,54
8313,45
8314,47
8315,50
8316,55
8317,60
8318,43
8319,56
8320,48
8321,58
8322,60
8323,61
8324,59
8325,61
8326,53
8327,46
8328,54
8329,51
8330,55
8331,60
8332,47
8333,44
8334,56
8335,50
8336,57
8337,59
8338,58
8339,61
8340,49
8341,61
8342,61
8343,42
8344,46
8345,60
8346,53
8347,55
8348,45
8349,52
8350,56
8351,48
8352,59
8353,57
8354,58
8355,51
8356,60
8357,61
8358,50
8359,43
8360,61
8361,61
8362,59
8363,47
8364,45
8365,58
8366,55
8367,56
8368,57
8369,54
8370,49
8371,53
8372,60
8373,52
8374,44
8375,51
8376,59
8377,60
8378,48
8379,46
8380,61
8381,58
8382,61
8383,57
8384,56
8385,55
8386,50
8387,54
8388,44
8389,60
8390,53
8391,59
8392,51
8393,60
8394,47
8395,48
8396,58
8397,61
8398,57
8399,61
8400,56
8401,45
8402,61
8403,43
8404,50
8405,54
8406,59
8407,53
8408,58
8409,47
8410,52
8411,60
8412,49
8413,57
8414,43
8415,46
8416,56
8417,60
8418,51
8419,55
8420,59
8421,61
8422,61
8423,54
8424,58
8425,44
8426,48
8427,53
8428,50
8429,46
8430,60
8431,57
8432,56
8433,52
8434,60
8435,59
8436,55
8437,45
8438,61
8439,61
8440,49
8441,61
8442,58
8443,47
8444,54
8445,51
8446,59
8447,57
8448,52
8449,45
8450,55
8451,60
8452,58
8453,43
8454,50
8455,48
8456,54
8457,51
8458,60
8459,57
8460,61
8461,61
8462,46
8463,59
8464,53
8465,44
8466,56
8467,50
8468,48
8469,58
8470,59
8471,55
8472,52
8473,47
8474,44
8475,60
8476,57
8477,54
8478,61
8479,59
8480,61
8481,61
8482,49
8483,51
8484,56
8485,53
8486,45
8487,47
8488,58
8489,59
8490,55
8491,60
8492,61
8493,56
8494,50
8495,52
8496,46
8497,58
8498,54
8499,48
8500,60
8501,61
8502,61
8503,55
8504,43
8505,59
8506,57
8507,46
8508,51
8509,52
8510,49
8511,54
8512,44
8513,59
8514,56
8515,58
8516,60
8517,47
8518,61
8519,51
8520,60
8521,53
8522,61
8523,45
8524,49
8525,55
8526,58
8527,57
8528,48
8529,59
8530,45
8531,52
8532,54
8533,56
8534,57
8535,50
8536,61
8537,60
8538,48
8539,60
8540,61
8541,46
8542,61
8543,58
8544,53
8545,55
8546,56
8547,51
8548,59
8549,44
8550,47
8551,49
8552,57
8553,55
8554,54
8555,59
8556,52
8557,44
8558,61
8559,60
8560,47
8561,50
8562,58
8563,60
8564,61
8565,56
8566,54
8567,45
8568,52
8569,58
8570,48
8571,51
8572,57
8573,59
8574,46
8575,55
8576,61
8577,53
8578,60
8579,49
8580,57
8581,61
8582,51
8583,60
8584,61
8585,46
8586,56
8587,54
8588,58
8589,50
8590,52
8591,47
8592,56
8593,59
8594,44
8595,55
8596,50
8597,59
8598,61
8599,48
8600,57
8601,53
8602,60
8603,45
8604,61
8605,60
8606,55
8607,51
8608,58
8609,48
8610,45
8611,53
8612,58
8613,56
8614,52
8615,46
8616,61
8617,49
8618,59
8619,54
8620,57
8621,60
8622,61
8623,47
8624,60
8625,61
8626,52
8627,50
8628,55
8629,57
8630,47
8631,58
8632,53
8633,51
8634,56
8635,44
8636,59
8637,48
8638,61
8639,54
8640,56
8641,59
8642,51
8643,45
8644,61
8645,60
8646,60
8647,49
8648,57
8649,55
8650,52
8651,46
8652,50
8653,58
8654,46
8655,55
8656,53
8657,61
8658,58
8659,50
8660,59
8661,47
8662,56
8663,61
8664,59
8665,53
8666,61
8667,60
8668,51
8669,48
8670,57
8671,54
8672,57
8673,52
8674,48
8675,55
8676,45
8677,58
8678,61
8679,49
8680,52
8681,59
8682,45
8683,56
8684,59
8685,61
8686,60
8687,60
8688,50
8689,53
8690,46
8691,56
8692,47
8693,51
8694,54
8695,57
8696,61
8697,47
8698,58
8699,51
8700,55
8701,58
8702,61
8703,48
8704,59
8705,55
8706,52
8707,61
8708,59
8709,60
8710,49
8711,56
8712,53
8713,50
8714,57
8715,45
8716,53
8717,57
8718,50
8719,46
8720,61
8721,54
8722,58
8723,46
8724,61
8725,59
8726,51
8727,59
8728,60
8729,55
8730,60
8731,47
8732,52
8733,56
8734,48
8735,52
8736,56
8737,61
8738,49
8739,57
8740,53
8741,49
8742,58
8743,61
8744,54
8745,58
8746,60
8747,50
8748,59
8749,60
8750,59
8751,55
8752,51
8753,45
8754,61
8755,55
8756,46
8757,51
8758,56
8759,47
8760,52
8761,61
8762,57
8763,48
8764,57
8765,53
8766,61
8767,48
8768,58
8769,60
8770,59
8771,53
8772,60
8773,59
8774,49
8775,54
8776,50
8777,55
8778,61
8779,50
8780,56
8781,51
8782,56
8783,61
8784,52
8785,57
8786,60
8787,46
8788,58
8789,60
8790,52
8791,58
8792,47
8793,59
8794,59
8795,47
8796,61
8797,53
8798,48
8799,54
8800,49
8801,55
8802,61
8803,49
8804,55
8805,50
8806,56
8807,61
8808,57
8809,51
8810,60
8811,57
8812,60
8813,58
8814,51
8815,59
8816,59
8817,52
8818,61
8819,53
8820,53
8821,46
8822,54
8823,47
8824,61
8825,48
8826,55
8827,48
8828,60
8829,56
8830,56
8831,49
8832,60
8833,57
8834,59
8835,50
8836,61
8837,58
8838,59
8839,58
8840,50
8841,51
8842,52
8843,61
8844,52
8845,53
8846,61
8847,54
8848,55
8849,60
8850,55
8851,56
8852,60
8853,57
8854,47
8855,59
8856,57
8857,59
8858,58
8859,47
8860,61
8861,48
8862,49
8863,49
8864,50
8865,61
8866,51
8867,51
8868,52
8869,60
8870,53
8871,54
8872,60
8873,54
8874,55
8875,59
8876,56
8877,59
8878,56
8879,58
8880,57
8881,58
8882,61
8883,47
8884,48
8885,61
8886,48
8887,49
8888,50
8889,50
8890,60
8891,51
8892,52
8893,60
8894,52
8895,53
8896,59
8897,61
8898,54
8899,55
8900,59
8901,55
8902,58
8903,56
8904,57
8905,57
8906,61
8907,60
8908,60
8909,47
8910,48
8911,59
8912,49
8913,49
8914,50
8915,51
8916,59
8917,51
8918,52
8919,58
8920,61
8921,53
8922,54
8923,58
8924,54
8925,57
8926,55
8927,56
8928,56
8929,61
8930,60
8931,60
8932,61
8933,59
8934,59
8935,58
8936,57
8937,61
8938,57
8939,49
8940,50
8941,48
8942,50
8943,51
8944,48
8945,56
8946,52
8947,53
8948,55
8949,53
8950,55
8951,54
8952,61
8953,60
8954,59
8955,61
8956,59
8957,58
8958,58
8959,57
8960,61
8961,56
8962,56
8963,55
8964,54
8965,54
8966,53
8967,52
8968,52
8969,51
8970,50
8971,60
8972,49
8973,49
8974,48
8975,61
8976,60
8977,59
8978,59
8979,61
8980,58
8981,57
8982,57
8983,61
8984,56
8985,55
8986,55
8987,54
8988,53
8989,60
8990,53
8991,52
8992,51
8993,51
8994,50
8995,59
8996,61
8997,49
8998,48
8999,59
9000,58
9001,61
9002,58
9003,57
9004,56
9005,60
9006,61
9007,56
9008,55
9009,54
9010,60
9011,54
9012,53
9013,52
9014,59
9015,52
9016,61
9017,51
9018,50
9019,59
9020,50
9021,49
9022,58
9023,61
9024,57
9025,57
9026,60
9027,56
9028,55
9029,61
9030,55
9031,60
9032,54
9033,53
9034,59
9035,53
9036,61
9037,52
9038,58
9039,51
9040,51
9041,58
9042,50
9043,60
9044,61
9045,49
9046,57
9047,56
9048,60
9049,56
9050,55
9051,61
9052,59
9053,54
9054,54
9055,59
9056,53
9057,61
9058,52
9059,58
9060,52
9061,57
9062,51
9063,60
9064,50
9065,61
9066,57
9067,50
9068,56
9069,60
9070,55
9071,61
9072,55
9073,59
9074,54
9075,58
9076,53
9077,61
9078,60
9079,53
9080,58
9081,52
9082,57
9083,51
9084,60
9085,51
9086,56
9087,61
9088,50
9089,59
9090,56
9091,55
9092,59
9093,61
9094,54
9095,54
9096,58
9097,60
9098,53
9099,61
9100,57
9101,52
9102,57
9103,52
9104,60
9105,51
9106,56
9107,61
9108,59
9109,50
9110,56
9111,55
9112,58
9113,60
9114,54
9115,58
9116,54
9117,60
9118,61
9119,57
9120,53
9121,52
9122,57
9123,59
9124,51
9125,56
9126,61
9127,59
9128,51
9129,55
9130,61
9131,58
9132,60
9133,55
9134,54
9135,58
9136,60
9137,53
9138,61
9139,57
9140,53
9141,59
9142,56
9143,52
9144,60
9145,56
9146,59
9147,51
9148,55
9149,58
9150,61
9151,60
9152,54
9153,57
9154,54
9155,59
9156,61
9157,57
9158,53
9159,59
9160,52
9161,56
9162,61
9163,60
9164,52
9165,55
9166,58
9167,55
9168,58
9169,60
9170,61
9171,54
9172,57
9173,59
9174,53
9175,61
9176,56
9177,53
9178,59
9179,56
9180,61
9181,52
9182,60
9183,58
9184,55
9185,54
9186,57
9187,59
9188,61
9189,54
9190,57
9191,61
9192,59
9193,53
9194,60
9195,56
9196,58
9197,52
9198,55
9199,61
9200,60
9201,58
9202,55
9203,59
9204,57
9205,54
9206,61
9207,56
9208,53
9209,59
9210,61
9211,60
9212,56
9213,53
9214,58
9215,55
9216,61
9217,60
9218,57
9219,61
9220,54
9221,59
9222,57
9223,60
9224,54
9225,56
9226,58
9227,61
9228,53
9229,60
9230,55
9231,58
9232,59
9233,55
9234,61
9235,57
9236,61
9237,54
9238,59
9239,56
9240,60
9241,53
9242,58
9243,56
9244,61
9245,60
9246,55
9247,57
9248,59
9249,60
9250,54
9251,57
9252,61
9253,58
9254,54
9255,56
9256,60
9257,58
9258,56
9259,61
9260,59
9261,61
9262,57
9263,55
9264,59
9265,60
9266,54
9267,57
9268,61
9269,58
9270,60
9271,56
9272,58
9273,55
9274,60
9275,59
9276,61
9277,57
9278,55
9279,59
9280,60
9281,56
9282,61
9283,58
9284,59
9285,56
9286,61
9287,57
9288,60
9289,55
9290,59
9291,57
9292,61
9293,58
9294,60
9295,56
9296,61
9297,58
9298,59
9299,55
9300,61
9301,57
9302,60
9303,59
9304,56
9305,61
9306,58
9307,61
9308,59
9309,56
9310,60
9311,57
9312,59
9313,61
9314,57
9315,60
9316,58
9317,61
9318,56
9319,58
9320,59
9321,61
9322,60
9323,57
9324,59
9325,61
9326,56
9327,60
9328,58
9329,60
9330,57
9331,59
9332,61
9333,60
9334,57
9335,58
9336,61
9337,61
9338,59
9339,58
9340,60
9341,59
9342,57
9343,61
9344,60
9345,58
9346,60
9347,61
9348,59
9349,57
9350,60
9351,58
9352,61
9353,61
9354,59
9355,58
9356,60
9357,59
9358,61
9359,60
9360,58
9361,60
9362,61
9363,59
9364,60
9365,58
9366,61
9367,61
9368,59
9369,60
9370,61
9371,59
9372,60
9373,60
9374,61
9375,59
9376,60
9377,61
9378,61
9379,59
9380,60
9381,61
9382,60
9383,60
9384,61
9385,60
9386,61
9387,61
9388,60
9389,61
9390,60
9391,61
9392,61
9393,61
9394,61
9395,61
9396,61
9397,61
9398,61
9399,61
