-2.994400482759172477e-01,-5.165207989035203173e-01,-3.237632162760289978e-01
-1.023921993518544404e+00,-6.153657022191852954e-01,-3.287651553496311330e-01
-9.514374130990806977e-01,-6.137858994229848930e-01,-3.287530019859544739e-01
-1.012120664883648047e+00,-6.094056134509647782e-01,-3.287090963966736723e-01
-9.926161179872325935e-01,-6.089790507533734409e-01,-3.285683651632764213e-01
-3.719819092709887587e-02,-2.983702852085409196e-01,-2.743885135716064849e-01
-1.133556327589181123e+00,-6.154790917626682401e-01,-3.287651596903455875e-01
-1.115666655058184187e+00,-6.153419692770896177e-01,-3.287651659093889789e-01
-1.154098328644048488e+00,-6.156713252106321699e-01,-3.287652050904178447e-01
-4.099907832212034697e-01,-6.083377582059863453e-01,-3.287158870101037911e-01
-1.036885641340569375e+00,-6.155957536351288617e-01,-3.287651978974029388e-01
-1.088800801705962051e+00,-6.146659605971392937e-01,-3.287619206738037758e-01
-4.471669840688451414e-01,-6.126966431789635514e-01,-3.287571016384946976e-01
9.087317034396797943e-01,-4.538642515338534023e-01,-3.229496537416731150e-01
-1.102773934317220039e+00,-6.155484622180666943e-01,-3.287652003616003404e-01
-1.125398104227602669e+00,-6.156199594451314816e-01,-3.287651845939457695e-01
-5.185342104631526228e-01,-5.975477267338538123e-01,-3.285663868890593697e-01
9.533812094630634837e-01,-2.089080479796856238e-01,-2.933714428308125677e-01
-1.146737782578016507e+00,-6.156667405996582021e-01,-3.287652050400131643e-01
-8.843425717817745557e-01,-6.153688718451590933e-01,-3.287649844975241709e-01
-1.151804956952890535e+00,-6.156643158631722734e-01,-3.287652049362033146e-01
-1.133812022119232710e+00,-6.156302147491792276e-01,-3.287651796863465536e-01
-6.226133959307420529e-01,-5.203068878061141156e-01,-3.147374819341817176e-01
-1.155551916585984884e+00,-6.156724047459253280e-01,-3.287652050910286894e-01
-5.744520701954449610e-02,-3.368470664825384264e-01,-3.022733959227920653e-01
-9.719051044130964101e-01,-6.149309132309737080e-01,-3.287646149644822824e-01
-1.098520627072130607e+00,-6.146975582161371410e-01,-3.287647049273748068e-01
2.653913074841949826e-01,-5.779454417588000270e-01,-3.281846464192713086e-01
-4.064860906372552707e-01,-5.925692880337714019e-01,-3.282632599335641443e-01
-4.581468422157808362e-01,-6.118470825143192959e-01,-3.287614028544940115e-01
6.844714263875533167e-01,-6.113897003473202085e-01,-3.287589193105417973e-01
2.762911574634732692e-01,-5.002053354196158708e-01,-3.242437421715439472e-01
-6.344872497124610655e-01,-5.428119502332631185e-01,-3.273600669856724932e-01
-9.741863826336849552e-01,-6.138433390986979266e-01,-3.287524351959562052e-01
-1.142626604047517036e+00,-6.155943146085595119e-01,-3.287651900814851924e-01
-1.139294205766693047e+00,-6.156195357987479522e-01,-3.287651878734240696e-01
-4.940523168993852243e-01,-6.148791298270748218e-01,-3.287650374350845617e-01
-1.125669967026825535e+00,-6.156526082029825098e-01,-3.287652038441766233e-01
-1.156980973266874546e+00,-6.156748193733129204e-01,-3.287652050960226391e-01
-1.889049392863502777e-02,-3.641314364357415845e-01,-2.939297533202878676e-01
3.266216123499265378e-01,-5.973447934806842552e-01,-3.286152567501891553e-01
-1.154716363010678926e+00,-6.156729617992414694e-01,-3.287652050942869719e-01
-1.029301966013392855e+00,-6.105630431973266825e-01,-3.287536492571307978e-01
-7.702592738522774374e-01,-6.122263072714111409e-01,-3.287614403109737071e-01
8.610198204948916745e-01,-1.862781272352410922e-01,-2.740558020147390583e-01
-1.145427822694637277e+00,-6.156622738841073250e-01,-3.287652047753162332e-01
-1.035597114604919433e+00,-6.155936756320258274e-01,-3.287652018829785860e-01
7.688829628327940036e-01,5.924482591671976772e-01,4.328752709412220928e-02
-1.151521216143258863e+00,-6.156701473617137710e-01,-3.287652038582474234e-01
-1.127172358115645423e+00,-6.153570786100491796e-01,-3.287643749134344096e-01
-7.733786555059417589e-01,-6.141082811605974578e-01,-3.287629675254902795e-01
-1.093625891074296863e+00,-6.156113460020710137e-01,-3.287652038699545032e-01
1.953203553601251530e-01,-5.576790507080577886e-01,-3.277261252095233779e-01
-1.111480558299779098e+00,-6.156355771724574266e-01,-3.287652039874457977e-01
-8.581060744302689836e-01,-6.123677642299379942e-01,-3.287620939512739815e-01
-2.861927298767127925e-01,-3.693309686064016328e-01,-3.137353945684880907e-01
-2.205139500779019213e-01,-6.144384148731162343e-01,-3.287642698162395183e-01
-1.136415985540414120e+00,-6.156409628136260137e-01,-3.287652045292378533e-01
-6.976605432856969324e-01,-5.447020644347312368e-01,-3.247606375453696015e-01
-1.131240484803492041e+00,-6.156103831489063705e-01,-3.287652019829360728e-01
-6.058433889547863022e-02,-5.183046247834718345e-01,-3.227551398943069860e-01
2.157526907527263227e-01,-6.095698057482888954e-01,-3.287543884003230610e-01
-1.075860931595094883e+00,-6.139823869291759495e-01,-3.287513175725253478e-01
1.100991373037569110e+00,-1.900972264567555581e-01,-2.711183555417732149e-01
-6.986814201999762552e-01,-5.973400508655415386e-01,-3.282903114501455888e-01
-7.335405763323922246e-01,-6.148246272387117850e-01,-3.287650081668612723e-01
-1.136011614102938383e+00,-6.155321804366472582e-01,-3.287651961178122972e-01
-1.094360828301884192e+00,-6.144617253671446067e-01,-3.287644701878189024e-01
-1.146838943859989079e+00,-6.156356938139100343e-01,-3.287652046267754979e-01
1.124675985878790946e-01,-2.237243885986407443e-01,-2.846883155984278324e-01
-1.157113810443829882e+00,-6.156747094233080420e-01,-3.287652049755757089e-01
3.967711343756950559e-01,-5.945399333673213604e-01,-3.286091372420901213e-01
-8.648371818812508049e-01,-6.152939707726335916e-01,-3.287650405412188559e-01
-1.075996093818840649e+00,-6.137307657678552353e-01,-3.287588707231691165e-01
-6.063032949498540214e-01,-6.138619675675669463e-01,-3.287643233132895859e-01
-8.735978811461245774e-01,-6.007988947037085081e-01,-3.286214529118850480e-01
-1.153510877140925706e+00,-6.156692987385703475e-01,-3.287652011660124329e-01
8.075643734997440815e-01,-5.555596054921614346e-01,-3.280325384077015793e-01
-1.156850196222976246e+00,-6.156747646737593671e-01,-3.287652050951430094e-01
2.023285538979986697e-01,-5.723311096404491982e-01,-3.282812506049608281e-01
-6.214285849120648741e-01,-6.145215538908612718e-01,-3.287644366689806974e-01
-8.747312844670099841e-01,-6.067839860048196421e-01,-3.287314513682317307e-01
-5.382763302917987769e-01,-6.127511244320138495e-01,-3.287626652823648077e-01
-1.053523751867554203e+00,-6.143017854283758794e-01,-3.287541643695833793e-01
-1.900099981634033319e-01,-3.663956021780070405e-01,-2.817328581717140068e-01
-3.396763324175862686e-01,-4.559087902880094578e-01,-3.177691608140814639e-01
-3.204737133409142902e-01,-6.131529340890924384e-01,-3.287599484625451929e-01
-7.693983628133546082e-01,-5.668528983890411821e-01,-3.276802532580408989e-01
-1.055296837223985928e+00,-6.155629944931589881e-01,-3.287651990808917457e-01
4.259887341663935456e-01,-5.107878027088208484e-01,-3.239202615302524402e-01
-4.872186526982981158e-01,-4.799883820429304282e-01,-3.157198048848403604e-01
-1.011468703486738008e+00,-6.105451660499506827e-01,-3.286513768301552174e-01
-8.249728329404567573e-01,-6.004139017399291456e-01,-3.283523523940943267e-01
-1.141969076166129415e+00,-6.156357615013416940e-01,-3.287652039806603366e-01
-9.326009713551371982e-01,-6.149531139767149268e-01,-3.287650002939205840e-01
-1.073785997091286859e+00,-6.146340680496359399e-01,-3.287613511761841578e-01
-1.155010490223103758e+00,-6.156737788311085202e-01,-3.287652050904842360e-01
7.903538782313040967e-01,-5.845338746089212556e-01,-3.284192562655801062e-01
-1.118801566370651202e+00,-6.156467423368247038e-01,-3.287651938803777818e-01
7.576342604553485405e-01,-4.758614432207495804e-01,-3.219392273017627759e-01
-1.147410406209735001e+00,-6.156548315260008675e-01,-3.287651836373886027e-01
-6.487956965856299663e-01,-6.010798301339769223e-01,-3.286963991015255937e-01
-7.847007432227043333e-01,-6.147039134118377213e-01,-3.287636867970566978e-01
-1.149825055568241883e+00,-6.156618262809245845e-01,-3.287651891753178846e-01
-1.117603685466691754e+00,-6.155609202406293612e-01,-3.287651647280780964e-01
-3.194670801617747191e-01,-3.510271388123527569e-01,-2.574837927216321876e-01
-1.104301221345078909e+00,-6.155998863219444006e-01,-3.287651342123314446e-01
5.553804175916316616e-02,-5.039451909708422273e-01,-3.258677418909835533e-01
-8.507414927532433446e-02,-4.948467040350459367e-01,-3.226220676437596135e-01
-1.118910129554979260e+00,-6.154549447399551010e-01,-3.287651895513213907e-01
5.106740509559434260e-01,-6.067007052641876230e-01,-3.287480277598151535e-01
-1.119106069123068092e+00,-6.155678650860066936e-01,-3.287649955079170461e-01
-1.029937547260718178e+00,-6.151066350862312015e-01,-3.287639597784849377e-01
-9.894795831550765586e-01,-6.039050886948612584e-01,-3.280193801798333975e-01
-8.687748089178067845e-01,-6.131880730162039272e-01,-3.287634791235579668e-01
-1.146280303944726020e+00,-6.156573496738516615e-01,-3.287652018629932948e-01
-1.153655514394159587e+00,-6.156713767453412256e-01,-3.287652049946633293e-01
-4.098839739237678526e-01,-6.051691482222550933e-01,-3.286900321902118116e-01
-1.049556105389440330e-01,-6.148761413837338097e-01,-3.287648795691884840e-01
-7.787075997026370322e-01,-5.698994392816228993e-01,-3.279295709642095491e-01
7.136048922805882100e-01,8.176963027580666510e-02,-1.675184878305639169e-01
-5.152569952647372276e-01,-5.483089874531434926e-01,-3.253503481668925668e-01
-9.493231684194092246e-01,-6.154299529870750352e-01,-3.287650099507911650e-01
-3.400219308171907873e-01,-4.091849209056464542e-01,-3.173466965286940722e-01
-1.024189812340128292e+00,-6.107482825130076121e-01,-3.287580050255087816e-01
-7.604903991201364954e-01,-6.118803782655999335e-01,-3.287442057592090405e-01
-1.125704716282073692e+00,-6.155798300204822215e-01,-3.287652023864386375e-01
-1.127417403191271594e+00,-6.153707063739153327e-01,-3.287651746171809664e-01
-1.019737910558220495e+00,-6.149442048137149230e-01,-3.287650146166313236e-01
-1.157194496847018472e+00,-6.156748827656404188e-01,-3.287652050958123073e-01
-1.086358576402107090e+00,-6.155800903380997946e-01,-3.287652018118277231e-01
-1.089092610973879660e+00,-6.141953348884298114e-01,-3.287396409490646598e-01
1.623037603690648867e+00,2.141458510549450356e+00,1.402721347408299568e+00
-1.149176116253209035e+00,-6.156619044908816507e-01,-3.287652050414501814e-01
-1.155607503228058830e+00,-6.156724286462464946e-01,-3.287652045685347524e-01
-1.157109354756094888e+00,-6.156746945630081624e-01,-3.287652047781614573e-01
-1.069744620309888150e+00,-6.144289610713831173e-01,-3.287557779742195097e-01
-9.977640353181381760e-01,-6.075909022349085253e-01,-3.286019537727541961e-01
9.041862882873943352e-01,-5.915771338781444788e-01,-3.286053303176171281e-01
-1.145823851342718136e+00,-6.156664588215415845e-01,-3.287652035751609803e-01
-1.135935761892184148e+00,-6.156281963108339861e-01,-3.287652038224515016e-01
-1.037235975020568191e+00,-6.155518778264887914e-01,-3.287651737767675608e-01
-1.144854402797642390e+00,-6.156668474430641025e-01,-3.287652050683000926e-01
-1.156462340203145089e+00,-6.156739056690399003e-01,-3.287652048751579792e-01
4.789764712908121114e-01,-5.167996084303366766e-01,-3.265014259680932840e-01
7.483995566373100039e-02,-6.068962082179565343e-01,-3.287456879989293923e-01
-1.068476082701901975e+00,-6.155449576377769461e-01,-3.287650956816328685e-01
5.200836866523094182e-01,3.297421635646256011e-01,-1.072623238184650107e-01
-7.867639749822322726e-01,-5.888289067397908250e-01,-3.284338830420163724e-01
-1.123083290697186376e+00,-6.154861948447900577e-01,-3.287651899290657820e-01
-1.155093257756952818e+00,-6.156714829533086464e-01,-3.287652050872245657e-01
-9.940851211468821891e-01,-6.089393998131849006e-01,-3.287522965336021619e-01
-7.521757098579190393e-01,-6.150664229644198233e-01,-3.287650733938575764e-01
-1.147226926144784498e+00,-6.156606404514877173e-01,-3.287652050197932829e-01
5.417569501103211005e-01,-4.330474406647499275e-01,-3.156137080309521226e-01
-1.055799120786769407e+00,-6.153939767696019469e-01,-3.287651752774205516e-01
-1.156838846870882342e+00,-6.156747216180602500e-01,-3.287652050962199812e-01
-1.073566407933779887e+00,-6.151776622237838943e-01,-3.287635046499102209e-01
-1.118439482085068271e+00,-6.153686066899017870e-01,-3.287649169565234897e-01
-1.118547539098493582e+00,-6.152462549780233214e-01,-3.287651512656124542e-01
-2.638575304189084703e-01,-5.416270341041977687e-01,-3.265694289150037899e-01
-9.238700518465050582e-01,-6.061551009753719521e-01,-3.285084581703269779e-01
-1.108091933175064492e+00,-6.150600924361837585e-01,-3.287650923832751704e-01
-1.127658498719402491e+00,-6.154706661885110952e-01,-3.287641811226973965e-01
-1.131097338163443045e+00,-6.154365077282455410e-01,-3.287651881230532758e-01
-9.135473292659003208e-01,-6.053628923186745725e-01,-3.286183287757977745e-01
-1.060683136529061876e+00,-6.127343191606733352e-01,-3.287623135516775652e-01
-1.083103699331556813e+00,-6.140874963095681593e-01,-3.287643940330893244e-01
-5.823781871300358626e-01,-5.507874642243172358e-01,-3.259844136019445782e-01
-9.060403544581662194e-01,-6.147197017243333228e-01,-3.287629037580096503e-01
-7.062498761269181413e-01,-5.668705681376356997e-01,-3.270505094530935519e-01
-1.132447184112270300e+00,-6.155442810525367792e-01,-3.287651886658203293e-01
-7.000884828232029067e-01,-6.049723332304761669e-01,-3.287023337274847523e-01
-3.275043948204272581e-01,-5.811129769876980378e-01,-3.282231916140304628e-01
-4.632653415003577524e-01,-5.258878278481341484e-01,-3.257267913131498549e-01
-1.132439459788866731e+00,-6.156375737414409022e-01,-3.287651962523709392e-01
-5.107269016165714159e-01,-6.011194936493682306e-01,-3.285612314346881835e-01
-1.001895569037498213e+00,-6.149492720550751024e-01,-3.287630306135596037e-01
-1.140063006428573056e+00,-6.155990611458782569e-01,-3.287652033748455493e-01
-7.398108622076963181e-01,-6.140980458977389755e-01,-3.287613108862691425e-01
-1.155727053776084645e+00,-6.156719227864334565e-01,-3.287652011754341741e-01
-1.728448914703136219e-01,-6.109520740880177714e-01,-3.287584991753720320e-01
-7.902979641466456595e-01,-6.128196402349447292e-01,-3.287534287747728712e-01
-1.141213656623593753e+00,-6.155855993411698535e-01,-3.287652012913171440e-01
-1.147142531270189503e+00,-6.156335720559901192e-01,-3.287652042871062052e-01
8.525034331985271718e-01,-6.123797266317588806e-01,-3.287617584873379073e-01
1.829272612951565041e-02,-5.932452105167497214e-01,-3.286323856212960415e-01
-1.148487943837274372e+00,-6.156665697453201913e-01,-3.287652050697255635e-01
9.597119029966420800e-02,-5.611665424465311913e-01,-3.280756194695734207e-01
-6.608891439215471841e-01,-5.485940288702216838e-01,-3.275344405023933314e-01
-6.173529701075858300e-01,-6.149966832522650861e-01,-3.287650741424268386e-01
-7.004119645935950045e-01,-6.153093598245764628e-01,-3.287651636730228866e-01
-1.014177243897462333e+00,-6.155680316232571281e-01,-3.287652015028618702e-01
-1.148725751129532124e+00,-6.156614691084799640e-01,-3.287652047296741875e-01
-7.597084208813424944e-01,-6.141214715964019577e-01,-3.287644901939422160e-01
-1.022259995134710886e+00,-6.093835239691681727e-01,-3.285819844991662575e-01
-1.122938975844403053e+00,-6.153465875313864908e-01,-3.287651595630304291e-01
-1.101562649238079450e+00,-6.153604136364940747e-01,-3.287649136820767204e-01
9.825859146105318798e-02,-5.564532227631767691e-01,-3.276068098982468646e-01
-6.771818241217345546e-01,-6.057886552524107682e-01,-3.287391323420309486e-01
-1.561629665577822512e-01,-5.663784699526748234e-01,-3.270629811541961862e-01
-1.157415454514872932e+00,-6.156750455069665007e-01,-3.287652050900644607e-01
8.316960196271877548e-01,1.032443951104787816e+00,9.264164641075426365e-01
-1.036528199973483888e+00,-6.143255356126429145e-01,-3.287630539716140943e-01
-6.400957845987096384e-01,-6.136838264005031185e-01,-3.287631480094894698e-01
1.188452483022383183e-01,-1.487036503815928994e-02,-8.739410165912346595e-02
4.027275240918770649e-01,-5.259929687856673697e-01,-3.252269432687651673e-01
-1.154695402863094689e+00,-6.156706301380781010e-01,-3.287652050890124689e-01
-9.415935894726837896e-01,-6.154675861214318200e-01,-3.287651918524115979e-01
-1.114115565616285108e+00,-6.155593628841020681e-01,-3.287651995255902460e-01
-9.044762213910052528e-01,-6.078092067263120013e-01,-3.285924126960019231e-01
1.547021608599039144e+00,1.997784399675220923e+00,1.799655642056446458e+00
-1.150663224271782248e+00,-6.156671901180099660e-01,-3.287652050689232053e-01
-9.910458808021556376e-02,-4.126190967218640315e-01,-2.993463559180034039e-01
-4.484597555631985033e-01,-5.651402301160094455e-01,-3.280929815951570960e-01
-1.150949426283979449e+00,-6.156686827453288213e-01,-3.287652050813665294e-01
-1.032758737320652598e+00,-6.095493763162175282e-01,-3.285145718060336062e-01
-8.942886038461291820e-01,-6.154890819106232369e-01,-3.287651942672322747e-01
-6.310521686787419204e-01,-5.281040296615466811e-01,-3.219022673195323092e-01
-1.132351151433825587e+00,-6.155679412786212445e-01,-3.287648921142833913e-01
-5.932269103731472315e-01,-6.144143224424408745e-01,-3.287646956900170392e-01
7.307540717441637357e-01,-6.017716277754574516e-01,-3.286956797852171874e-01
9.891152036604552444e-01,-3.396335085785850416e-01,-3.072052945403485058e-01
-1.129892037251895021e+00,-6.156536471235011243e-01,-3.287652048632541124e-01
-1.138508928586705382e+00,-6.156515654826243411e-01,-3.287652049220232131e-01
-1.140297712078886194e+00,-6.156596474382002304e-01,-3.287652050182607311e-01
-8.886847899489048741e-01,-5.913100859198602288e-01,-3.277147372873298048e-01
-1.135795114594682964e+00,-6.155990267773554514e-01,-3.287652032355581344e-01
-4.625606994857345278e-01,-5.347551086718881352e-01,-3.259763376020706760e-01
-6.983582138038366693e-01,-5.994378550264480854e-01,-3.286420319726217620e-01
4.721023476184397875e-03,-6.148487242693109200e-01,-3.287649515502064634e-01
4.172398218251039403e-01,1.053987219937219943e-01,-6.695087273756873680e-02
-1.074661091662663104e+00,-6.153825259674867709e-01,-3.287651515876303665e-01
-1.105612422363846825e+00,-6.154766566175801090e-01,-3.287651933793689363e-01
1.069837030012021351e-01,-8.407928041967037414e-02,-2.620231278413849285e-01
2.314469706113158054e-01,-4.519117716034991017e-01,-3.171195215836807302e-01
-1.157250315345025093e+00,-6.156749183597897135e-01,-3.287652050794507841e-01
-4.707681944008297314e-01,-4.237773961542972145e-01,-2.816952172398090593e-01
-1.084357085159961986e+00,-6.152326860390765484e-01,-3.287651159886958441e-01
-4.618844448535694425e-01,-4.871640038349071000e-01,-3.140639099158279990e-01
-1.092504973014575498e+00,-6.140313100123390155e-01,-3.287296746179683149e-01
-1.100133516625601215e+00,-6.150611347729074696e-01,-3.287650219572985644e-01
-3.797781450874754827e-01,-6.065906768966410345e-01,-3.287350790274394252e-01
9.985435566862429502e-01,-4.347920475536473095e-01,-3.198189448318847217e-01
7.571845990974118701e-01,-4.296306349527437285e-01,-3.211394175843953480e-01
-1.098780762105659115e+00,-6.155845146777947363e-01,-3.287652024099133041e-01
-9.926594871372843576e-01,-6.152696417416692043e-01,-3.287651582138529927e-01
-1.152240187782053837e+00,-6.156683591012284129e-01,-3.287652045878117768e-01
-1.139048312885637237e+00,-6.155939080114709583e-01,-3.287650696676164275e-01
-1.155589435875999271e+00,-6.156723060627696809e-01,-3.287652030755254251e-01
-1.060165698019168712e+00,-6.151510597726862484e-01,-3.287646208948163395e-01
-1.148688351121188500e+00,-6.156574138803484475e-01,-3.287652049709826607e-01
-1.151542887116332459e+00,-6.156655029932744938e-01,-3.287652050176879670e-01
-1.143337417939164435e+00,-6.156183988188000944e-01,-3.287651645622281515e-01
-1.089881278827067979e+00,-6.155765249202496125e-01,-3.287651641466634578e-01
-9.039320283190751537e-01,-6.152470560095831820e-01,-3.287647025710472848e-01
-1.115614312241450801e+00,-6.156491787703092244e-01,-3.287652008044605334e-01
-1.034471887037213600e+00,-6.136656740301649204e-01,-3.287477472207307461e-01
-1.153576739317587085e+00,-6.156714513571428515e-01,-3.287652048827899298e-01
-1.156564437320633854e+00,-6.156742683477653966e-01,-3.287652048605334554e-01
-2.441496205504229897e-02,-5.411196191447806836e-01,-3.261447825096606690e-01
-7.461579095185830734e-01,-5.483427031856153988e-01,-3.190067353737081057e-01
7.915425253844158293e-01,-4.596078198754112720e-01,-3.200101120154936751e-01
5.839737265909790143e-01,-4.304355559155931266e-01,-3.172157807287773745e-01
-8.101474585806230921e-01,-6.098772711866439211e-01,-3.287287788024352841e-01
-5.704394428759606006e-01,-5.731304309229552363e-01,-3.267531923298690466e-01
-1.013846902758126056e+00,-6.076740945456492460e-01,-3.284323887330980463e-01
-1.511338601280712568e-01,-6.094984139137661350e-01,-3.287516915735855250e-01
-1.145935932034539473e+00,-6.156467671521196339e-01,-3.287652038289322620e-01
-1.006758059666133187e+00,-6.112191894062526387e-01,-3.286766264447939512e-01
-2.100157964501859487e-01,-5.851920369525064336e-01,-3.281478212941149053e-01
-1.141889604356053356e+00,-6.156242431000638060e-01,-3.287652023161671822e-01
-1.138375373792786638e+00,-6.156053583401948082e-01,-3.287651947499540817e-01
-8.548416718646366652e-01,-6.032303920480464043e-01,-3.287163142164128415e-01
-8.502071224449595510e-01,-5.774013257503538554e-01,-3.246013739570540735e-01
-7.037667130210312205e-01,-6.141652388999558898e-01,-3.287645871225740590e-01
1.813631039532521694e-01,-6.047991905920959699e-01,-3.287046174585807612e-01
-9.541446197794269946e-01,-6.115611626685383273e-01,-3.287582658660220813e-01
-7.396429700249796957e-01,-6.122372596788447918e-01,-3.287620104038126434e-01
-8.986255515049057507e-01,-6.154982653900200607e-01,-3.287651658152270784e-01
-7.460988703897810659e-01,-6.150400323748534959e-01,-3.287648196330671957e-01
-6.359365437116829556e-01,-6.021555602921067063e-01,-3.286711302337878560e-01
-2.303861823032223588e-01,-5.863090119731897421e-01,-3.285528221754575040e-01
-8.870125396805221829e-01,-5.897776733605303301e-01,-3.274007766813255560e-01
-1.155197742574617825e+00,-6.156717671885995058e-01,-3.287652050917993507e-01
1.054794401635165135e-01,-6.022096125299291058e-01,-3.286658310600233945e-01
-6.506240472550959275e-01,-5.778562869779493294e-01,-3.282975687873730952e-01
-8.271178647886280322e-01,-6.149763723241677971e-01,-3.287643374830911958e-01
-1.156473548945921470e+00,-6.156742155462235910e-01,-3.287652049962085377e-01
-4.888797542476907565e-01,-4.438557050225374057e-01,-2.913141232452681195e-01
6.129731316213792303e-01,5.537348600328077103e-02,-2.338356019472571101e-01
-1.149200886241659614e+00,-6.156568308944331269e-01,-3.287651768703580557e-01
-1.076314854060272275e+00,-6.147366727766448991e-01,-3.287648088461029294e-01
-9.589053754167975452e-01,-6.142091455494882446e-01,-3.287596189433237837e-01
9.302804755526545843e-01,9.055971121381330979e-01,2.220699539052880256e-01
-1.151518397617431244e+00,-6.156698493703433028e-01,-3.287652050602122844e-01
-8.939206593605650841e-01,-6.052560865465445028e-01,-3.284610642586170970e-01
-3.387652976911526004e-01,-6.072339226164331638e-01,-3.287204819637951636e-01
-2.858402947023075402e-01,-3.667962064043533421e-01,-2.789542173372865919e-01
-1.152126135152036435e+00,-6.156684097752086471e-01,-3.287651997268709048e-01
7.202691429146734770e-01,-2.398634665987739722e-01,-2.868505471491963332e-01
-9.337156326760663871e-01,-6.154242612936179357e-01,-3.287650569137047230e-01
-9.548233356708656361e-01,-6.151914395020018356e-01,-3.287645100725861691e-01
6.303305341454789046e-01,-6.064699491089461381e-01,-3.287340464781787763e-01
-1.148306919975514040e+00,-6.156479504705306693e-01,-3.287652000060841129e-01
-1.146429425401513935e+00,-6.156385910316997112e-01,-3.287652043499275645e-01
4.265260764571202068e-02,-3.940344515058434860e-01,-3.165163117060951770e-01
-1.145225339577673029e+00,-6.156177380374094898e-01,-3.287651852416246800e-01
4.138148164933628248e-01,-6.144534071304627032e-01,-3.287648087272100339e-01
2.484434293066281885e-01,-6.035755382296529303e-01,-3.287030028648633140e-01
-1.046576439077191889e+00,-6.150500196559151034e-01,-3.287629617002362781e-01
-1.151704018381177752e+00,-6.156601042160499970e-01,-3.287652049517841846e-01
-9.975074451754498694e-01,-6.155595617651319351e-01,-3.287651753875470151e-01
-1.123211037494516784e+00,-6.156435719612375346e-01,-3.287652047684359036e-01
-1.151040119191861777e+00,-6.156584776594097308e-01,-3.287652048040381469e-01
-1.139599008614809561e+00,-6.156599382585852265e-01,-3.287652031970165201e-01
-3.816634860730847012e-01,-6.128281765861480768e-01,-3.287587968166099661e-01
-6.481177724209302715e-01,-6.042647029607035591e-01,-3.285845859092946797e-01
-7.501030058106054055e-01,-5.804193688238019622e-01,-3.280187086352587267e-01
-1.134945409917141657e+00,-6.156049409708186371e-01,-3.287652020800859165e-01
-1.004121662615636845e+00,-6.155063266598175264e-01,-3.287651812330259493e-01
-1.130203833353468523e+00,-6.156312588223489257e-01,-3.287652044978272570e-01
-7.905469536581132273e-01,-6.113040696704240551e-01,-3.287582073309837094e-01
1.369059648959304598e-01,-4.600051339196058464e-01,-3.152767303621632489e-01
-3.883383386016605043e-01,-4.164870152630943401e-01,-3.122210049276856747e-01
-5.828648889987878695e-02,-6.020994519812002954e-01,-3.287097379507147310e-01
-4.033428692349059208e-01,-5.681551656000702888e-01,-3.281470181732564773e-01
-1.078545705458439308e+00,-6.136508506726388035e-01,-3.287593618246510974e-01
-1.084054137244790716e+00,-6.151626782804183735e-01,-3.287651168753326636e-01
-7.819958378540691202e-01,-5.737182998496019870e-01,-3.280189325506081000e-01
-1.147131786724359115e+00,-6.156402320017453356e-01,-3.287651269295419620e-01
-1.148513762221020862e+00,-6.156526961420553112e-01,-3.287652049335213489e-01
-9.758186090278652136e-01,-6.093444694301204390e-01,-3.286238901762408293e-01
4.047512544729144901e-01,-6.052090489467472079e-01,-3.287168442331661611e-01
9.063806286329948447e-01,9.502296739595010588e-02,-2.011224230224415155e-01
-1.152223205137492545e+00,-6.156630925306479929e-01,-3.287651963735807037e-01
-1.122831611489498060e+00,-6.155282702822821861e-01,-3.287651906615712827e-01
-1.657393307836328433e-01,-6.139904100098509954e-01,-3.287639201836058400e-01
-1.122839935903270803e+00,-6.152728639699234225e-01,-3.287651357200733204e-01
-1.549464964800309312e-02,-1.445098194233057909e-01,-1.840257018447730153e-01
-1.155276318747848752e+00,-6.156723717149140684e-01,-3.287652044846343657e-01
-1.143313860782249280e+00,-6.156080732626414420e-01,-3.287652036700428049e-01
-4.755273118050034609e-01,-6.143714129890518461e-01,-3.287635114381108337e-01
-6.812865926038936815e-01,-5.892687578731383713e-01,-3.277474130736576230e-01
-1.023140179245151105e+00,-6.115652599800153189e-01,-3.287503730390677337e-01
-9.833351415645538163e-01,-6.152589890470039347e-01,-3.287651051588154627e-01
-1.016244827073565782e+00,-6.136577700489345144e-01,-3.287511695818068347e-01
-1.559664512166334116e-01,-6.148494919457538899e-01,-3.287648846720997997e-01
-1.069757988038523511e+00,-6.150880159955054438e-01,-3.287628308244028852e-01
-6.328990625888615551e-02,-3.870718864486566435e-01,-3.079905113865221145e-01
1.430469964064903454e+00,1.506421172031595646e+00,9.683987630722853401e-01
-8.918738130407382059e-01,-6.084551764369278137e-01,-3.287148907186724367e-01
-2.972098444025538799e-01,-6.148964408991709485e-01,-3.287648302388563315e-01
-7.012091525985865159e-01,-6.151638710729214754e-01,-3.287651321776565716e-01
-1.153743155682790622e+00,-6.156702389770062345e-01,-3.287652050876534449e-01
-5.232960129084607281e-01,-5.838151351527899324e-01,-3.284769658429812500e-01
-8.971807241458548132e-01,-5.962588179059764570e-01,-3.276042586234375609e-01
-1.156215859247704314e+00,-6.156738276022994949e-01,-3.287652050951639371e-01
1.149271810712064301e+00,1.361837182506930199e+00,1.019043804862670877e+00
-1.138904623711964437e+00,-6.156096583095161945e-01,-3.287651969102618477e-01
-1.132338587934265339e+00,-6.154086582542630524e-01,-3.287630382109464899e-01
-1.009971445248604160e+00,-6.146717392783058731e-01,-3.287636570544786307e-01
-5.107429657642350573e-01,-5.261602844085739861e-01,-3.210024632894872276e-01
-1.073191637229921058e+00,-6.156273506496661163e-01,-3.287652029561315969e-01
-1.141655456304381477e+00,-6.155862055351297712e-01,-3.287651439332041625e-01
-1.100206653508388976e+00,-6.155444034461867719e-01,-3.287651880686514594e-01
-8.746164893445149691e-01,-6.114724017026388347e-01,-3.287596750795052647e-01
1.119243289536840241e-01,-6.129798332123447269e-01,-3.287634301133768866e-01
4.443197068452199583e-02,-6.007925528515474234e-01,-3.286767945844488170e-01
-1.102013048120334293e+00,-6.151473442040455986e-01,-3.287649884544462942e-01
4.660386743755299266e-01,-5.959855911740448153e-01,-3.286033840818124996e-01
-1.138199167056657579e+00,-6.155138460167010050e-01,-3.287641206269871219e-01
5.608451758640318197e-01,-9.419203966090554381e-02,-2.178977269563214803e-01
-1.124262905511590471e+00,-6.154948110193334543e-01,-3.287651767883836285e-01
-7.608368586008709133e-01,-6.153764631913629657e-01,-3.287651219880007303e-01
-4.798527977990172388e-01,-5.985431913157565065e-01,-3.284921725853218732e-01
-1.139160940480169248e+00,-6.155869728536329522e-01,-3.287651922476867439e-01
-1.054140248083313969e+00,-6.136603755809111327e-01,-3.287519220186695956e-01
-1.052494330683023671e+00,-6.153130050866317813e-01,-3.287645548534213757e-01
9.464215219097225074e-01,9.397599332391772808e-01,2.815256147649919383e-01
-1.157181255918709573e+00,-6.156749174510585121e-01,-3.287652050950916061e-01
-1.070375493230483865e+00,-6.132841591553496174e-01,-3.287519948750585175e-01
-1.041989920614043053e+00,-6.152955554565839869e-01,-3.287651498034409037e-01
-1.153407674829206142e+00,-6.156665132346753611e-01,-3.287651971839131715e-01
5.836560899632579069e-01,-6.120324652081261529e-01,-3.287620008053442344e-01
-7.558059852600614859e-01,-6.145452485157721911e-01,-3.287640816615213790e-01
-1.101505237783300784e+00,-6.146573462624274065e-01,-3.287625036404603351e-01
-9.304369322105001672e-01,-6.153090912973113724e-01,-3.287651346574975153e-01
-1.152025325525613431e+00,-6.156675178444577234e-01,-3.287652050773831602e-01
-1.155537215402137941e+00,-6.156723786729113579e-01,-3.287652050934262160e-01
6.697678908866367964e-01,-4.527164762145418631e-01,-3.232647237968340748e-01
1.357213224030934473e+00,1.705343762349384562e+00,1.052887394238935626e+00
5.235760204898163295e-01,-6.016146411420963958e-01,-3.287112317210544865e-01
-9.217417355424541991e-01,-6.084852491563584875e-01,-3.287475964355527913e-01
6.214072181554163299e-01,-4.973454086479083824e-01,-3.232144409771711135e-01
-1.141940571355477330e+00,-6.156224166429979938e-01,-3.287652029034852097e-01
2.809427077000370421e-01,-6.099137315374146828e-01,-3.287529665455703465e-01
-3.689247659539827695e-01,-6.064432141358684358e-01,-3.286904071166457109e-01
-1.056209956341283451e+00,-6.151659252171290948e-01,-3.287646829509994206e-01
1.033298378816516649e+00,-2.156608950065955765e-01,-2.892559244482863501e-01
-1.106576772606350678e+00,-6.149667252150378127e-01,-3.287648625024035542e-01
-5.616233465547875170e-01,-6.134780198673477347e-01,-3.287630819675753102e-01
-5.732409167824215057e-01,-6.124381914997814036e-01,-3.287623403183856374e-01
-1.138002491480216261e+00,-6.155567586962850113e-01,-3.287651887068455125e-01
-1.140475598079005781e+00,-6.156374559255068935e-01,-3.287651496095763681e-01
-1.092854549724336044e+00,-6.146143420026870530e-01,-3.287621595179023304e-01
-8.856858983708576494e-01,-6.037312402502670317e-01,-3.286239890620709092e-01
-1.069782932104044626e+00,-6.155515277321307321e-01,-3.287651178142661501e-01
1.122593004218199519e+00,1.039902718614214461e+00,6.158102733732784273e-01
-1.156875907218403388e+00,-6.156747660765997665e-01,-3.287652050948995930e-01
-1.152439061970817802e+00,-6.156713702498808338e-01,-3.287652050495373790e-01
-1.134722829394510635e+00,-6.156471954527701351e-01,-3.287651988815535331e-01
-9.664207719350431658e-01,-6.149428045195428627e-01,-3.287646874221964444e-01
5.405259867631159038e-02,-1.797573791870024362e-01,-2.019367282714249756e-01
-1.992161387622420066e-01,-4.235912445086534306e-01,-3.026704171870626126e-01
-1.120188107513392373e+00,-6.154754215627770142e-01,-3.287651282855627577e-01
-1.037960893172137133e+00,-6.135667254911217894e-01,-3.287608485010508619e-01
-1.063263518911114147e+00,-6.143489771965878754e-01,-3.287614643286621008e-01
-8.287392616457294192e-01,-5.934612124150776546e-01,-3.283741725183528803e-01
-1.142017471307677612e+00,-6.156354378542702177e-01,-3.287651943309364833e-01
-1.047707585228591087e+00,-6.132822475717482069e-01,-3.287274548925543938e-01
-4.377235715701562890e-01,-4.858796969349704065e-01,-3.242206238089113124e-01
-4.669219738161441147e-02,-6.146041164523005085e-01,-3.287645342460358555e-01
-8.701589241970231203e-01,-6.126930161103423256e-01,-3.287588153737006635e-01
5.549599467608877512e-02,-4.969575579933340759e-01,-3.236335122339811798e-01
3.424840421875534682e-03,-1.566744187938458599e-01,-2.569758937861471582e-01
-5.160026262846622025e-01,-5.173649551377994538e-01,-3.242315177260717274e-01
4.251076742341882708e-01,-2.816780217313559209e-01,-3.000669708193150487e-01
-1.067778808557742432e+00,-6.145306077256972310e-01,-3.287645817227463074e-01
-1.150895564555614259e+00,-6.156560966235329335e-01,-3.287652023969869775e-01
-1.128664096686104346e+00,-6.155686450079244088e-01,-3.287649883894439018e-01
-3.250594975238272344e-01,-5.899228935786283712e-01,-3.282728053514461508e-01
-1.022611438262033268e+00,-6.155163274609348756e-01,-3.287651412649729710e-01
-9.816754440123965919e-01,-6.144613691131292077e-01,-3.287647332063149963e-01
-4.410103816092546536e-01,-5.489976616393995590e-01,-3.275525216875740386e-01
-1.019159826708887939e+00,-6.152006149578377325e-01,-3.287651204277182160e-01
-1.097453571801431327e+00,-6.154390241268873352e-01,-3.287651284313648503e-01
-1.110961380140551569e+00,-6.155719346695442962e-01,-3.287651987025207445e-01
-8.177864830187216993e-01,-6.103626584118482246e-01,-3.287521079958457548e-01
-1.142205740007818049e+00,-6.156563062690556531e-01,-3.287652049460615400e-01
-1.154280350918627240e+00,-6.156684349024024172e-01,-3.287651977217987964e-01
-1.157451265820642616e+00,-6.156750268796090664e-01,-3.287652050227098943e-01
1.601970208136418716e-01,-6.112719691917332110e-01,-3.287596949517746503e-01
-3.255753987372738134e-01,-3.695416418491110910e-01,-2.839236357037836500e-01
-1.143381931602668544e+00,-6.156457684029085220e-01,-3.287652041562236227e-01
8.694281931076618397e-01,-5.523222961586908841e-01,-3.279158385124187891e-01
-1.148050728877360926e+00,-6.156419178771935785e-01,-3.287651782737959771e-01
-1.155754549283876775e+00,-6.156727981189881183e-01,-3.287652050936664683e-01
-9.798316901127993583e-01,-6.054999407655318189e-01,-3.287351392193653687e-01
-1.152422750225978509e+00,-6.156638295098838531e-01,-3.287652044720879574e-01
-1.080835110599950522e+00,-6.150149619123773670e-01,-3.287633054061252502e-01
-1.150454243293076217e+00,-6.156663335687350136e-01,-3.287651989088389293e-01
-8.226154592308441149e-01,-6.026560114634516019e-01,-3.287094264633481089e-01
-3.868012416517592200e-01,-5.931739509874509597e-01,-3.286172230621498547e-01
5.114482824389576798e-01,-2.466213680239517370e-01,-2.934668770946972094e-01
1.412045542214761806e-01,-5.003714297550283796e-02,-1.334654473571642852e-01
-1.081679769385895051e+00,-6.154619573916050301e-01,-3.287649925742952561e-01
-4.738228730815736700e-01,-6.140761268368990500e-01,-3.287629522581577701e-01
-7.449157210807308971e-01,-5.816459065095079817e-01,-3.266750555903525921e-01
-9.702098420719349470e-01,-6.140522419695890743e-01,-3.287600127231292135e-01
-1.114690046190753847e+00,-6.154115161070281559e-01,-3.287651823855053390e-01
1.492683500311204225e+00,1.489107834762926075e+00,6.292231260141195603e-01
-1.151774701775445608e+00,-6.156634000838220322e-01,-3.287652026779351866e-01
-8.708214778493631458e-01,-6.142478924974138499e-01,-3.287645262831123683e-01
-8.424962306311588600e-01,-6.139794811465327795e-01,-3.287590983698839842e-01
-1.785744171020099968e-01,-6.140460508604828060e-01,-3.287645327685403407e-01
-1.138179927744536357e+00,-6.156370843814337190e-01,-3.287651859341060856e-01
7.815138452748832121e-01,-5.729585669240601087e-01,-3.282795052289998461e-01
-1.116727859529951516e-01,-5.883127138573938097e-01,-3.285626947707214196e-01
-7.725335736778008444e-01,-6.102384875845763279e-01,-3.287187544270291917e-01
1.995285733977355258e-01,-5.061933885513828502e-01,-3.259364531744033955e-01
-4.511973649113388829e-01,-4.570309664773887781e-01,-3.223251596471869984e-01
-1.113354375935391882e+00,-6.156076884349459544e-01,-3.287652014041445026e-01
-1.118526179966917056e+00,-6.156270026376001736e-01,-3.287651922052158282e-01
-1.106201618921905494e+00,-6.155845552017068512e-01,-3.287652008961730599e-01
-3.604939077545174508e-01,-4.459369185976738148e-01,-3.212911657355219663e-01
-2.621939013534703156e-01,-5.801215074242108694e-01,-3.281297821234001599e-01
-8.472510219788889074e-01,-6.141423009473629957e-01,-3.287599358314726161e-01
-9.061751111672999848e-01,-6.115192583895074918e-01,-3.287467546073911673e-01
1.258339000304904143e-01,-5.906639901731842723e-01,-3.284470971191300048e-01
-1.113425883147282525e+00,-6.152599629009903870e-01,-3.287651504192673491e-01
-1.130443873695965884e+00,-6.155416344621561509e-01,-3.287651704551476928e-01
-9.809250868207380902e-01,-6.132077925150223319e-01,-3.287447957924094499e-01
5.417201783617487942e-01,-5.172361101989828569e-01,-3.251151743274113270e-01
-9.468816403059102660e-01,-6.092573767959807984e-01,-3.287534252413463753e-01
-7.836931199635852607e-01,-6.042023543916550388e-01,-3.287015874509588986e-01
-1.157223260997078063e+00,-6.156748995814216308e-01,-3.287652050961905048e-01
-1.150647707259958796e+00,-6.156520700084293640e-01,-3.287651553098177581e-01
-1.117386352188173504e+00,-6.152094578685353143e-01,-3.287633171477684080e-01
-1.083102442666859622e+00,-6.155506022193986126e-01,-3.287651991757823966e-01
-1.156822972424090157e+00,-6.156744381916501307e-01,-3.287652050957110550e-01
-1.092677978787225834e+00,-6.144522723083738480e-01,-3.287617294138839297e-01
-1.038018257599616634e+00,-6.152186695981588516e-01,-3.287650944271672815e-01
-9.883651421020955841e-01,-6.071970307218079732e-01,-3.287306833009933094e-01
-7.466316570294951882e-01,-5.563465502943742980e-01,-3.223206500371931793e-01
-8.277857860750614805e-01,-6.109886139104364622e-01,-3.287278678692609479e-01
-1.062292249239594089e+00,-6.149195552811052012e-01,-3.287615770625311740e-01
-8.613729408564454459e-01,-5.842496632627846020e-01,-3.259480273140838991e-01
-1.155907847125901000e+00,-6.156741086229433613e-01,-3.287652050956026972e-01
-1.155907847125901000e+00,-6.156741086229433613e-01,-3.287652050956026972e-01
6.157793558081830348e-02,-1.266606913594174599e-01,-2.401471519096769480e-01
5.167636504917578755e-01,3.781520971975319001e-01,9.753150117599874991e-02
1.109192905108528748e+00,1.115783887716733425e+00,7.125456097887302720e-01
1.255140702036054101e+00,1.442945555183110740e+00,1.023228495713123021e+00
6.679166890586694938e-02,-8.033184257084631519e-02,-1.893250382960066924e-01
1.441032471445531371e+00,1.619267981975792248e+00,6.437985170728586226e-01
1.387436931059207401e+00,1.364709536373958532e+00,6.756247209668172493e-01
1.157676791903416769e+00,1.484605319706019944e-01,-1.730489307018732437e-01
1.461775376683513761e+00,1.905096215493726319e+00,1.280021536787658842e+00
1.158563203266278929e+00,1.033686876552031508e+00,4.981776531657397533e-01
1.187521025496657695e-01,-6.661790651048442313e-02,-2.474741816757930202e-01
3.381383105111912535e-01,-2.245021058760639579e-02,-2.136267228411992958e-01
7.493163651184221452e-01,-4.415722828393452981e-01,-3.201464935802019740e-01
-1.559092746162590581e-01,-3.048175824675965484e-01,-2.692319183387910653e-01
-2.047085126149655876e-01,-5.199247865894289777e-01,-3.243310566159869901e-01
1.951175947663454258e+00,2.323563125825976350e+00,1.656158183929878902e+00
1.876931280687813119e+00,2.706582356546696211e+00,1.941008911524140235e+00
1.764440633090774979e-01,-2.724376673083245964e-02,-2.175646251189715108e-01
9.558765703562642768e-01,7.766434849218685210e-01,3.566574052428019281e-01
1.893240125797147844e+00,2.122698854405185021e+00,1.160049522334122729e+00
-1.083529482609474764e-01,-3.113199411308439912e-01,-2.813408651716525211e-01
6.459036068628947191e-01,-1.268142669970385820e-02,-2.000585790862358937e-01
1.431262354223120425e+00,1.090094649039606400e+00,4.536891569323398543e-01
9.819205800031752807e-01,6.748293175587679604e-01,6.625447924195339289e-02
1.025759951016316673e+00,-3.156450705427680803e-01,-3.058766822900957361e-01
1.013069886657831598e+00,8.879935132934345665e-01,2.068604955419556246e-01
9.938931150622770661e-01,-2.785692218685112964e-01,-3.016163304121683431e-01
1.123554867666948898e+00,1.031674182102760851e+00,2.893257340951564949e-01
1.553712054871366544e+00,1.927435304523626103e+00,1.208154648420533661e+00
1.622284709040735518e+00,2.184677811449862617e+00,1.628562874372331049e+00
8.571592236564621325e-01,-2.642793209006945032e-01,-2.933785208754375873e-01
-5.049490930057632943e-01,-5.355872424939872589e-01,-3.256539208017808495e-01
-3.015793964992631304e-01,-3.713757788386505276e-01,-3.007559331185347684e-01
7.248299322929827593e-01,5.185512601164183888e-01,1.241186025983528479e-01
-1.148534361543572524e-01,-2.447938501414119727e-01,-2.191653998649271962e-01
1.255821826777064665e+00,1.102911164737807592e+00,4.040808045126288439e-01
1.338222307480841922e+00,1.490647998937658869e+00,8.653199342880223410e-01
6.678539119929977064e-01,-7.056559083040801240e-03,-2.239146976128581212e-01
1.279265478524043154e+00,1.026206983622037106e+00,2.742458906279571784e-01
1.464354720374805297e+00,1.848350981757489020e+00,9.868183277895935523e-01
1.637945528152704666e+00,2.359355296746452169e+00,2.230397965189621079e+00
1.997430339188681181e+00,2.723979616759621081e+00,1.783329736931597687e+00
-1.235464408343323744e-02,-4.550606169089885245e-01,-3.195695086465393242e-01
4.042124646084052086e-01,-1.785975326837645205e-01,-2.635602413296235791e-01
9.308480746284293339e-01,9.395339085511079658e-01,3.323549475801964026e-01
5.877582182225764562e-01,-2.641460441364368306e-01,-2.926600521002900024e-01
1.295884852515300834e+00,1.401393928540304090e+00,5.916598662657448493e-01
1.605082285061599778e+00,1.780766989382179366e+00,1.040508310281429649e+00
1.471325693520186162e+00,9.830433530156258426e-01,2.382213535906618773e-01
3.562772292130072405e+00,8.506178317201726458e+00,1.551506746232371192e+01
1.528196122405024449e+00,1.294237927361329588e+00,6.454532815518309041e-01
-4.267228492260455308e-01,-5.013147061712490693e-01,-3.225079875967582499e-01
1.112564227020027552e+00,1.186120626345373436e-01,-1.944840737402749320e-01
1.710223538293150325e+00,2.491697423256020727e+00,2.298596840787553219e+00
5.322626192384030119e-01,-4.749498201984770351e-01,-3.225048582057258861e-01
2.138252190943179976e+00,3.122715107826373515e+00,2.185499302426728629e+00
7.934268121299391241e-02,-1.217833383337768305e-01,-2.488124741058918010e-01
6.400696878719877025e-01,1.919308657151657660e-01,-1.210151710894227656e-01
9.434848569459270973e-01,2.328068037818301905e-01,-1.518384918409719231e-01
1.420276598891441200e+00,1.812865810752256834e+00,1.133051993639029753e+00
9.136692201590811413e-01,6.361433510728320417e-02,-1.915794893237738883e-01
8.096086258799752855e-01,8.475841742360993303e-01,4.615529540064653991e-01
5.547215363256028375e-01,-7.132508826027372795e-02,-2.235470778774070744e-01
1.015453073054610300e+00,7.082121287023964706e-01,9.885507143939244179e-02
1.140986947259696072e+00,1.265594922677908851e+00,9.330865871667916034e-01
1.664050412064092210e+00,1.889903020508141962e+00,1.036406645309003505e+00
8.434124407549615787e-01,8.225021165820111113e-01,5.448461451701641645e-01
5.345442570122109771e-01,4.017702028479734344e-01,1.300397507494564439e-02
-3.540602899119660307e-02,-5.770738548667428969e-01,-3.280716776078670405e-01
5.976448812686830925e-01,1.491323058172939475e-01,-1.538614944830917763e-01
7.629327165814178136e-01,-3.610164495390979500e-01,-3.149463275238528204e-01
7.588389216408186755e-01,-2.741245453103292595e-01,-2.963173092719053048e-01
1.593615671253326704e+00,2.138591387202442906e+00,1.458667448283400114e+00
-2.380332579900608370e-01,-5.233122593504926368e-01,-3.248352201422259333e-01
1.012393391806898135e+00,-1.002702690220406562e-01,-2.611971308232172717e-01
1.600333979585024213e+00,1.296286646802932596e+00,6.481849158177511727e-01
1.308779561434315175e+00,6.077870361211430428e-01,-3.565883018690629153e-02
-3.586151896018249241e-01,-4.130316214052346391e-01,-3.151575079753806685e-01
1.195593530464510446e+00,6.596421141728877613e-01,1.188059797861367728e-01
2.081788918305989000e+00,3.029473965469912322e+00,2.294921107536961102e+00
1.428724585484554499e+00,1.907505905392074430e+00,1.753549925812158072e+00
1.965896508347831251e+00,2.893235664230150661e+00,2.054997763761463148e+00
1.289311689178875397e+00,1.329923099556689525e+00,6.913140429541573262e-01
4.913399342115750690e-01,-2.825429022921931155e-02,-2.442327455346299803e-01
1.166102338215844414e+00,1.330160812375934087e+00,6.871402800977491898e-01
6.374701395588591168e-01,-2.182801336748072321e-02,-2.027458386082656994e-01
1.132179884579365803e+00,-1.346845235056963290e-02,-2.471483663859510849e-01
6.359907828414639308e-01,-7.975707142662982752e-02,-2.542624878797511423e-01
8.541925454665181272e-01,8.657174195577497233e-01,4.016663986416786902e-01
1.424607752655056458e+00,1.547468092667709350e+00,7.171374720630260269e-01
1.566569456398806182e+00,1.180782591606031495e+00,4.260972828027559944e-01
4.333503937476947399e-01,1.689874040336647454e-01,-2.964796693082927953e-02
1.057415555451177713e+00,1.120137317178831138e+00,6.199755623943944416e-01
4.903459141791178255e-01,-5.969187470495735948e-01,-3.286531723870836363e-01
-2.744578099790271897e-01,-6.149857374885890904e-01,-3.287650257093113204e-01
4.450366644902457591e-01,-3.867315083991340052e-01,-3.101396308199381169e-01
1.526489478458224136e+00,1.937602159792501055e+00,1.124016765157991093e+00
1.119075849833897740e+00,4.576942294195746608e-01,-2.053849084503258510e-02
4.297770291487800209e-01,2.694338526564048486e-01,-8.856519542514174406e-03
4.018638868446438445e-02,-3.870826202643492531e-01,-3.133795498560447146e-01
1.448391449991498492e+00,1.371553512515659934e+00,4.501760227834574191e-01
-5.478667029522286125e-01,-4.900542957926823373e-01,-3.200494214218589928e-01
2.691795365162625853e-01,-1.282895112293326867e-01,-2.660981672373495810e-01
1.193364374668950623e+00,8.975196796057249848e-01,2.545546062475045890e-01
5.587435223389723982e-01,3.550122362835034240e-01,-8.847783140387240064e-02
4.353192498027887991e-01,1.724266062862009341e-01,-1.479029721642545481e-01
8.507834150865826173e-01,7.799493751951200871e-01,1.720492069538709090e-01
6.812973172396720456e-02,-3.716415991676999542e-01,-3.130451766365021649e-01
1.406020918523580798e+00,1.745636517356598860e+00,1.307113866686379522e+00
1.361112512652754125e+00,7.351351948422009119e-01,1.102067807281321976e-01
1.901868589988860991e+00,2.606201407582060980e+00,1.711501053880094991e+00
1.043128513306543548e+00,-8.948716890795629930e-02,-2.716976583187037386e-01
-3.742141939203080248e-01,-4.181897854736439379e-01,-3.090806249133237205e-01
4.482939825967334202e-01,-2.493689102469329455e-01,-2.931156881304380901e-01
1.948019384838110213e+00,2.809632149349425401e+00,1.921347527743011208e+00
1.100027406010276154e+00,1.236509712659186189e+00,8.135765406630289798e-01
-5.083359787291695797e-01,-6.120275506731427395e-01,-3.287589500355548866e-01
9.614836686372840724e-01,1.895377653057206124e-01,-1.534938107580162414e-01
-6.654472529060838637e-01,-5.411929744610664006e-01,-3.254668113798219742e-01
1.405235296389283128e+00,1.511002951244644121e+00,7.558012411747009329e-01
1.865245001110375778e-01,-2.930039755706393967e-01,-2.737540712989337544e-01
9.032283112688503646e-02,-1.251106877744078416e-01,-2.412567343308401335e-01
-7.390589784475072310e-01,-5.653725075858878624e-01,-3.256188785473635994e-01
1.691869381433689368e+00,2.153493716169093908e+00,1.446554138171384229e+00
-1.053399653294276206e+00,-6.132365948437263903e-01,-3.287319572207295648e-01
1.113819386462062244e+00,-1.487276493091500007e-01,-2.619229396031089174e-01
-1.323635679489403374e-02,-2.052072075506581328e-01,-2.351740766508189917e-01
4.452864274111674736e-01,-8.385104832112712930e-03,-2.297834444340559890e-01
1.909847881871221675e+00,2.507952040142909844e+00,1.573186017449840435e+00
7.819223646599438027e-01,6.861382252620539246e-01,8.291036891207970161e-02
-9.581398977160807684e-01,-6.045575198789612248e-01,-3.287001983616595902e-01
8.113967159988073607e-01,7.021617545661585913e-01,2.729207244346598116e-01
1.383552373311273120e+00,8.038519909739818559e-01,1.533270987282879527e-01
-6.315946310044798784e-01,-5.248489654864347820e-01,-3.243580225918742954e-01
1.305515086266043623e+00,5.947081823652328181e-01,-3.729318208460101741e-03
3.833035876151342780e-01,5.194758105989456115e-02,-1.946585257926353174e-01
9.367311368406413541e-01,6.433465284562382980e-01,1.298610399584302633e-01
1.253534451570393227e+00,2.761730944217927197e-01,-1.586568533172325879e-01
1.461181521330777278e+00,1.842536461788681024e+00,1.121404109706856778e+00
1.049333131651527751e+00,1.183066610827289367e+00,7.503919434570052172e-01
4.960723984573183198e-01,8.605084285135565156e-03,-2.009691597443775124e-01
4.276584669019345419e-01,2.693360469228614495e-01,-3.365891483164816511e-02
2.648180340368662677e-01,-3.816027307182611739e-01,-3.105248655961407311e-01
3.148422359099820739e-02,-2.320024327030522637e-01,-2.404567729429509249e-01
1.285693025922523214e+00,1.522911839285205238e+00,7.496367977848377162e-01
7.464567797520920145e-01,-1.233995601950395316e-01,-2.681627383624821670e-01
-4.406632281413570551e-01,-4.332669956325324034e-01,-3.043077373784009998e-01
9.127370461639556787e-01,5.019766990300784659e-01,-1.753414419207156849e-02
3.595226873189738548e-01,-1.886675816437001496e-01,-2.440635114378209014e-01
1.310404862656366465e+00,1.231931579326833059e+00,5.896371569048712846e-01
6.751211804886220191e-01,2.623949913826697511e-01,-2.479320341655746537e-02
1.198464585902234036e+00,1.574992815938810686e+00,1.477353748212635987e+00
-3.882964462349596246e-01,-4.859145385583280574e-01,-3.210419524896494514e-01
4.124539449589372797e-01,-9.750058200030943881e-03,-1.558786553739925917e-01
5.660824604542628036e-01,4.411122718373232110e-01,2.176104516549392381e-02
-4.689607290207889467e-01,-5.898994629767819742e-01,-3.285591608619135573e-01
1.281940764426324764e+00,1.062269747387810881e+00,5.555694829993710337e-01
-4.860840414657835451e-02,-2.783437556148878889e-01,-2.861148500981129383e-01
8.485824143486622173e-01,7.621631265266706201e-01,2.604759889883172530e-01
1.466418519564482992e+00,1.514598213201578281e+00,9.444945119553209700e-01
1.232354553852858858e+00,8.061124988019889859e-01,1.311010040182811198e-01
2.011464714651918229e+00,2.827128601633185134e+00,1.824704415549840197e+00
1.870246121958325514e+00,2.392176579884702559e+00,1.806904589163698338e+00
-2.984639373103095128e-01,-4.433409698158445322e-01,-3.156766839537380465e-01
1.033890808505012249e+00,3.933577864721769513e-01,-3.113982038000760386e-02
2.139216958194321005e+00,3.166182644585869621e+00,2.654684703747560715e+00
1.291328028689994634e+00,7.195589260389344544e-01,6.910888449708814385e-02
2.346199121417072986e-01,8.319133165177244882e-02,-1.174954879623957837e-01
2.180104037261372696e+00,3.016642192734621197e+00,2.029155841732028343e+00
1.420974438323462152e+00,1.650184650904526817e+00,1.008170647617766980e+00
3.566275037520388325e-01,2.801764671027077713e-01,1.023328617151521708e-01
4.777973083265755205e-01,1.142762537193603781e-02,-1.806136756756495099e-01
9.078056505766711748e-01,1.335481951611750817e-01,-1.640306210137423559e-01
1.431243276529016617e+00,1.804906087264835479e+00,1.046408863495197350e+00
1.524753450868520543e+00,2.096629105503296842e+00,1.668702674936539454e+00
1.765558240851323180e-01,-1.662357205376672475e-01,-2.124463004020008539e-01
1.843633726194863209e+00,2.608595952589067846e+00,1.725216734035723620e+00
1.303702055026980222e+00,3.703891633643508485e-01,-1.389719027826825104e-01
-6.425212912670054122e-01,-5.339511173774845743e-01,-3.251870919856879594e-01
5.028706902556671077e-01,1.249462081651573214e-01,-1.542109523299855511e-01
3.828048276933690430e-01,2.018291181642550280e-01,-8.143220741194920342e-02
7.819300107258948529e-01,-5.123516751999681595e-01,-3.261197698731786443e-01
-1.054317759888617062e-01,-2.280230739809451512e-01,-2.581295110996342235e-01
5.126723414811862334e-01,-2.144932231338033957e-01,-2.761062875980015985e-01
5.374569565369921031e-01,-5.652150179761687987e-01,-3.280258407125407616e-01
7.932257810688143618e-01,-5.574059352236658826e-01,-3.277782832272438940e-01
4.166456821945687672e-01,-5.796880582681590566e-01,-3.284546097660519526e-01
8.881810027557384135e-01,7.940123709514712580e-01,1.691528908001597720e-01
1.169722322891846966e+00,1.000119491343153921e+00,3.263005351763579309e-01
6.942141703044805989e-02,-9.733422534563010431e-02,-2.377400773549495638e-01
8.190028206054338344e-01,5.874384219028621068e-01,7.431501418532432401e-02
1.902535444507195361e+00,2.531590294202177294e+00,1.945780445526206437e+00
1.440910207393024445e+00,1.348567764623555876e+00,8.302611671913345814e-01
4.461151908463262816e-01,2.825612145662336760e-01,-4.275268185246448166e-02
-5.802982699309346473e-03,-4.474129273207270718e-01,-3.203861462605935295e-01
1.972076899852824861e-01,3.824078780586563989e-03,-1.914285020086251010e-01
8.763948841624913388e-01,5.591725740873828426e-02,-1.715940144758466013e-01
1.619456087955771784e+00,2.307270430173228970e+00,2.010601651012577928e+00
-4.250917707646102439e-01,-4.460618582189371795e-01,-3.212183147978848186e-01
1.274519529791436456e+00,1.373952877088579827e+00,7.851492173022662779e-01
4.285085968074260898e-01,2.373256266169161410e-01,-1.399562663912334026e-01
1.241877807187056426e+00,7.263570170226680833e-01,2.075036321875325940e-01
1.846007961853179280e+00,2.269903018592049460e+00,1.469064680499538644e+00
1.423593018716715397e+00,1.884254825098576447e+00,1.570145328693452358e+00
6.230200963480970744e-01,2.662897162644604077e-01,-1.155428381482882794e-01
8.096232096502846698e-01,3.728211758456547731e-01,3.591299437272700199e-04
9.816600838000992812e-01,-2.416473244583310087e-01,-2.968323443372075099e-01
6.663206708677205103e-01,-4.825890472098994660e-02,-2.225852231181494334e-01
1.517466959370071367e+00,2.005121505618022937e+00,1.662121895191067455e+00
1.395451619114008723e+00,1.766689056956170845e+00,1.085033669081887808e+00
1.774715489678606373e+00,1.799662755943102654e+00,1.110136788728465440e+00
1.081877294947918955e+00,1.226273317887498715e+00,6.473060562550546626e-01
2.067303438502064772e+00,2.771633624593424550e+00,2.487693502761008091e+00
1.345264872317254889e+00,1.576019137060388875e+00,5.995168241379034146e-01
1.313659876391637393e+00,5.119073942255709664e-01,-7.542201420733861059e-03
-5.634119660760691373e-01,-5.473218224709467394e-01,-3.249964844325158309e-01
-5.453271120909722880e-01,-5.486297158012447550e-01,-3.252152477176883383e-01
-1.738799836728934511e-01,-5.325759857963461297e-01,-3.263789252648520156e-01
-1.891654007437920948e-01,-3.437876053353556838e-01,-2.959025931214943617e-01
7.001897932482351594e-01,5.899006051968206377e-01,4.365976591470309420e-02
1.780788752556072385e+00,2.184297045251237357e+00,1.322893928883349446e+00
1.362435312006601840e-01,-3.493656144713591649e-01,-2.950706721386012754e-01
1.823061318065879233e+00,1.940602834000277221e+00,1.104106073721065728e+00
1.813004605155888793e+00,2.520106792817446983e+00,1.556710812870827132e+00
1.416256453874284560e+00,1.455437561177497230e+00,6.998159347560666266e-01
1.517945117445662406e+00,1.671818760383978919e+00,8.171232947032870397e-01
1.566761392778373008e+00,1.562753979887536948e+00,6.364350494043029549e-01
1.817402754347346105e+00,2.289125378874467653e+00,1.704982636880949753e+00
-2.699407483922384166e-01,-5.000314545094144414e-01,-3.189774160074801412e-01
6.626730840505250519e-01,-4.505394601184674608e-01,-3.206118003735315414e-01
6.543365845729870456e-01,6.930395634039844543e-02,-1.555671793401603165e-01
9.614690641252373604e-01,7.864450947471627318e-01,2.807937050148376357e-01
-2.869258065968356419e-01,-3.653619079331954511e-01,-2.974834320410294497e-01
9.129201260065643586e-01,3.105435645452939153e-01,-1.034420543344867910e-01
8.621188410831565063e-01,3.489761516490216819e-01,-1.063078106965028580e-01
1.350754284431999075e+00,1.531356720912486313e+00,6.754238630680641231e-01
-2.027409482336369195e-01,-5.202605972628787656e-01,-3.259051651345288292e-01
1.082175131261516876e+00,9.688331080969949660e-01,2.127849027509753077e-01
1.116638523943069616e+00,6.130667026876390757e-01,1.576368702676319011e-01
3.792956729008504224e-01,-2.389025086832232206e-02,-2.226170723351215130e-01
1.627183920391063632e+00,2.216132252264602975e+00,1.512366276812458832e+00
9.935865801342427250e-01,9.355150268664569335e-02,-1.546293802223088765e-01
1.715661907359241178e+00,1.621541464852113590e+00,9.109483121496315672e-01
8.475470566701605313e-02,-1.480545990862215389e-01,-2.350991737909134682e-01
1.091785355464253815e+00,1.229792829963838319e+00,6.424378805296386830e-01
2.537947206860950433e-01,9.151272590752064506e-02,-1.254137887436422572e-01
1.385634667707308143e+00,1.743826513710552861e+00,1.062732034812593929e+00
-5.085391294092810321e-01,-5.838275109742078195e-01,-3.282162092496559991e-01
1.042350039696699815e+00,3.993002275294033933e-03,-2.193734417924499691e-01
1.062526311176809068e+00,1.083015775265455449e+00,4.747013798412424990e-01
9.253240517564934597e-01,6.654903858934988481e-01,9.684997181484490680e-02
1.322277297286043873e-01,-4.984212667436976885e-02,-2.367056599602302969e-01
1.406258713493073964e+00,1.626748809373282700e+00,6.817702242446314065e-01
2.922168942484286158e-01,-9.172920127646796984e-02,-2.386457925089805199e-01
5.883506925457380188e-01,-6.055397311922997572e-01,-3.287356460192709662e-01
6.269978420951118903e-01,-3.447672632658000391e-01,-3.055841443665838209e-01
-2.091660113855862979e-01,-3.147146303214627405e-01,-2.929728044857963232e-01
-7.683905501431180785e-01,-5.857396265294989579e-01,-3.283820687673657535e-01
3.375338494610846674e-01,-1.241402147451889509e-01,-2.399342131577369697e-01
7.016982875397586028e-01,3.400231105893149475e-01,-5.588426111633940790e-02
7.410945625634989264e-01,-2.181527756017087871e-01,-2.866572955848077919e-01
1.779727694621298539e+00,2.301835659966336767e+00,1.618995426173881480e+00
5.503479941899467320e-01,3.041325618798482178e-01,1.844681331504308477e-02
1.172208583927386583e+00,9.308341257625817322e-01,2.388453819578969517e-01
1.468207540349601548e+00,9.801810227210141502e-01,3.741495301233948023e-01
-1.302724042180326836e-01,-2.615016166353755778e-01,-2.854096171727019682e-01
4.492084063210293188e-01,1.737464222102726719e-01,-9.506582302582497479e-02
1.351679704445853725e+00,1.736999571780315721e+00,1.212772331041754859e+00
8.497620201985418564e-01,-4.137188879966126609e-01,-3.154162835649080843e-01
9.008177656857867532e-01,5.442857810199939195e-01,-3.339041024717623405e-03
1.789461467247355220e+00,2.385995199793896848e+00,1.494411311320007707e+00
-1.682524800061863945e-01,-4.265921047008591205e-01,-3.127147757876738154e-01
2.932412920026566394e-01,2.906032932633054525e-02,-1.960194613508959849e-01
1.352257653616970812e+00,1.347113114289180791e+00,5.855136311672223259e-01
1.473982280250194288e+00,1.687205048385691963e+00,1.203397574149374316e+00
1.148667668579438805e+00,9.938040077258823990e-01,1.849328222758807871e-01
1.094045957603711594e+00,2.766723272322214044e-01,-1.482101767623457689e-01
1.176774221009505572e+00,1.079568339952746259e+00,3.972243279486024625e-01
3.315508131205117670e-01,2.529168196671045532e-01,1.188059797861367173e-01
-4.161139840296608494e-02,-4.797366486102395688e-01,-3.185002508068203175e-01
-9.642964882626457734e-02,-2.197852210864677525e-01,-2.314032433945390765e-01
2.253028567891809386e-01,-1.818233814969799911e-01,-2.624024755137890352e-01
1.584560795169949410e+00,1.902603183283418709e+00,1.006433760230651231e+00
3.272488387131977094e-01,-2.159733010426334310e-01,-2.588393409342025220e-01
2.363622292916564005e-01,8.720082655243523162e-02,-1.178543413697037273e-01
1.492404934929987270e+00,1.434347928768576974e+00,7.613466588460582329e-01
5.989608070345706636e-01,4.750539690119499059e-01,2.762834477445848605e-02
8.743763877612019675e-01,-4.607812274782679407e-01,-3.224891877586018585e-01
1.777953082072468938e+00,2.197977823623691762e+00,1.242655815168231426e+00
8.105670105917105461e-01,3.527287436589630620e-01,-1.017230745394899355e-01
7.520260378144791868e-01,3.378736623947001250e-01,-7.686434509099267232e-02
3.871200241013095233e-01,2.008136423550212768e-01,-1.547338303790528058e-01
4.927211471805869603e-01,9.019361057525117353e-02,-1.138087232921034253e-01
2.024372946159823883e+00,2.997248689436419422e+00,2.302803984878716292e+00
1.095267923083519251e-01,-3.391328817204867230e-01,-3.055214709315500765e-01
-1.131007687935027539e-01,-2.287668770573309251e-01,-2.532498814830612677e-01
1.013854902928459145e+00,2.822852204563608414e-01,-1.580262865865693089e-01
-9.142466815246911294e-01,-6.131444264520891085e-01,-3.287601368703234050e-01
-5.313152936683356309e-01,-5.493790971595876593e-01,-3.257228388066590319e-01
9.924369838448297010e-01,-2.288845535189140412e-01,-2.898129916954796936e-01
-2.306885713631054990e-01,-3.125008629854360565e-01,-2.770973620089255407e-01
-9.200001630385334916e-02,-2.516749954472690676e-01,-2.661420188140085630e-01
-4.793974273367302419e-01,-4.999251103520748196e-01,-3.229432531154838859e-01
5.932118708598759227e-01,1.912790316618268593e-01,-8.342751279706366041e-02
1.331338585876252534e+00,1.561619560108730598e+00,8.698660900430781329e-01
-6.001238980840326587e-01,-5.716031762054563092e-01,-3.265628316955783150e-01
-4.263297402882683107e-01,-4.426625942866741492e-01,-3.186510534381937765e-01
1.601718708563001803e+00,1.674777502239397364e+00,8.140335687608584170e-01
6.169050579354206088e-01,3.683772457967688929e-01,5.243915038526864719e-02
1.139753972497463907e+00,8.152374571923124424e-01,1.187164744999869570e-01
2.097531760557695080e+00,3.119325591619329874e+00,2.665444479395008059e+00
1.602039003032201148e+00,1.536307973226886281e+00,9.380174180269696960e-01
9.810823393446573837e-01,1.017681053083682841e+00,3.793703925304138247e-01
7.104986844959743086e-01,3.590072341756260776e-01,-9.854515354081913592e-02
1.689461708638796189e+00,2.095259625131216996e+00,1.504833091319625948e+00
-3.007915574818156856e-01,-3.697163055564181011e-01,-3.079405922426068365e-01
2.207284269537861832e+00,3.090606444694469435e+00,2.353281820393215540e+00
6.470646637866801498e-01,-3.723435392554466650e-02,-2.230090947376615895e-01
6.763834005535159788e-01,9.329180733605568765e-02,-2.007773218338860799e-01
6.035522735089537960e-01,5.101237127786721892e-01,1.201956032628048732e-01
1.043534521969333717e+00,1.256173217383877994e+00,9.593503217873728950e-01
7.257878446448657872e-01,4.007084289026454083e-01,-1.012912844207156798e-01
6.442900166172028653e-01,-5.985479523832275273e-02,-2.355942905384663943e-01
1.060883839228503156e+00,1.137656971376387549e+00,4.270792421723221266e-01
1.840651786001159973e+00,2.603759665404403290e+00,2.225795614841055148e+00
1.505380053655376082e+00,1.935232525242116752e+00,1.129110410733877856e+00
2.365217360563920401e-01,3.762204870902378234e-02,-2.108535571937467101e-01
1.175926469357011506e+00,1.340850906230287354e+00,8.663950946630633032e-01
5.689004378056837785e-01,-5.053328736205420224e-01,-3.253806055484936843e-01
9.842666268505970706e-01,8.959615833869584434e-02,-1.894086773018759107e-01
1.196506245745964536e+00,3.035230929962767221e-01,-1.337776771191285796e-01
9.065926058146571709e-01,5.345513200303285695e-01,5.738854150823474720e-02
1.215640596941121698e+00,4.071620488949664884e-01,-9.274070881833806901e-02
1.312783210317060911e+00,8.273023858694404931e-01,2.786639780257748056e-01
-1.024029307767924557e+00,-6.100047063908534684e-01,-3.286063820167325344e-01
1.507513169857955804e+00,1.925403342026262843e+00,1.230758283302042511e+00
8.472263290384436374e-01,2.613471377177980504e-01,-9.051161824112397003e-02
1.716294902781196896e+00,2.259181552503435331e+00,1.854409967767246092e+00
1.609788281273687227e+00,1.347932763942296441e+00,6.184587909071763701e-01
1.906102073502783378e+00,2.762877449541387254e+00,1.948739277696225347e+00
-9.291696934884454695e-01,-6.038668387031944640e-01,-3.287095434755717971e-01
6.849090457624227302e-01,-6.056846134803526294e-01,-3.287409944886210966e-01
7.865736318116987036e-01,4.579751323887321784e-02,-2.012117417047072643e-01
1.265949736094430067e+00,9.162435125641706923e-01,2.210243607312496472e-01
1.927754333180693003e+00,2.427231608558889864e+00,1.896509383136186999e+00
8.075661298383949305e-01,-4.463630692736832439e-01,-3.211470395602842864e-01
9.632162767117964375e-01,8.373140770746027028e-01,1.415182446212933098e-01
3.832518836433453480e+00,9.648093127457347151e+00,1.876726209091465236e+01
1.317520208594350484e+00,1.242145066322012159e+00,6.487712617764965772e-01
3.376313583585540679e-01,8.833035808154294719e-03,-1.671795139262790275e-01
1.006780837857718769e+00,1.103679123289442732e+00,6.265445104987599212e-01
3.804337634711718041e-01,1.588835894333145704e-01,-1.669045846275981348e-01
1.620601218931986054e+00,1.792438713799576755e+00,9.429675166752661264e-01
4.280312734678715647e-01,-5.380464480260925830e-01,-3.268118751179325820e-01
7.338785905179766589e-01,6.134326517481212271e-01,1.125395085211295110e-01
-6.206370752249007472e-01,-5.202037978493052606e-01,-3.236601277764817319e-01
1.328905173964099129e+00,1.380961676559115281e+00,7.952196962836290961e-01
8.253082142226598750e-01,7.815776620408610986e-01,2.361838716473662059e-01
7.529426613874993235e-01,5.742376231727905900e-01,1.900436897981598316e-01
2.651886106371070251e-01,-1.712871738623296669e-01,-2.398897865560426779e-01
-2.402565776009465415e-01,-3.390703678775047192e-01,-2.914561673016690668e-01
8.194825602191696534e-02,-2.574118914368775379e-01,-2.677492372783614738e-01
1.273210291147282902e+00,7.240268104388630777e-01,6.756019745037508684e-02
1.006526582138158155e+00,1.031845137537567458e+00,3.054165526079589132e-01
6.087371388606391820e-01,3.227273002941020708e-01,-8.751475704448220816e-02
1.808296533413119800e+00,2.258496320183343453e+00,1.811180202940791739e+00
6.156910369001067362e-01,5.288121043922565656e-01,1.260247146239405480e-01
1.530761888116126013e+00,1.712755686776790132e+00,9.729467913676146384e-01
1.179741501039758278e+00,1.369267884087538079e+00,8.001761259987044683e-01
1.544799680340122883e-01,-4.324190524615183495e-01,-3.166333384554812502e-01
1.594131087290965532e+00,1.732499097716962311e+00,1.036133638240538835e+00
1.805839422487113488e+00,2.474704180080728566e+00,1.975081758195766035e+00
1.118994509771203960e+00,8.302717149966139243e-02,-2.038998999577811277e-01
5.743423835574681391e-01,-5.380335591483129676e-01,-3.270834539536757735e-01
1.739619628770041823e-02,-4.304186732523379577e-01,-3.176675304237202013e-01
1.743171035415709502e+00,2.424896320612011102e+00,1.620944161010175355e+00
1.006002025552536594e+00,-6.267297523056750141e-02,-2.381487701812581292e-01
2.024906912050142616e+00,2.560737866135863516e+00,1.755841732718866677e+00
9.831641698157262965e-01,9.374029507080948731e-01,4.851332396190914387e-01
1.120626630762673104e+00,1.419641716966906775e-01,-1.753212177079180589e-01
8.805596962884179035e-01,9.816316972434460109e-01,6.547524583272187337e-01
1.581351523232414014e+00,1.970009326081614498e+00,1.050126850504180309e+00
8.394472679840564444e-01,3.014850176461809916e-02,-2.094778182186049498e-01
-5.598820313781696090e-01,-5.876303755154719255e-01,-3.285145718060336062e-01
1.093007920998225080e+00,1.133388698758405644e+00,4.092287232749093895e-01
1.265599618886401392e-02,-2.151015721239944167e-01,-2.565077434222258201e-01
9.469271515607868839e-01,-1.032799184565555278e-01,-2.593687631491355394e-01
6.882863025505976395e-01,5.902418654271428533e-01,1.023759736773954820e-01
6.303873403311537338e-01,-2.652985465992314662e-01,-2.951211760506345927e-01
2.284521975968326069e-01,-3.588282603658168868e-01,-3.054772658551125342e-01
1.754143855890684112e+00,2.321338088626820007e+00,1.335327941651698547e+00
4.449699186238390558e-01,2.142594546364589292e-01,-1.187593110046066408e-01
-7.120797118891172284e-01,-5.502673217370551706e-01,-3.267738096996359864e-01
5.889164550837194811e-01,3.511975392359209525e-01,-8.504140984753072452e-02
