id,Bin
1,4
2,4
3,4
4,4
5,4
6,4
7,4
8,4
9,4
10,4
11,4
12,4
13,4
14,4
15,4
16,4
17,4
18,4
19,4
20,4
21,4
22,4
23,4
24,4
25,4
26,4
27,4
28,4
29,4
30,4
31,4
32,4
33,4
34,7
35,7
36,7
37,7
38,7
39,4
40,7
41,7
42,7
43,7
44,7
45,4
46,7
47,7
48,7
49,4
50,7
51,7
52,7
53,4
54,7
55,7
56,4
57,7
58,7
59,4
60,7
61,7
62,4
63,7
64,4
65,7
66,7
67,4
68,7
69,7
70,4
71,7
72,4
73,7
74,7
75,4
76,7
77,4
78,7
79,7
80,4
81,5
82,5
83,5
84,5
85,5
86,5
87,7
88,5
89,5
90,5
91,4
92,5
93,7
94,5
95,5
96,5
97,7
98,4
99,5
100,5
101,5
102,7
103,5
104,4
105,5
106,7
107,5
108,4
109,5
110,7
111,5
112,5
113,7
114,4
115,5
116,5
117,7
118,4
119,5
120,7
121,5
122,4
123,5
124,7
125,5
126,4
127,7
128,5
129,5
130,7
131,4
132,5
133,7
134,5
135,4
136,5
137,7
138,9
139,9
140,9
141,9
142,9
143,9
144,5
145,9
146,9
147,4
148,9
149,9
150,7
151,5
152,9
153,9
154,9
155,4
156,5
157,9
158,7
159,9
160,9
161,5
162,9
163,7
164,4
165,9
166,5
167,9
168,9
169,7
170,5
171,4
172,9
173,9
174,5
175,7
176,9
177,4
178,9
179,5
180,7
181,9
182,5
183,9
184,4
185,9
186,7
187,5
188,9
189,4
190,9
191,7
192,5
193,9
194,5
195,4
196,7
197,9
198,9
199,5
200,7
201,4
202,9
203,10
204,10
205,10
206,5
207,10
208,10
209,10
210,10
211,9
212,10
213,10
214,7
215,10
216,5
217,10
218,4
219,9
220,10
221,10
222,10
223,9
224,7
225,5
226,10
227,10
228,4
229,9
230,10
231,5
232,10
233,7
234,9
235,10
236,10
237,4
238,5
239,9
240,10
241,7
242,10
243,9
244,5
245,10
246,4
247,10
248,7
249,9
250,10
251,5
252,9
253,10
254,4
255,7
256,10
257,5
258,9
259,10
260,7
261,10
262,4
263,9
264,5
265,10
266,9
267,10
268,5
269,7
270,4
271,10
272,9
273,5
274,10
275,12
276,12
277,7
278,12
279,12
280,12
281,9
282,12
283,4
284,12
285,10
286,12
287,12
288,12
289,5
290,12
291,9
292,10
293,12
294,7
295,12
296,12
297,4
298,10
299,12
300,5
301,9
302,12
303,10
304,12
305,7
306,12
307,9
308,5
309,10
310,12
311,4
312,12
313,7
314,9
315,10
316,12
317,5
318,12
319,10
320,4
321,12
322,9
323,7
324,12
325,10
326,5
327,12
328,9
329,12
330,10
331,4
332,7
333,5
334,12
335,9
336,10
337,12
338,12
339,4
340,10
341,5
342,9
343,7
344,12
345,10
346,12
347,9
348,5
349,4
350,7
351,12
352,10
353,12
354,9
355,8
356,8
357,8
358,8
359,8
360,5
361,8
362,10
363,8
364,8
365,12
366,7
367,8
368,4
369,8
370,9
371,8
372,12
373,10
374,8
375,8
376,5
377,8
378,12
379,8
380,7
381,10
382,9
383,8
384,4
385,12
386,8
387,5
388,8
389,10
390,8
391,12
392,9
393,7
394,8
395,4
396,12
397,8
398,10
399,5
400,8
401,9
402,12
403,8
404,10
405,7
406,8
407,5
408,12
409,4
410,9
411,8
412,10
413,8
414,12
415,7
416,8
417,5
418,9
419,10
420,12
421,4
422,8
423,8
424,12
425,7
426,9
427,10
428,5
429,8
430,12
431,4
432,8
433,10
434,9
435,8
436,7
437,5
438,12
439,8
440,18
441,18
442,18
443,10
444,18
445,18
446,18
447,18
448,12
449,4
450,9
451,18
452,8
453,18
454,18
455,5
456,18
457,7
458,10
459,8
460,18
461,12
462,18
463,9
464,18
465,8
466,18
467,4
468,12
469,18
470,10
471,5
472,18
473,8
474,7
475,18
476,9
477,12
478,18
479,8
480,10
481,18
482,5
483,4
484,18
485,8
486,12
487,7
488,9
489,18
490,10
491,8
492,18
493,12
494,18
495,5
496,8
497,4
498,9
499,18
500,10
501,1
502,12
503,18
504,8
505,18
506,5
507,10
508,9
509,12
510,8
511,18
512,4
513,1
514,18
515,8
516,12
517,10
518,18
519,5
520,9
521,8
522,18
523,4
524,1
525,12
526,10
527,18
528,8
529,9
530,5
531,1
532,18
533,1
534,1
535,1
536,1
537,12
538,1
539,1
540,8
541,1
542,18
543,10
544,1
545,1
546,1
547,4
548,1
549,9
550,1
551,18
552,12
553,5
554,8
555,1
556,1
557,10
558,18
559,1
560,1
561,8
562,12
563,1
564,1
565,9
566,18
567,17
568,1
569,5
570,10
571,1
572,8
573,18
574,12
575,1
576,1
577,9
578,18
579,8
580,1
581,1
582,10
583,5
584,17
585,12
586,1
587,18
588,8
589,1
590,9
591,18
592,1
593,10
594,12
595,1
596,5
597,1
598,8
599,18
600,17
601,1
602,9
603,12
604,18
605,1
606,8
607,10
608,1
609,1
610,5
611,18
612,8
613,1
614,12
615,17
616,9
617,10
618,18
619,1
620,8
621,1
622,5
623,1
624,12
625,18
626,16
627,10
628,16
629,16
630,1
631,16
632,9
633,16
634,16
635,17
636,16
637,8
638,16
639,18
640,16
641,1
642,12
643,16
644,16
645,5
646,16
647,1
648,1
649,10
650,16
651,8
652,18
653,9
654,16
655,16
656,1
657,12
658,17
659,16
660,18
661,16
662,8
663,1
664,10
665,1
666,16
667,1
668,16
669,1
670,18
671,1
672,12
673,16
674,8
675,16
676,1
677,17
678,18
679,10
680,16
681,1
682,12
683,16
684,1
685,1
686,8
687,1
688,16
689,18
690,1
691,16
692,10
693,12
694,8
695,17
696,16
697,18
698,1
699,1
700,1
701,16
702,1
703,16
704,1
705,8
706,1
707,18
708,12
709,16
710,1
711,1
712,1
713,17
714,16
715,18
716,8
717,1
718,12
719,1
720,16
721,1
722,18
723,16
724,8
725,1
726,1
727,1
728,15
729,15
730,15
731,16
732,15
733,15
734,17
735,12
736,15
737,15
738,1
739,15
740,18
741,15
742,1
743,16
744,1
745,15
746,15
747,8
748,15
749,16
750,15
751,1
752,1
753,18
754,12
755,15
756,1
757,1
758,15
759,16
760,15
761,17
762,8
763,1
764,15
765,1
766,16
767,18
768,15
769,12
770,1
771,15
772,16
773,1
774,1
775,1
776,15
777,8
778,18
779,15
780,16
781,17
782,15
783,1
784,1
785,1
786,15
787,16
788,8
789,1
790,18
791,1
792,15
793,1
794,1
795,16
796,15
797,12
798,15
799,18
800,8
801,1
802,16
803,17
804,1
805,15
806,1
807,1
808,15
809,16
810,1
811,1
812,18
813,1
814,8
815,15
816,16
817,15
818,1
819,1
820,1
821,17
822,18
823,1
824,15
825,16
826,8
827,1
828,1
829,15
830,1
831,16
832,18
833,14
834,14
835,14
836,14
837,15
838,14
839,1
840,14
841,1
842,14
843,8
844,14
845,14
846,1
847,1
848,15
849,16
850,1
851,17
852,14
853,14
854,14
855,1
856,1
857,15
858,14
859,16
860,14
861,1
862,1
863,8
864,14
865,15
866,1
867,14
868,1
869,1
870,14
871,16
872,15
873,1
874,14
875,1
876,17
877,1
878,14
879,8
880,15
881,16
882,1
883,14
884,1
885,1
886,14
887,1
888,1
889,15
890,14
891,16
892,14
893,8
894,1
895,15
896,1
897,17
898,17
899,1
900,14
901,1
902,1
903,16
904,14
905,15
906,1
907,14
908,8
909,1
910,1
911,16
912,15
913,14
914,17
915,1
916,1
917,17
918,14
919,15
920,17
921,16
922,1
923,14
924,1
925,1
926,1
927,15
928,14
929,16
930,1
931,1
932,1
933,14
934,15
935,17
936,17
937,1
938,1
939,14
940,17
941,16
942,1
943,13
944,15
945,13
946,13
947,13
948,13
949,1
950,14
951,13
952,13
953,13
954,1
955,13
956,1
957,1
958,14
959,16
960,13
961,15
962,1
963,13
964,13
965,17
966,17
967,1
968,13
969,14
970,13
971,1
972,15
973,16
974,13
975,17
976,14
977,1
978,1
979,13
980,13
981,1
982,1
983,15
984,1
985,14
986,13
987,16
988,13
989,17
990,14
991,17
992,13
993,1
994,15
995,1
996,1
997,13
998,1
999,1
1000,16
1001,17
1002,14
1003,13
1004,1
1005,15
1006,13
1007,14
1008,1
1009,13
1010,1
1011,16
1012,17
1013,15
1014,1
1015,1
1016,13
1017,17
1018,1
1019,14
1020,13
1021,1
1022,16
1023,17
1024,1
1025,14
1026,15
1027,13
1028,1
1029,13
1030,14
1031,1
1032,1
1033,17
1034,1
1035,15
1036,13
1037,16
1038,17
1039,1
1040,1
1041,1
1042,14
1043,13
1044,15
1045,13
1046,17
1047,16
1048,14
1049,1
1050,1
1051,1
1052,13
1053,1
1054,1
1055,17
1056,15
1057,6
1058,6
1059,6
1060,6
1061,14
1062,6
1063,13
1064,1
1065,6
1066,16
1067,6
1068,17
1069,6
1070,6
1071,6
1072,13
1073,1
1074,14
1075,15
1076,1
1077,6
1078,1
1079,6
1080,1
1081,17
1082,6
1083,13
1084,16
1085,6
1086,1
1087,14
1088,6
1089,17
1090,15
1091,1
1092,13
1093,6
1094,1
1095,6
1096,1
1097,17
1098,14
1099,13
1100,1
1101,6
1102,16
1103,1
1104,15
1105,6
1106,13
1107,6
1108,14
1109,17
1110,1
1111,1
1112,6
1113,1
1114,17
1115,16
1116,1
1117,13
1118,15
1119,6
1120,1
1121,14
1122,6
1123,1
1124,17
1125,13
1126,6
1127,1
1128,15
1129,16
1130,14
1131,6
1132,13
1133,1
1134,1
1135,1
1136,1
1137,17
1138,6
1139,17
1140,13
1141,6
1142,15
1143,14
1144,1
1145,1
1146,16
1147,6
1148,17
1149,13
1150,1
1151,14
1152,6
1153,1
1154,15
1155,1
1156,1
1157,16
1158,13
1159,6
1160,1
1161,17
1162,17
1163,1
1164,14
1165,6
1166,13
1167,15
1168,1
1169,6
1170,17
1171,1
1172,1
1173,6
1174,6
1175,6
1176,14
1177,1
1178,6
1179,6
1180,13
1181,6
1182,6
1183,1
1184,6
1185,1
1186,6
1187,15
1188,6
1189,1
1190,6
1191,6
1192,17
1193,6
1194,13
1195,14
1196,6
1197,17
1198,1
1199,1
1200,6
1201,6
1202,1
1203,1
1204,6
1205,15
1206,6
1207,13
1208,17
1209,14
1210,6
1211,6
1212,1
1213,6
1214,1
1215,1
1216,1
1217,6
1218,13
1219,6
1220,1
1221,15
1222,1
1223,6
1224,17
1225,14
1226,1
1227,6
1228,6
1229,17
1230,13
1231,6
1232,1
1233,6
1234,6
1235,1
1236,1
1237,17
1238,14
1239,1
1240,1
1241,1
1242,1
1243,6
1244,13
1245,6
1246,6
1247,1
1248,17
1249,1
1250,14
1251,6
1252,1
1253,13
1254,6
1255,6
1256,17
1257,1
1258,1
1259,1
1260,1
1261,6
1262,6
1263,13
1264,14
1265,17
1266,1
1267,1
1268,1
1269,1
1270,6
1271,6
1272,6
1273,13
1274,17
1275,1
1276,14
1277,1
1278,6
1279,6
1280,1
1281,1
1282,1
1283,1
1284,17
1285,6
1286,13
1287,1
1288,1
1289,6
1290,14
1291,17
1292,6
1293,1
1294,3
1295,3
1296,3
1297,3
1298,1
1299,3
1300,13
1301,1
1302,3
1303,6
1304,6
1305,3
1306,1
1307,17
1308,3
1309,3
1310,14
1311,3
1312,1
1313,6
1314,1
1315,3
1316,6
1317,1
1318,3
1319,13
1320,3
1321,1
1322,17
1323,6
1324,1
1325,1
1326,3
1327,1
1328,3
1329,1
1330,17
1331,14
1332,6
1333,3
1334,6
1335,13
1336,3
1337,17
1338,3
1339,1
1340,1
1341,6
1342,6
1343,1
1344,1
1345,3
1346,1
1347,14
1348,1
1349,13
1350,3
1351,6
1352,1
1353,1
1354,6
1355,3
1356,17
1357,3
1358,1
1359,6
1360,17
1361,14
1362,13
1363,3
1364,6
1365,1
1366,1
1367,1
1368,1
1369,6
1370,17
1371,3
1372,1
1373,1
1374,3
1375,13
1376,1
1377,6
1378,6
1379,1
1380,3
1381,1
1382,3
1383,17
1384,1
1385,6
1386,1
1387,6
1388,17
1389,13
1390,1
1391,1
1392,3
1393,1
1394,1
1395,1
1396,6
1397,1
1398,17
1399,3
1400,6
1401,13
1402,3
1403,1
1404,6
1405,1
1406,1
1407,1
1408,1
1409,3
1410,6
1411,1
1412,1
1413,6
1414,17
1415,13
1416,1
1417,3
1418,17
1419,3
1420,3
1421,3
1422,1
1423,3
1424,3
1425,3
1426,1
1427,17
1428,6
1429,3
1430,1
1431,3
1432,6
1433,3
1434,1
1435,3
1436,1
1437,3
1438,13
1439,3
1440,3
1441,17
1442,3
1443,6
1444,1
1445,6
1446,3
1447,1
1448,3
1449,1
1450,3
1451,1
1452,3
1453,1
1454,6
1455,3
1456,17
1457,1
1458,13
1459,1
1460,3
1461,17
1462,1
1463,6
1464,3
1465,17
1466,3
1467,3
1468,6
1469,1
1470,3
1471,1
1472,17
1473,13
1474,3
1475,1
1476,6
1477,1
1478,3
1479,1
1480,1
1481,3
1482,6
1483,1
1484,3
1485,3
1486,1
1487,1
1488,3
1489,6
1490,13
1491,17
1492,17
1493,6
1494,3
1495,3
1496,17
1497,1
1498,1
1499,1
1500,1
1501,3
1502,17
1503,1
1504,6
1505,3
1506,6
1507,1
1508,1
1509,3
1510,13
1511,3
1512,3
1513,1
1514,6
1515,1
1516,1
1517,6
1518,3
1519,17
1520,13
1521,1
1522,1
1523,3
1524,17
1525,1
1526,3
1527,17
1528,1
1529,6
1530,1
1531,3
1532,17
1533,6
1534,3
1535,1
1536,3
1537,13
1538,1
1539,6
1540,1
1541,1
1542,3
1543,3
1544,1
1545,3
1546,6
1547,3
1548,3
1549,1
1550,3
1551,3
1552,3
1553,1
1554,3
1555,3
1556,3
1557,3
1558,17
1559,6
1560,3
1561,17
1562,1
1563,17
1564,1
1565,1
1566,3
1567,3
1568,1
1569,3
1570,1
1571,17
1572,6
1573,3
1574,3
1575,3
1576,6
1577,3
1578,3
1579,17
1580,1
1581,3
1582,1
1583,1
1584,1
1585,3
1586,3
1587,1
1588,3
1589,6
1590,3
1591,1
1592,6
1593,3
1594,1
1595,1
1596,3
1597,17
1598,17
1599,3
1600,3
1601,17
1602,1
1603,17
1604,3
1605,6
1606,3
1607,6
1608,3
1609,1
1610,1
1611,1
1612,1
1613,3
1614,17
1615,1
1616,3
1617,3
1618,1
1619,3
1620,1
1621,6
1622,6
1623,3
1624,1
1625,3
1626,3
1627,3
1628,1
1629,17
1630,1
1631,17
1632,17
1633,1
1634,3
1635,1
1636,3
1637,6
1638,3
1639,17
1640,6
1641,1
1642,1
1643,1
1644,17
1645,3
1646,3
1647,3
1648,3
1649,6
1650,1
1651,1
1652,1
1653,3
1654,3
1655,6
1656,1
1657,1
1658,1
1659,3
1660,3
1661,17
1662,1
1663,3
1664,17
1665,17
1666,6
1667,1
1668,3
1669,17
1670,1
1671,17
1672,6
1673,3
1674,1
1675,3
1676,1
1677,3
1678,20
1679,20
1680,20
1681,20
1682,20
1683,6
1684,20
1685,1
1686,20
1687,1
1688,20
1689,3
1690,3
1691,20
1692,1
1693,3
1694,1
1695,20
1696,6
1697,20
1698,1
1699,3
1700,20
1701,1
1702,1
1703,17
1704,20
1705,6
1706,17
1707,3
1708,1
1709,17
1710,20
1711,3
1712,3
1713,17
1714,20
1715,17
1716,20
1717,6
1718,3
1719,3
1720,1
1721,20
1722,17
1723,1
1724,6
1725,1
1726,1
1727,20
1728,3
1729,1
1730,3
1731,20
1732,3
1733,1
1734,20
1735,1
1736,6
1737,3
1738,20
1739,6
1740,3
1741,17
1742,17
1743,3
1744,17
1745,20
1746,17
1747,1
1748,1
1749,1
1750,3
1751,1
1752,20
1753,17
1754,1
1755,17
1756,3
1757,1
1758,20
1759,6
1760,3
1761,6
1762,3
1763,20
1764,1
1765,3
1766,1
1767,20
1768,1
1769,3
1770,3
1771,1
1772,1
1773,17
1774,6
1775,20
1776,6
1777,17
1778,17
1779,3
1780,1
1781,1
1782,20
1783,17
1784,3
1785,17
1786,3
1787,3
1788,20
1789,1
1790,1
1791,17
1792,6
1793,6
1794,1
1795,3
1796,20
1797,3
1798,1
1799,1
1800,3
1801,20
1802,1
1803,17
1804,3
1805,17
1806,6
1807,1
1808,1
1809,3
1810,17
1811,20
1812,20
1813,20
1814,20
1815,20
1816,20
1817,6
1818,1
1819,20
1820,17
1821,20
1822,3
1823,17
1824,20
1825,20
1826,20
1827,3
1828,20
1829,3
1830,20
1831,1
1832,1
1833,20
1834,20
1835,6
1836,1
1837,1
1838,17
1839,20
1840,1
1841,3
1842,20
1843,3
1844,6
1845,20
1846,20
1847,3
1848,1
1849,1
1850,20
1851,17
1852,17
1853,20
1854,3
1855,20
1856,6
1857,17
1858,17
1859,20
1860,3
1861,3
1862,1
1863,20
1864,1
1865,1
1866,20
1867,1
1868,17
1869,17
1870,3
1871,1
1872,20
1873,1
1874,20
1875,20
1876,1
1877,3
1878,3
1879,17
1880,1
1881,20
1882,3
1883,20
1884,20
1885,1
1886,1
1887,17
1888,17
1889,1
1890,1
1891,17
1892,20
1893,3
1894,3
1895,20
1896,17
1897,1
1898,3
1899,1
1900,1
1901,20
1902,17
1903,17
1904,20
1905,20
1906,3
1907,1
1908,3
1909,1
1910,1
1911,20
1912,3
1913,20
1914,1
1915,1
1916,20
1917,1
1918,17
1919,3
1920,1
1921,17
1922,17
1923,17
1924,3
1925,20
1926,20
1927,1
1928,1
1929,17
1930,17
1931,3
1932,20
1933,1
1934,3
1935,1
1936,20
1937,20
1938,3
1939,1
1940,17
1941,1
1942,1
1943,2
1944,1
1945,2
1946,20
1947,2
1948,20
1949,3
1950,2
1951,2
1952,3
1953,2
1954,1
1955,2
1956,2
1957,1
1958,1
1959,20
1960,2
1961,17
1962,3
1963,1
1964,17
1965,17
1966,2
1967,20
1968,17
1969,2
1970,20
1971,17
1972,2
1973,20
1974,2
1975,17
1976,3
1977,2
1978,1
1979,20
1980,1
1981,1
1982,20
1983,3
1984,2
1985,1
1986,1
1987,1
1988,20
1989,2
1990,17
1991,1
1992,2
1993,20
1994,20
1995,1
1996,2
1997,3
1998,2
1999,3
2000,20
2001,20
2002,17
2003,17
2004,17
2005,2
2006,20
2007,1
2008,1
2009,17
2010,1
2011,1
2012,17
2013,2
2014,20
2015,1
2016,17
2017,1
2018,2
2019,17
2020,20
2021,3
2022,3
2023,20
2024,20
2025,2
2026,1
2027,2
2028,1
2029,1
2030,17
2031,20
2032,20
2033,20
2034,2
2035,1
2036,1
2037,3
2038,17
2039,3
2040,17
2041,17
2042,2
2043,1
2044,20
2045,1
2046,17
2047,20
2048,17
2049,2
2050,20
2051,17
2052,1
2053,20
2054,1
2055,3
2056,2
2057,17
2058,3
2059,1
2060,20
2061,1
2062,2
2063,20
2064,1
2065,20
2066,1
2067,2
2068,17
2069,17
2070,1
2071,3
2072,1
2073,20
2074,17
2075,20
2076,17
2077,2
2078,3
2079,1
2080,17
2081,20
2082,17
2083,2
2084,2
2085,2
2086,2
2087,2
2088,2
2089,20
2090,20
2091,2
2092,1
2093,1
2094,2
2095,2
2096,3
2097,17
2098,1
2099,1
2100,2
2101,2
2102,1
2103,17
2104,2
2105,20
2106,2
2107,3
2108,20
2109,2
2110,1
2111,20
2112,2
2113,1
2114,2
2115,2
2116,17
2117,17
2118,20
2119,3
2120,2
2121,2
2122,17
2123,17
2124,17
2125,20
2126,2
2127,1
2128,20
2129,1
2130,1
2131,3
2132,2
2133,2
2134,17
2135,17
2136,1
2137,20
2138,2
2139,1
2140,2
2141,3
2142,2
2143,20
2144,20
2145,2
2146,1
2147,17
2148,17
2149,20
2150,2
2151,2
2152,3
2153,1
2154,17
2155,17
2156,2
2157,1
2158,1
2159,17
2160,20
2161,20
2162,3
2163,17
2164,2
2165,2
2166,20
2167,1
2168,1
2169,17
2170,17
2171,2
2172,2
2173,17
2174,20
2175,2
2176,3
2177,20
2178,1
2179,1
2180,20
2181,2
2182,3
2183,2
2184,1
2185,1
2186,20
2187,17
2188,2
2189,1
2190,17
2191,17
2192,20
2193,17
2194,17
2195,1
2196,2
2197,2
2198,1
2199,17
2200,20
2201,17
2202,1
2203,20
2204,3
2205,2
2206,2
2207,17
2208,20
2209,1
2210,2
2211,1
2212,17
2213,1
2214,1
2215,20
2216,2
2217,20
2218,2
2219,1
2220,3
2221,2
2222,2
2223,1
2224,2
2225,20
2226,1
2227,2
2228,2
2229,17
2230,2
2231,17
2232,2
2233,2
2234,17
2235,2
2236,17
2237,20
2238,2
2239,17
2240,2
2241,17
2242,2
2243,2
2244,20
2245,2
2246,1
2247,17
2248,2
2249,1
2250,2
2251,1
2252,20
2253,1
2254,1
2255,2
2256,2
2257,3
2258,20
2259,2
2260,1
2261,17
2262,2
2263,17
2264,2
2265,2
2266,1
2267,2
2268,20
2269,20
2270,2
2271,20
2272,17
2273,2
2274,17
2275,2
2276,1
2277,2
2278,17
2279,3
2280,1
2281,1
2282,17
2283,2
2284,17
2285,2
2286,1
2287,1
2288,2
2289,1
2290,20
2291,20
2292,20
2293,17
2294,17
2295,2
2296,2
2297,2
2298,2
2299,1
2300,20
2301,1
2302,2
2303,2
2304,20
2305,2
2306,17
2307,17
2308,1
2309,1
2310,20
2311,20
2312,2
2313,17
2314,17
2315,17
2316,1
2317,2
2318,1
2319,2
2320,2
2321,17
2322,17
2323,20
2324,3
2325,2
2326,1
2327,2
2328,17
2329,20
2330,20
2331,2
2332,1
2333,17
2334,2
2335,1
2336,17
2337,20
2338,2
2339,1
2340,2
2341,1
2342,2
2343,20
2344,20
2345,2
2346,1
2347,17
2348,17
2349,17
2350,2
2351,20
2352,17
2353,1
2354,17
2355,2
2356,17
2357,20
2358,17
2359,2
2360,2
2361,2
2362,1
2363,1
2364,20
2365,20
2366,20
2367,1
2368,20
2369,20
2370,1
2371,20
2372,20
2373,20
2374,2
2375,17
2376,20
2377,20
2378,20
2379,17
2380,2
2381,20
2382,20
2383,1
2384,2
2385,20
2386,2
2387,1
2388,20
2389,17
2390,20
2391,17
2392,17
2393,20
2394,2
2395,20
2396,2
2397,17
2398,20
2399,17
2400,20
2401,17
2402,2
2403,1
2404,20
2405,1
2406,20
2407,20
2408,2
2409,17
2410,1
2411,1
2412,2
2413,20
2414,17
2415,1
2416,20
2417,20
2418,2
2419,2
2420,20
2421,20
2422,1
2423,2
2424,20
2425,17
2426,17
2427,20
2428,2
2429,20
2430,20
2431,17
2432,1
2433,1
2434,17
2435,20
2436,2
2437,17
2438,2
2439,20
2440,20
2441,2
2442,1
2443,1
2444,20
2445,17
2446,17
2447,1
2448,17
2449,20
2450,2
2451,2
2452,20
2453,2
2454,17
2455,20
2456,20
2457,1
2458,17
2459,20
2460,20
2461,20
2462,2
2463,1
2464,1
2465,2
2466,1
2467,20
2468,2
2469,17
2470,17
2471,17
2472,2
2473,17
2474,1
2475,17
2476,20
2477,20
2478,20
2479,17
2480,20
2481,2
2482,20
2483,17
2484,20
2485,2
2486,2
2487,1
2488,20
2489,1
2490,17
2491,17
2492,1
2493,1
2494,2
2495,17
2496,2
2497,20
2498,20
2499,20
2500,20
2501,17
2502,2
2503,20
2504,1
2505,20
2506,2
2507,17
2508,17
2509,2
2510,19
2511,19
2512,19
2513,19
2514,19
2515,17
2516,17
2517,17
2518,19
2519,20
2520,19
2521,20
2522,19
2523,17
2524,1
2525,19
2526,2
2527,1
2528,2
2529,20
2530,19
2531,17
2532,1
2533,20
2534,20
2535,1
2536,2
2537,19
2538,19
2539,20
2540,19
2541,2
2542,20
2543,19
2544,20
2545,17
2546,1
2547,17
2548,19
2549,2
2550,17
2551,2
2552,20
2553,19
2554,17
2555,2
2556,20
2557,20
2558,17
2559,19
2560,1
2561,1
2562,17
2563,17
2564,19
2565,17
2566,20
2567,1
2568,2
2569,20
2570,20
2571,17
2572,1
2573,19
2574,2
2575,2
2576,19
2577,20
2578,17
2579,17
2580,19
2581,20
2582,1
2583,20
2584,2
2585,2
2586,20
2587,19
2588,2
2589,1
2590,20
2591,1
2592,17
2593,19
2594,17
2595,20
2596,17
2597,20
2598,17
2599,17
2600,2
2601,19
2602,1
2603,2
2604,17
2605,1
2606,20
2607,17
2608,19
2609,20
2610,2
2611,20
2612,20
2613,17
2614,19
2615,2
2616,17
2617,1
2618,1
2619,17
2620,2
2621,20
2622,19
2623,1
2624,20
2625,17
2626,2
2627,20
2628,2
2629,19
2630,20
2631,1
2632,20
2633,17
2634,20
2635,17
2636,19
2637,2
2638,17
2639,17
2640,1
2641,17
2642,2
2643,2
2644,19
2645,17
2646,20
2647,1
2648,1
2649,1
2650,20
2651,1
2652,17
2653,19
2654,2
2655,11
2656,20
2657,11
2658,2
2659,11
2660,11
2661,11
2662,2
2663,11
2664,17
2665,20
2666,11
2667,17
2668,19
2669,17
2670,11
2671,1
2672,11
2673,11
2674,2
2675,2
2676,11
2677,19
2678,17
2679,2
2680,17
2681,11
2682,17
2683,2
2684,17
2685,20
2686,11
2687,20
2688,1
2689,20
2690,17
2691,19
2692,11
2693,2
2694,17
2695,1
2696,11
2697,1
2698,20
2699,20
2700,17
2701,11
2702,17
2703,19
2704,2
2705,2
2706,11
2707,2
2708,1
2709,11
2710,19
2711,20
2712,20
2713,11
2714,17
2715,17
2716,17
2717,2
2718,1
2719,1
2720,2
2721,11
2722,2
2723,20
2724,17
2725,19
2726,17
2727,17
2728,17
2729,20
2730,11
2731,1
2732,17
2733,1
2734,11
2735,19
2736,2
2737,17
2738,2
2739,20
2740,17
2741,11
2742,20
2743,2
2744,20
2745,1
2746,17
2747,19
2748,11
2749,1
2750,2
2751,17
2752,1
2753,11
2754,2
2755,20
2756,19
2757,20
2758,11
2759,2
2760,1
2761,17
2762,17
2763,17
2764,2
2765,17
2766,20
2767,20
2768,17
2769,11
2770,19
2771,1
2772,17
2773,2
2774,17
2775,11
2776,17
2777,1
2778,2
2779,1
2780,19
2781,2
2782,20
2783,1
2784,11
2785,20
2786,17
2787,17
2788,20
2789,17
2790,2
2791,20
2792,11
2793,19
2794,2
2795,1
2796,17
2797,17
2798,17
2799,11
2800,11
2801,11
2802,2
2803,11
2804,11
2805,11
2806,1
2807,19
2808,11
2809,17
2810,2
2811,11
2812,17
2813,1
2814,11
2815,20
2816,20
2817,2
2818,11
2819,20
2820,11
2821,11
2822,1
2823,17
2824,1
2825,17
2826,11
2827,19
2828,20
2829,11
2830,11
2831,2
2832,11
2833,17
2834,2
2835,2
2836,11
2837,1
2838,11
2839,17
2840,19
2841,11
2842,17
2843,17
2844,20
2845,20
2846,11
2847,17
2848,20
2849,11
2850,1
2851,17
2852,11
2853,17
2854,28
2855,25
2856,25
2857,25
2858,25
2859,21
2860,25
2861,26
2862,28
2863,28
2864,25
2865,28
2866,21
2867,28
2868,21
2869,25
2870,25
2871,25
2872,25
2873,21
2874,28
2875,21
2876,26
2877,25
2878,28
2879,25
2880,25
2881,21
2882,26
2883,21
2884,25
2885,26
2886,21
2887,25
2888,28
2889,28
2890,28
2891,28
2892,26
2893,28
2894,25
2895,21
2896,28
2897,21
2898,28
2899,25
2900,25
2901,26
2902,25
2903,25
2904,21
2905,28
2906,28
2907,25
2908,21
2909,21
2910,26
2911,25
2912,28
2913,28
2914,25
2915,26
2916,21
2917,25
2918,21
2919,28
2920,25
2921,21
2922,25
2923,21
2924,21
2925,25
2926,26
2927,28
2928,21
2929,21
2930,26
2931,26
2932,21
2933,26
2934,28
2935,28
2936,25
2937,21
2938,25
2939,28
2940,25
2941,25
2942,21
2943,25
2944,25
2945,26
2946,28
2947,21
2948,26
2949,28
2950,21
2951,21
2952,21
2953,21
2954,21
2955,28
2956,21
2957,25
2958,21
2959,21
2960,21
2961,28
2962,21
2963,25
2964,21
2965,21
2966,26
2967,25
2968,21
2969,28
2970,28
2971,21
2972,21
2973,28
2974,21
2975,25
2976,25
2977,21
2978,21
2979,26
2980,21
2981,26
2982,25
2983,25
2984,26
2985,21
2986,28
2987,21
2988,28
2989,25
2990,21
2991,21
2992,25
2993,26
2994,21
2995,26
2996,21
2997,28
2998,21
2999,21
3000,21
3001,28
3002,25
3003,28
3004,21
3005,25
3006,26
3007,21
3008,21
3009,21
3010,21
3011,21
3012,25
3013,25
3014,25
3015,21
3016,28
3017,28
3018,25
3019,28
3020,21
3021,26
3022,28
3023,21
3024,28
3025,21
3026,26
3027,21
3028,25
3029,26
3030,25
3031,21
3032,28
3033,26
3034,21
3035,25
3036,21
3037,28
3038,21
3039,21
3040,21
3041,28
3042,21
3043,21
3044,26
3045,28
3046,25
3047,21
3048,28
3049,25
3050,25
3051,21
3052,21
3053,21
3054,25
3055,28
3056,21
3057,21
3058,21
3059,25
3060,25
3061,21
3062,26
3063,26
3064,21
3065,28
3066,26
3067,21
3068,26
3069,21
3070,21
3071,28
3072,21
3073,25
3074,28
3075,28
3076,25
3077,28
3078,21
3079,28
3080,21
3081,26
3082,21
3083,25
3084,24
3085,21
3086,21
3087,28
3088,25
3089,21
3090,28
3091,21
3092,28
3093,25
3094,21
3095,28
3096,24
3097,24
3098,24
3099,24
3100,21
3101,24
3102,21
3103,24
3104,21
3105,24
3106,26
3107,24
3108,21
3109,21
3110,26
3111,24
3112,25
3113,25
3114,26
3115,28
3116,24
3117,21
3118,24
3119,26
3120,24
3121,25
3122,25
3123,28
3124,21
3125,24
3126,25
3127,24
3128,21
3129,24
3130,24
3131,24
3132,24
3133,28
3134,28
3135,24
3136,21
3137,24
3138,25
3139,21
3140,24
3141,21
3142,28
3143,24
3144,28
3145,28
3146,21
3147,24
3148,21
3149,25
3150,25
3151,24
3152,28
3153,28
3154,24
3155,28
3156,21
3157,26
3158,26
3159,26
3160,24
3161,25
3162,28
3163,24
3164,24
3165,21
3166,21
3167,24
3168,25
3169,28
3170,21
3171,21
3172,24
3173,21
3174,28
3175,24
3176,28
3177,24
3178,24
3179,25
3180,25
3181,24
3182,28
3183,25
3184,21
3185,24
3186,24
3187,28
3188,21
3189,21
3190,21
3191,24
3192,21
3193,25
3194,21
3195,24
3196,26
3197,26
3198,24
3199,24
3200,28
3201,26
3202,25
3203,28
3204,28
3205,28
3206,24
3207,21
3208,24
3209,28
3210,21
3211,28
3212,25
3213,26
3214,21
3215,24
3216,25
3217,21
3218,25
3219,24
3220,28
3221,21
3222,24
3223,21
3224,24
3225,21
3226,28
3227,28
3228,26
3229,25
3230,24
3231,24
3232,24
3233,24
3234,24
3235,26
3236,26
3237,24
3238,28
3239,21
3240,21
3241,25
3242,23
3243,25
3244,23
3245,21
3246,24
3247,24
3248,23
3249,26
3250,24
3251,24
3252,26
3253,23
3254,24
3255,25
3256,21
3257,23
3258,25
3259,24
3260,23
3261,24
3262,24
3263,23
3264,28
3265,26
3266,24
3267,23
3268,24
3269,23
3270,24
3271,28
3272,25
3273,28
3274,23
3275,21
3276,28
3277,24
3278,23
3279,28
3280,24
3281,28
3282,21
3283,24
3284,24
3285,24
3286,23
3287,25
3288,26
3289,26
3290,23
3291,23
3292,25
3293,21
3294,25
3295,28
3296,26
3297,23
3298,25
3299,24
3300,24
3301,24
3302,23
3303,23
3304,25
3305,26
3306,24
3307,24
3308,28
3309,23
3310,24
3311,26
3312,23
3313,23
3314,25
3315,24
3316,26
3317,21
3318,24
3319,23
3320,21
3321,21
3322,28
3323,23
3324,23
3325,24
3326,24
3327,24
3328,24
3329,21
3330,23
3331,24
3332,25
3333,25
3334,23
3335,26
3336,24
3337,28
3338,25
3339,28
3340,23
3341,26
3342,25
3343,28
3344,28
3345,24
3346,28
3347,24
3348,23
3349,23
3350,21
3351,26
3352,21
3353,28
3354,25
3355,24
3356,21
3357,24
3358,24
3359,23
3360,23
3361,24
3362,24
3363,26
3364,28
3365,23
3366,26
3367,21
3368,24
3369,23
3370,23
3371,24
3372,28
3373,25
3374,24
3375,25
3376,24
3377,24
3378,25
3379,23
3380,21
3381,21
3382,25
3383,26
3384,23
3385,21
3386,24
3387,23
3388,25
3389,23
3390,23
3391,24
3392,23
3393,23
3394,24
3395,23
3396,26
3397,24
3398,23
3399,26
3400,23
3401,23
3402,23
3403,23
3404,28
3405,28
3406,23
3407,28
3408,24
3409,23
3410,25
3411,28
3412,24
3413,23
3414,28
3415,23
3416,23
3417,23
3418,21
3419,24
3420,24
3421,28
3422,26
3423,23
3424,26
3425,21
3426,23
3427,23
3428,25
3429,24
3430,28
3431,23
3432,25
3433,25
3434,23
3435,21
3436,23
3437,23
3438,23
3439,24
3440,21
3441,25
3442,23
3443,26
3444,24
3445,23
3446,24
3447,24
3448,26
3449,23
3450,23
3451,21
3452,23
3453,26
3454,23
3455,21
3456,23
3457,21
3458,26
3459,24
3460,23
3461,23
3462,23
3463,24
3464,23
3465,23
3466,23
3467,21
3468,24
3469,25
3470,25
3471,23
3472,28
3473,25
3474,23
3475,23
3476,28
3477,28
3478,25
3479,26
3480,21
3481,28
3482,23
3483,28
3484,23
3485,23
3486,23
3487,24
3488,25
3489,23
3490,28
3491,24
3492,24
3493,21
3494,28
3495,23
3496,21
3497,23
3498,29
3499,23
3500,23
3501,24
3502,26
3503,26
3504,25
3505,29
3506,23
3507,21
3508,23
3509,23
3510,29
3511,26
3512,23
3513,25
3514,25
3515,24
3516,23
3517,24
3518,21
3519,24
3520,29
3521,25
3522,23
3523,25
3524,21
3525,24
3526,23
3527,29
3528,21
3529,23
3530,23
3531,26
3532,25
3533,29
3534,29
3535,29
3536,29
3537,28
3538,28
3539,23
3540,29
3541,29
3542,29
3543,26
3544,28
3545,23
3546,29
3547,24
3548,21
3549,29
3550,29
3551,26
3552,23
3553,29
3554,28
3555,29
3556,23
3557,23
3558,29
3559,24
3560,29
3561,25
3562,26
3563,24
3564,29
3565,26
3566,24
3567,29
3568,21
3569,29
3570,28
3571,21
3572,25
3573,21
3574,29
3575,23
3576,29
3577,23
3578,29
3579,29
3580,21
3581,25
3582,23
3583,26
3584,23
3585,29
3586,23
3587,25
3588,29
3589,29
3590,29
3591,21
3592,23
3593,24
3594,25
3595,29
3596,24
3597,26
3598,24
3599,29
3600,29
3601,23
3602,23
3603,29
3604,29
3605,23
3606,23
3607,24
3608,23
3609,26
3610,29
3611,29
3612,21
3613,26
3614,28
3615,21
3616,25
3617,21
3618,25
3619,26
3620,28
3621,29
3622,21
3623,29
3624,23
3625,29
3626,29
3627,24
3628,26
3629,25
3630,24
3631,28
3632,23
3633,23
3634,21
3635,23
3636,24
3637,29
3638,29
3639,29
3640,23
3641,26
3642,25
3643,29
3644,28
3645,25
3646,23
3647,24
3648,29
3649,23
3650,29
3651,29
3652,25
3653,23
3654,23
3655,21
3656,21
3657,29
3658,24
3659,24
3660,21
3661,29
3662,21
3663,25
3664,23
3665,29
3666,23
3667,24
3668,29
3669,29
3670,21
3671,25
3672,29
3673,29
3674,25
3675,26
3676,26
3677,29
3678,29
3679,29
3680,29
3681,23
3682,28
3683,29
3684,26
3685,23
3686,29
3687,29
3688,29
3689,24
3690,29
3691,29
3692,29
3693,29
3694,28
3695,26
3696,23
3697,29
3698,23
3699,29
3700,24
3701,25
3702,29
3703,25
3704,29
3705,23
3706,29
3707,26
3708,28
3709,21
3710,29
3711,29
3712,29
3713,21
3714,21
3715,24
3716,29
3717,23
3718,29
3719,29
3720,23
3721,21
3722,23
3723,29
3724,21
3725,25
3726,28
3727,29
3728,29
3729,29
3730,25
3731,29
3732,29
3733,24
3734,23
3735,29
3736,25
3737,29
3738,23
3739,24
3740,29
3741,25
3742,29
3743,23
3744,29
3745,29
3746,29
3747,29
3748,23
3749,29
3750,24
3751,26
3752,26
3753,26
3754,21
3755,29
3756,29
3757,21
3758,25
3759,29
3760,29
3761,28
3762,21
3763,25
3764,26
3765,24
3766,29
3767,29
3768,23
3769,23
3770,23
3771,29
3772,26
3773,29
3774,26
3775,29
3776,21
3777,29
3778,24
3779,24
3780,29
3781,23
3782,29
3783,28
3784,25
3785,29
3786,25
3787,29
3788,29
3789,29
3790,21
3791,24
3792,29
3793,29
3794,23
3795,29
3796,25
3797,23
3798,24
3799,28
3800,23
3801,21
3802,29
3803,29
3804,29
3805,24
3806,29
3807,23
3808,21
3809,29
3810,23
3811,29
3812,21
3813,24
3814,22
3815,22
3816,25
3817,29
3818,22
3819,22
3820,29
3821,29
3822,22
3823,26
3824,26
3825,21
3826,23
3827,22
3828,22
3829,22
3830,26
3831,29
3832,26
3833,29
3834,22
3835,24
3836,22
3837,29
3838,26
3839,22
3840,23
3841,26
3842,22
3843,23
3844,22
3845,23
3846,29
3847,22
3848,29
3849,21
3850,25
3851,22
3852,26
3853,29
3854,29
3855,25
3856,24
3857,22
3858,23
3859,24
3860,24
3861,29
3862,22
3863,29
3864,22
3865,22
3866,24
3867,29
3868,22
3869,21
3870,26
3871,25
3872,22
3873,22
3874,22
3875,29
3876,23
3877,21
3878,22
3879,24
3880,29
3881,29
3882,23
3883,22
3884,29
3885,22
3886,21
3887,29
3888,25
3889,28
3890,29
3891,22
3892,22
3893,22
3894,23
3895,22
3896,29
3897,26
3898,26
3899,29
3900,24
3901,24
3902,26
3903,22
3904,22
3905,21
3906,22
3907,26
3908,29
3909,29
3910,24
3911,24
3912,25
3913,25
3914,23
3915,22
3916,29
3917,26
3918,22
3919,23
3920,22
3921,24
3922,25
3923,29
3924,29
3925,21
3926,22
3927,22
3928,22
3929,26
3930,22
3931,25
3932,29
3933,21
3934,22
3935,23
3936,29
3937,21
3938,22
3939,22
3940,29
3941,22
3942,22
3943,29
3944,23
3945,26
3946,24
3947,25
3948,29
3949,24
3950,24
3951,22
3952,22
3953,22
3954,22
3955,22
3956,23
3957,22
3958,22
3959,22
3960,24
3961,29
3962,22
3963,22
3964,23
3965,22
3966,21
3967,22
3968,22
3969,29
3970,29
3971,22
3972,22
3973,25
3974,22
3975,28
3976,26
3977,22
3978,22
3979,24
3980,26
3981,22
3982,26
3983,23
3984,22
3985,29
3986,25
3987,22
3988,29
3989,23
3990,22
3991,22
3992,26
3993,22
3994,22
3995,29
3996,25
3997,29
3998,22
3999,22
4000,29
4001,22
4002,21
4003,21
4004,22
4005,26
4006,23
4007,23
4008,23
4009,25
4010,22
4011,22
4012,24
4013,22
4014,22
4015,23
4016,22
4017,22
4018,26
4019,24
4020,22
4021,29
4022,29
4023,22
4024,29
4025,25
4026,22
4027,22
4028,23
4029,22
4030,29
4031,21
4032,29
4033,22
4034,22
4035,22
4036,24
4037,22
4038,22
4039,26
4040,22
4041,21
4042,23
4043,22
4044,22
4045,22
4046,29
4047,23
4048,23
4049,25
4050,29
4051,22
4052,22
4053,26
4054,29
4055,22
4056,22
4057,25
4058,23
4059,21
4060,22
4061,26
4062,24
4063,29
4064,22
4065,21
4066,25
4067,29
4068,28
4069,23
4070,26
4071,22
4072,22
4073,22
4074,24
4075,22
4076,25
4077,22
4078,29
4079,22
4080,22
4081,26
4082,27
4083,23
4084,27
4085,27
4086,27
4087,22
4088,27
4089,22
4090,25
4091,29
4092,27
4093,21
4094,22
4095,27
4096,29
4097,24
4098,27
4099,29
4100,27
4101,22
4102,22
4103,27
4104,22
4105,22
4106,23
4107,27
4108,22
4109,26
4110,23
4111,23
4112,29
4113,29
4114,27
4115,22
4116,21
4117,22
4118,27
4119,23
4120,24
4121,27
4122,22
4123,22
4124,21
4125,27
4126,22
4127,29
4128,27
4129,22
4130,22
4131,29
4132,29
4133,26
4134,22
4135,21
4136,24
4137,22
4138,27
4139,29
4140,25
4141,22
4142,25
4143,26
4144,27
4145,22
4146,25
4147,22
4148,26
4149,27
4150,22
4151,22
4152,22
4153,29
4154,25
4155,27
4156,24
4157,22
4158,23
4159,23
4160,21
4161,26
4162,27
4163,22
4164,27
4165,26
4166,23
4167,21
4168,23
4169,29
4170,29
4171,22
4172,27
4173,22
4174,22
4175,27
4176,22
4177,29
4178,24
4179,27
4180,26
4181,29
4182,21
4183,27
4184,27
4185,22
4186,27
4187,24
4188,22
4189,22
4190,22
4191,27
4192,24
4193,29
4194,27
4195,26
4196,27
4197,27
4198,29
4199,21
4200,27
4201,29
4202,27
4203,27
4204,27
4205,22
4206,27
4207,22
4208,27
4209,23
4210,27
4211,27
4212,27
4213,22
4214,23
4215,27
4216,23
4217,22
4218,27
4219,29
4220,25
4221,27
4222,25
4223,27
4224,22
4225,27
4226,23
4227,25
4228,24
4229,27
4230,25
4231,29
4232,27
4233,27
4234,21
4235,26
4236,25
4237,27
4238,22
4239,27
4240,26
4241,23
4242,27
4243,27
4244,29
4245,29
4246,22
4247,27
4248,21
4249,27
4250,27
4251,22
4252,22
4253,29
4254,27
4255,26
4256,27
4257,22
4258,27
4259,22
4260,27
4261,27
4262,24
4263,21
4264,27
4265,23
4266,29
4267,27
4268,26
4269,27
4270,23
4271,29
4272,22
4273,23
4274,22
4275,27
4276,26
4277,27
4278,29
4279,27
4280,27
4281,22
4282,21
4283,22
4284,27
4285,29
4286,23
4287,27
4288,22
4289,29
4290,27
4291,29
4292,27
4293,24
4294,27
4295,22
4296,27
4297,26
4298,23
4299,27
4300,22
4301,22
4302,27
4303,21
4304,25
4305,27
4306,25
4307,29
4308,27
4309,27
4310,25
4311,27
4312,27
4313,27
4314,27
4315,25
4316,27
4317,27
4318,22
4319,27
4320,27
4321,25
4322,27
4323,29
4324,27
4325,22
4326,27
4327,29
4328,23
4329,27
4330,21
4331,22
4332,27
4333,22
4334,27
4335,23
4336,29
4337,27
4338,27
4339,27
4340,24
4341,23
4342,25
4343,29
4344,22
4345,26
4346,30
4347,27
4348,21
4349,29
4350,27
4351,27
4352,27
4353,27
4354,30
4355,23
4356,27
4357,30
4358,25
4359,27
4360,22
4361,30
4362,22
4363,29
4364,22
4365,27
4366,21
4367,27
4368,30
4369,27
4370,22
4371,27
4372,24
4373,30
4374,22
4375,23
4376,27
4377,30
4378,27
4379,26
4380,25
4381,29
4382,30
4383,27
4384,29
4385,27
4386,24
4387,27
4388,29
4389,22
4390,23
4391,27
4392,30
4393,30
4394,30
4395,30
4396,30
4397,27
4398,30
4399,30
4400,29
4401,30
4402,30
4403,27
4404,22
4405,30
4406,23
4407,22
4408,30
4409,30
4410,25
4411,23
4412,27
4413,30
4414,22
4415,25
4416,30
4417,21
4418,27
4419,30
4420,27
4421,22
4422,29
4423,27
4424,25
4425,30
4426,30
4427,24
4428,27
4429,26
4430,30
4431,21
4432,23
4433,22
4434,30
4435,30
4436,30
4437,25
4438,30
4439,27
4440,27
4441,30
4442,30
4443,21
4444,22
4445,30
4446,30
4447,30
4448,30
4449,30
4450,30
4451,30
4452,30
4453,22
4454,30
4455,30
4456,30
4457,27
4458,30
4459,27
4460,22
4461,25
4462,30
4463,22
4464,27
4465,30
4466,30
4467,29
4468,23
4469,23
4470,29
4471,30
4472,27
4473,30
4474,30
4475,24
4476,30
4477,30
4478,30
4479,29
4480,22
4481,29
4482,30
4483,26
4484,30
4485,22
4486,30
4487,30
4488,30
4489,30
4490,30
4491,30
4492,30
4493,27
4494,30
4495,30
4496,30
4497,30
4498,30
4499,29
4500,30
4501,27
4502,30
4503,25
4504,30
4505,30
4506,30
4507,30
4508,23
4509,30
4510,27
4511,27
4512,30
4513,24
4514,30
4515,30
4516,30
4517,30
4518,30
4519,30
4520,30
4521,30
4522,22
4523,30
4524,22
4525,30
4526,30
4527,27
4528,30
4529,30
4530,30
4531,30
4532,30
4533,30
4534,22
4535,24
4536,30
4537,30
4538,30
4539,30
4540,30
4541,30
4542,30
4543,27
4544,30
4545,22
4546,30
4547,30
4548,30
4549,30
4550,30
4551,30
4552,30
4553,30
4554,30
4555,23
4556,30
4557,30
4558,27
4559,30
4560,30
4561,27
4562,30
4563,30
4564,30
4565,30
4566,30
4567,30
4568,30
4569,30
4570,30
4571,30
4572,30
4573,30
4574,30
4575,30
4576,30
4577,25
4578,30
4579,30
4580,30
4581,30
4582,30
4583,30
4584,30
4585,30
4586,30
4587,30
4588,24
4589,30
4590,27
4591,30
4592,30
4593,30
4594,30
4595,27
4596,30
4597,30
4598,30
4599,26
4600,30
4601,30
4602,22
4603,21
4604,30
4605,30
4606,30
4607,21
4608,29
4609,30
4610,30
4611,25
4612,30
4613,29
4614,29
4615,30
4616,30
4617,21
4618,30
4619,27
4620,22
4621,30
4622,27
4623,30
4624,27
4625,25
4626,30
4627,22
4628,22
4629,27
4630,29
4631,30
4632,23
4633,30
4634,30
4635,21
4636,30
4637,23
4638,30
4639,30
4640,27
4641,22
4642,25
4643,26
4644,22
4645,30
4646,30
4647,30
4648,27
4649,30
4650,23
4651,24
4652,30
4653,27
4654,30
4655,30
4656,30
4657,22
4658,22
4659,25
4660,27
4661,30
4662,30
4663,24
4664,27
4665,22
4666,27
4667,23
4668,23
4669,30
4670,30
4671,29
4672,29
4673,27
4674,30
4675,22
4676,30
4677,29
4678,22
4679,26
4680,30
4681,25
4682,24
4683,27
4684,22
4685,29
4686,27
4687,27
4688,22
4689,30
4690,30
4691,23
4692,27
4693,22
4694,22
4695,21
4696,25
4697,27
4698,21
4699,23
4700,30
4701,23
4702,30
4703,25
4704,25
4705,24
4706,22
4707,27
4708,27
4709,30
4710,25
4711,22
4712,27
4713,26
4714,22
4715,29
4716,24
4717,27
4718,27
4719,30
4720,22
4721,30
4722,23
4723,29
4724,23
4725,25
4726,22
4727,24
4728,22
4729,30
4730,26
4731,27
4732,30
4733,27
4734,29
4735,27
4736,25
4737,22
4738,24
4739,27
4740,30
4741,23
4742,30
4743,29
4744,27
4745,22
4746,22
4747,27
4748,27
4749,22
4750,30
4751,29
4752,23
4753,27
4754,25
4755,22
4756,26
4757,30
4758,29
4759,21
4760,21
4761,27
4762,21
4763,27
4764,30
4765,24
4766,23
4767,22
4768,21
4769,27
4770,24
4771,23
4772,29
4773,30
4774,30
4775,27
4776,27
4777,25
4778,25
4779,24
4780,27
4781,22
4782,22
4783,22
4784,30
4785,27
4786,22
4787,27
4788,30
4789,29
4790,23
4791,25
4792,29
4793,26
4794,23
4795,22
4796,27
4797,27
4798,29
4799,27
4800,30
4801,25
4802,23
4803,25
4804,27
4805,27
4806,23
4807,29
4808,30
4809,22
4810,22
4811,30
4812,22
4813,27
4814,23
4815,21
4816,22
4817,21
4818,27
4819,24
4820,21
4821,25
4822,24
4823,27
4824,27
4825,29
4826,30
4827,30
4828,25
4829,29
4830,26
4831,24
4832,27
4833,23
4834,29
4835,27
4836,25
4837,23
4838,30
4839,27
4840,22
4841,22
4842,25
4843,30
4844,27
4845,22
4846,27
4847,23
4848,29
4849,29
4850,22
4851,25
4852,30
4853,27
4854,27
4855,30
4856,22
4857,27
4858,26
4859,23
4860,25
4861,29
4862,25
4863,22
4864,27
4865,21
4866,24
4867,29
4868,27
4869,22
4870,21
4871,24
4872,27
4873,30
4874,23
4875,22
4876,27
4877,27
4878,21
4879,24
4880,22
4881,23
4882,25
4883,21
4884,29
4885,30
4886,29
4887,22
4888,23
4889,30
4890,27
4891,27
4892,27
4893,27
4894,25
4895,25
4896,22
4897,22
4898,30
4899,23
4900,22
4901,29
4902,29
4903,25
4904,21
4905,30
4906,27
4907,22
4908,27
4909,29
4910,30
4911,27
4912,27
4913,24
4914,24
4915,24
4916,27
4917,29
4918,24
4919,21
4920,22
4921,25
4922,26
4923,30
4924,22
4925,29
4926,23
4927,25
4928,21
4929,27
4930,22
4931,27
4932,23
4933,27
4934,29
4935,21
4936,30
4937,29
4938,27
4939,25
4940,22
4941,23
4942,27
4943,27
4944,21
4945,22
4946,29
4947,27
4948,22
4949,29
4950,30
4951,25
4952,27
4953,22
4954,21
4955,25
4956,27
4957,29
4958,24
4959,24
4960,30
4961,23
4962,24
4963,23
4964,30
4965,22
4966,27
4967,22
4968,21
4969,27
4970,23
4971,29
4972,22
4973,25
4974,21
4975,27
4976,23
4977,30
4978,30
4979,25
4980,22
4981,27
4982,25
4983,22
4984,29
4985,21
4986,29
4987,27
4988,27
4989,25
4990,30
4991,29
4992,27
4993,22
4994,21
4995,22
4996,27
4997,24
4998,27
4999,23
5000,29
5001,24
5002,27
5003,23
5004,24
5005,25
5006,23
5007,21
5008,22
5009,22
5010,30
5011,27
5012,25
5013,24
5014,29
5015,27
5016,29
5017,29
5018,21
5019,22
5020,30
5021,27
5022,27
5023,30
5024,25
5025,22
5026,29
5027,21
5028,27
5029,27
5030,27
5031,25
5032,29
5033,25
5034,22
5035,30
5036,30
5037,23
5038,21
5039,23
5040,23
5041,25
5042,27
5043,22
5044,23
5045,27
5046,24
5047,22
5048,29
5049,24
5050,27
5051,29
5052,22
5053,30
5054,27
5055,24
5056,21
5057,27
5058,29
5059,25
5060,25
5061,22
5062,27
5063,21
5064,29
5065,27
5066,27
5067,30
5068,21
5069,22
5070,22
5071,21
5072,27
5073,23
5074,23
5075,29
5076,23
5077,22
5078,27
5079,29
5080,27
5081,24
5082,25
5083,29
5084,30
5085,30
5086,21
5087,25
5088,22
5089,24
5090,27
5091,29
5092,25
5093,29
5094,27
5095,24
5096,22
5097,30
5098,21
5099,27
5100,22
5101,30
5102,27
5103,24
5104,22
5105,25
5106,25
5107,27
5108,23
5109,29
5110,22
5111,29
5112,23
5113,24
5114,27
5115,29
5116,21
5117,23
5118,27
5119,30
5120,29
5121,22
5122,23
5123,22
5124,27
5125,24
5126,22
5127,21
5128,27
5129,25
5130,22
5131,25
5132,24
5133,30
5134,27
5135,25
5136,30
5137,22
5138,21
5139,27
5140,24
5141,29
5142,29
5143,29
5144,29
5145,27
5146,23
5147,29
5148,30
5149,22
5150,27
5151,23
5152,27
5153,30
5154,22
5155,25
5156,21
5157,25
5158,23
5159,22
5160,21
5161,22
5162,23
5163,30
5164,27
5165,21
5166,27
5167,30
5168,27
5169,24
5170,27
5171,29
5172,29
5173,29
5174,22
5175,25
5176,21
5177,29
5178,22
5179,22
5180,23
5181,25
5182,24
5183,22
5184,21
5185,22
5186,23
5187,30
5188,27
5189,27
5190,30
5191,27
5192,23
5193,24
5194,25
5195,23
5196,21
5197,25
5198,30
5199,22
5200,29
5201,22
5202,29
5203,22
5204,29
5205,22
5206,21
5207,30
5208,24
5209,27
5210,29
5211,27
5212,27
5213,27
5214,23
5215,30
5216,21
5217,23
5218,24
5219,25
5220,21
5221,30
5222,23
5223,25
5224,27
5225,22
5226,22
5227,22
5228,27
5229,22
5230,27
5231,27
5232,24
5233,29
5234,29
5235,23
5236,29
5237,21
5238,29
5239,21
5240,30
5241,23
5242,25
5243,29
5244,24
5245,30
5246,27
5247,23
5248,27
5249,27
5250,27
5251,22
5252,24
5253,22
5254,22
5255,30
5256,23
5257,21
5258,22
5259,21
5260,25
5261,29
5262,30
5263,29
5264,23
5265,24
5266,27
5267,25
5268,29
5269,27
5270,30
5271,27
5272,29
5273,27
5274,23
5275,22
5276,21
5277,21
5278,22
5279,24
5280,23
5281,30
5282,22
5283,25
5284,22
5285,27
5286,29
5287,24
5288,23
5289,27
5290,29
5291,27
5292,21
5293,21
5294,27
5295,29
5296,30
5297,23
5298,22
5299,21
5300,24
5301,22
5302,29
5303,30
5304,22
5305,23
5306,25
5307,22
5308,27
5309,29
5310,30
5311,21
5312,22
5313,27
5314,24
5315,21
5316,27
5317,29
5318,23
5319,23
5320,27
5321,30
5322,25
5323,29
5324,22
5325,30
5326,27
5327,23
5328,22
5329,24
5330,29
5331,21
5332,24
5333,22
5334,27
5335,21
5336,27
5337,30
5338,22
5339,29
5340,23
5341,27
5342,29
5343,27
5344,25
5345,22
5346,24
5347,24
5348,23
5349,29
5350,21
5351,23
5352,22
5353,27
5354,30
5355,22
5356,23
5357,27
5358,29
5359,25
5360,22
5361,30
5362,27
5363,24
5364,24
5365,21
5366,29
5367,27
5368,29
5369,23
5370,30
5371,27
5372,21
5373,22
5374,23
5375,29
5376,27
5377,24
5378,22
5379,30
5380,24
5381,23
5382,25
5383,27
5384,30
5385,29
5386,21
5387,23
5388,22
5389,27
5390,27
5391,29
5392,22
5393,21
5394,24
5395,24
5396,22
5397,27
5398,30
5399,23
5400,21
5401,29
5402,22
5403,29
5404,27
5405,27
5406,21
5407,22
5408,29
5409,23
5410,27
5411,23
5412,30
5413,24
5414,23
5415,27
5416,27
5417,22
5418,25
5419,21
5420,29
5421,27
5422,30
5423,22
5424,23
5425,29
5426,23
5427,24
5428,30
5429,21
5430,29
5431,27
5432,24
5433,22
5434,27
5435,29
5436,27
5437,23
5438,21
5439,30
5440,23
5441,22
5442,23
5443,27
5444,24
5445,29
5446,22
5447,29
5448,27
5449,27
5450,21
5451,25
5452,23
5453,23
5454,22
5455,29
5456,30
5457,24
5458,27
5459,29
5460,27
5461,21
5462,24
5463,22
5464,23
5465,22
5466,29
5467,30
5468,23
5469,27
5470,29
5471,30
5472,21
5473,22
5474,24
5475,22
5476,27
5477,27
5478,23
5479,29
5480,23
5481,21
5482,29
5483,30
5484,23
5485,30
5486,21
5487,22
5488,27
5489,27
5490,24
5491,29
5492,29
5493,23
5494,21
5495,22
5496,27
5497,23
5498,22
5499,27
5500,30
5501,21
5502,24
5503,29
5504,29
5505,22
5506,27
5507,22
5508,27
5509,23
5510,24
5511,27
5512,23
5513,30
5514,27
5515,21
5516,29
5517,22
5518,22
5519,29
5520,23
5521,24
5522,27
5523,23
5524,21
5525,27
5526,22
5527,22
5528,30
5529,29
5530,30
5531,24
5532,29
5533,21
5534,23
5535,27
5536,27
5537,22
5538,22
5539,23
5540,24
5541,27
5542,29
5543,30
5544,29
5545,27
5546,21
5547,22
5548,24
5549,22
5550,23
5551,29
5552,27
5553,21
5554,29
5555,27
5556,27
5557,23
5558,22
5559,23
5560,30
5561,21
5562,22
5563,27
5564,29
5565,23
5566,22
5567,24
5568,29
5569,27
5570,22
5571,30
5572,30
5573,29
5574,23
5575,27
5576,24
5577,21
5578,29
5579,22
5580,27
5581,21
5582,22
5583,23
5584,29
5585,27
5586,29
5587,27
5588,24
5589,30
5590,22
5591,23
5592,29
5593,27
5594,24
5595,22
5596,22
5597,27
5598,23
5599,29
5600,24
5601,30
5602,22
5603,30
5604,21
5605,27
5606,29
5607,23
5608,29
5609,21
5610,22
5611,27
5612,24
5613,29
5614,27
5615,23
5616,22
5617,30
5618,27
5619,30
5620,24
5621,29
5622,23
5623,22
5624,27
5625,23
5626,27
5627,22
5628,29
5629,22
5630,21
5631,27
5632,23
5633,30
5634,24
5635,27
5636,22
5637,29
5638,23
5639,24
5640,27
5641,22
5642,29
5643,27
5644,24
5645,29
5646,30
5647,30
5648,22
5649,22
5650,23
5651,29
5652,27
5653,23
5654,22
5655,21
5656,29
5657,27
5658,24
5659,27
5660,30
5661,23
5662,22
5663,30
5664,29
5665,24
5666,27
5667,29
5668,23
5669,22
5670,27
5671,29
5672,23
5673,27
5674,22
5675,27
5676,30
5677,29
5678,23
5679,22
5680,21
5681,23
5682,22
5683,27
5684,24
5685,27
5686,24
5687,29
5688,22
5689,27
5690,30
5691,30
5692,23
5693,29
5694,22
5695,23
5696,22
5697,22
5698,23
5699,27
5700,22
5701,30
5702,27
5703,29
5704,24
5705,27
5706,30
5707,22
5708,24
5709,29
5710,24
5711,22
5712,29
5713,23
5714,22
5715,23
5716,22
5717,27
5718,27
5719,30
5720,27
5721,23
5722,22
5723,29
5724,22
5725,24
5726,22
5727,29
5728,24
5729,27
5730,23
5731,29
5732,30
5733,27
5734,27
5735,30
5736,23
5737,22
5738,23
5739,22
5740,23
5741,22
5742,29
5743,22
5744,30
5745,27
5746,29
5747,30
5748,27
5749,24
5750,27
5751,29
5752,24
5753,23
5754,22
5755,23
5756,22
5757,23
5758,22
5759,29
5760,27
5761,30
5762,27
5763,29
5764,27
5765,27
5766,29
5767,22
5768,24
5769,22
5770,24
5771,23
5772,22
5773,30
5774,23
5775,22
5776,27
5777,30
5778,23
5779,27
5780,27
5781,29
5782,29
5783,29
5784,22
5785,30
5786,22
5787,22
5788,30
5789,24
5790,22
5791,23
5792,27
5793,27
5794,27
5795,23
5796,23
5797,29
5798,29
5799,29
5800,29
5801,22
5802,30
5803,22
5804,22
5805,30
5806,27
5807,27
5808,27
5809,24
5810,23
5811,23
5812,23
5813,29
5814,30
5815,29
5816,29
5817,22
5818,30
5819,22
5820,22
5821,27
5822,22
5823,27
5824,27
5825,23
5826,23
5827,23
5828,23
5829,30
5830,29
5831,29
5832,29
5833,27
5834,22
5835,22
5836,27
5837,22
5838,27
5839,27
5840,30
5841,30
5842,23
5843,23
5844,23
5845,29
5846,29
5847,27
5848,29
5849,29
5850,27
5851,22
5852,22
5853,27
5854,22
5855,30
5856,30
5857,27
5858,27
5859,27
5860,29
5861,23
5862,29
5863,22
5864,29
5865,23
5866,22
5867,22
5868,22
5869,23
5870,30
5871,30
5872,27
5873,27
5874,27
5875,22
5876,22
5877,22
5878,29
5879,29
5880,29
5881,23
5882,23
5883,30
5884,23
5885,30
5886,27
5887,27
5888,27
5889,22
5890,22
5891,22
5892,29
5893,29
5894,29
5895,23
5896,30
5897,23
5898,23
5899,30
5900,27
5901,27
5902,22
5903,22
5904,30
5905,22
5906,22
5907,29
5908,29
5909,29
5910,30
5911,23
5912,23
5913,27
5914,27
5915,30
5916,27
5917,22
5918,22
5919,22
5920,30
5921,29
5922,29
5923,29
5924,27
5925,23
5926,23
5927,27
5928,27
5929,22
5930,30
5931,22
5932,22
5933,22
5934,30
5935,29
5936,29
5937,27
5938,29
5939,23
5940,27
5941,30
5942,27
5943,22
5944,30
5945,22
5946,22
5947,27
5948,29
5949,29
5950,27
5951,29
5952,23
5953,27
5954,30
5955,22
5956,22
5957,27
5958,22
5959,29
5960,27
5961,29
5962,30
5963,29
5964,27
5965,23
5966,27
5967,30
5968,22
5969,22
5970,27
5971,22
5972,30
5973,29
5974,27
5975,29
5976,27
5977,30
5978,29
5979,22
5980,27
5981,22
5982,22
5983,27
5984,29
5985,30
5986,27
5987,29
5988,29
5989,22
5990,30
5991,22
5992,27
5993,22
5994,30
5995,29
5996,27
5997,29
5998,30
5999,27
6000,29
6001,22
6002,27
6003,22
6004,27
6005,22
6006,30
6007,29
6008,27
6009,29
6010,22
6011,27
6012,22
6013,27
6014,30
6015,22
6016,27
6017,29
6018,30
6019,27
6020,29
6021,22
6022,27
6023,22
6024,27
6025,30
6026,22
6027,27
6028,29
6029,27
6030,22
6031,22
6032,27
6033,30
6034,22
6035,27
6036,30
6037,29
6038,22
6039,30
6040,27
6041,22
6042,27
6043,22
6044,30
6045,29
6046,27
6047,27
6048,22
6049,30
6050,27
6051,22
6052,27
6053,29
6054,27
6055,22
6056,30
6057,27
6058,22
6059,27
6060,30
6061,22
6062,22
6063,27
6064,22
6065,30
6066,27
6067,22
6068,22
6069,27
6070,30
6071,22
6072,27
6073,22
6074,30
6075,27
6076,30
6077,22
6078,27
6079,22
6080,30
6081,27
6082,22
6083,27
6084,30
6085,22
6086,27
6087,27
6088,22
6089,30
6090,22
6091,27
6092,30
6093,27
6094,27
6095,22
6096,30
6097,27
6098,27
6099,22
6100,30
6101,27
6102,30
6103,27
6104,30
6105,27
6106,30
6107,27
6108,27
6109,30
6110,27
6111,27
6112,30
6113,27
6114,30
6115,30
