7.995855748531103480e+00,2.747068955615797670e+00,2.184006229690242940e+00
7.995818565735974381e+00,2.747049272886151527e+00,2.421314328910126434e+00
7.995864011390087178e+00,2.747073329567687683e+00,2.571841269442424860e+00
7.995847485677802347e+00,2.747064581668260619e+00,3.298344781800707448e+00
7.995851617103737929e+00,2.747066768641483137e+00,3.655187539343174752e+00
7.995843354253280744e+00,2.747062394696124343e+00,5.211706555291557130e+00
7.995864011390087178e+00,2.747073329567687683e+00,5.939346240042556069e+00
7.995855748531103480e+00,2.747068955615798114e+00,7.815047128329592141e+00
7.995830979482128065e+00,2.747055844105339428e+00,1.201833155362240824e+01
7.995860951930476190e+00,2.747071710039814985e+00,1.388937218862801970e+01
8.194369395676519119e+00,2.852538497916706106e+00,1.847810704428058415e+01
4.931782569686507856e+00,1.875730058360098207e+00,7.214681466145033140e-01
9.785428965831892256e+00,3.205102361098266073e+00,3.482735438366209912e+00
4.931745596517970398e+00,1.875707250622588917e+00,8.243201945586114965e-01
9.785403956155811045e+00,3.205089960049808173e+00,3.584059138898305630e+00
9.231533397662419205e+00,3.415747789331683215e+00,2.123024527271571316e+01
4.931753519324820978e+00,1.875712137981538463e+00,1.147827396814621537e+00
9.785388950370798256e+00,3.205082519435541677e+00,4.166765301339420802e+00
9.785373944601253982e+00,3.205075078832379187e+00,4.469342259832270514e+00
4.931764083079998251e+00,1.875718654471486113e+00,1.782049323520075390e+00
4.931753519324820978e+00,1.875712137981538463e+00,2.097481597790223251e+00
9.785393952297416931e+00,3.205084999639062904e+00,5.803171154964723577e+00
4.931774646849699906e+00,1.875725170974401390e+00,2.955339331732660391e+00
4.931745596517970398e+00,1.875707250622588917e+00,3.530346763989495873e+00
9.785539589347056477e+00,3.205157213885161394e+00,1.676010681069839592e+01
4.931769364963033198e+00,1.875721912721322493e+00,4.229733170292093725e+00
9.785374951145644928e+00,3.205075577926791652e+00,1.477191717653736980e+01
9.785403963785386239e+00,3.205089963832930877e+00,1.302116627960500672e+01
9.785428965893126829e+00,3.205102361128629784e+00,1.148917731348803173e+01
4.931782569686507856e+00,1.875730058360098207e+00,5.077839595022098251e+00
4.931769364963034974e+00,1.875721912721323381e+00,6.102415209265396712e+00
4.931753519326423252e+00,1.875712137982527006e+00,7.334608480162106758e+00
4.931769366609366934e+00,1.875721913736901225e+00,8.808154896521413590e+00
1.253797910356512446e+01,5.334280689284880417e+00,9.483822368463419750e+00
4.931784239944648540e+00,1.875731088697870419e+00,1.055801469510590884e+01
1.253796815121524766e+01,5.334274050833798242e+00,1.088986001952616611e+01
4.933351001766028254e+00,1.876697626477083825e+00,1.261889490303235561e+01
1.156069613726425871e+01,4.108508125945322220e+00,2.428091377425729647e+01
7.835220493347337722e+00,3.802978068959041114e+00,3.351459904458538475e+00
7.835255498828447962e+00,3.803002794600998104e+00,3.422210612023712351e+00
7.835251998276382857e+00,3.803000322032530356e+00,3.542444649141105462e+00
5.246217418333908533e+00,2.071449306530422696e+00,1.502249624935596373e+01
7.835255498828447962e+00,3.803002794600998104e+00,3.947898498422217184e+00
1.253800648446387278e+01,5.334297285434874247e+00,1.955191554011004129e+01
1.253799553210026652e+01,5.334290646971063588e+00,2.193652812449937883e+01
7.835237996076910960e+00,3.802990431768158430e+00,4.618204244684946502e+00
1.641655184765950182e+00,-2.282506669700905266e-01,-2.827525652575245685e-01
5.455991804770272680e-01,-4.977071840891324483e-01,-3.977999437025548368e-01
1.008493385057764424e+00,-3.912759211347350830e-01,-3.433904463679123831e-01
5.455835186162978356e-01,-4.977105681218853550e-01,-3.772821865196370195e-01
1.641652251834651910e+00,-2.282514622281182903e-01,-1.845811613273359575e-01
2.491532539757135734e+00,1.553479197482852264e-02,8.950441303757671052e-02
3.610443486927849666e+00,3.712472475624150614e-01,2.359024567477727985e-01
5.054708232536193613e+00,8.774498446989470457e-01,9.263892519698552208e-01
5.054704980304735251e+00,8.774486525220169808e-01,1.692313131412787719e+00
7.835234495529239673e+00,3.802987959204437551e+00,5.077319678429090821e+00
2.691427760804131708e+00,1.123933333498652321e+00,4.847968139440868296e-02
2.691430863118989603e+00,1.123935629139151793e+00,1.168395351397907150e-01
2.691423107335845888e+00,1.123929890042186130e+00,1.686333131252373274e-01
2.691424658491408106e+00,1.123931037860437243e+00,3.200924414015828279e-01
1.253800100828299868e+01,5.334293966203312642e+00,2.468483504149715557e+01
2.691424658491408106e+00,1.123931037860437243e+00,5.622759562963783875e-01
6.881439501348603827e+00,1.579599698139787511e+00,2.239227250181323292e+00
6.881402849419464118e+00,1.579584998473033242e+00,2.833638199909314981e+00
2.691413800413668067e+00,1.123923003144671640e+00,1.549797682617871430e+00
7.835234495529239673e+00,3.802987959204437551e+00,5.637180067087463442e+00
2.691435516595273469e+00,1.123939072604184242e+00,2.499498057648980254e+00
7.835234495529239673e+00,3.802987959204437551e+00,6.315101210665170939e+00
9.143704090422605901e+00,2.528144553605881750e+00,4.636147977319089897e+00
1.227169623215865757e+00,5.274646503308980661e-01,1.658899681058435549e-01
1.227173817658393506e+00,5.274684800957960551e-01,3.012886019774546065e-01
1.227164589894347291e+00,5.274600546255954203e-01,4.761848937454468134e-01
1.227170462103794213e+00,5.274654162831154958e-01,-2.035121812803838276e-02
1.227170462103794213e+00,5.274654162831154958e-01,-1.325495621986314820e-01
1.227167106553808562e+00,5.274623524765318372e-01,-1.705850519947624822e-01
1.227172139880517099e+00,5.274669481886934408e-01,-2.515660172421306795e-01
1.227164589894347291e+00,5.274600546255954203e-01,-2.393132962688385990e-01
1.227172139880517099e+00,5.274669481886934408e-01,1.369436474351883204e+00
1.227167106553808562e+00,5.274623524765318372e-01,1.851645307013121355e+00
1.227172139880517099e+00,5.274669481886934408e-01,2.467637438176542464e+00
1.227172139952857233e+00,5.274669482547439392e-01,4.233017575315374259e+00
1.227165394050582670e+00,5.274607888651287046e-01,5.458316929610715462e+00
1.528452496174515574e+01,6.139175013721206220e+00,1.156234849445101531e+01
7.835241496625461544e+00,3.802992904332827440e+00,8.112136006639964592e+00
1.528459789196897134e+01,6.139216420705538191e+00,1.237658566967152929e+01
7.835255498828447962e+00,3.803002794600998104e+00,9.284791925031482762e+00
4.396784353459053385e+00,2.481813019039969426e+00,3.139448633954179613e+00
4.396782297318511112e+00,2.481811276966140234e+00,2.021064448078009779e+00
4.396786409600114354e+00,2.481814761114466528e+00,3.694687401113851077e+00
4.396786409600114354e+00,2.481814761114466528e+00,1.588814758388880977e+00
4.396794634169536309e+00,2.481821729419142475e+00,1.437464488634593973e+00
4.396796690313184541e+00,2.481823471496980904e+00,1.320835057693404035e+00
4.396792578026403220e+00,2.481819987341969735e+00,1.234423421158955092e+00
1.167849145129559751e+01,3.660760351872206275e+00,5.122604631204185743e+00
4.396774072761515662e+00,2.481804308677510562e+00,1.140101049546842660e+00
1.167843814618592013e+01,3.660735404526922032e+00,5.501567456214335294e+00
4.396796690313184541e+00,2.481823471496980904e+00,5.206122993567061208e+00
1.167850329689792233e+01,3.660765895741884712e+00,5.737972304024069103e+00
7.835251998276382857e+00,3.803000322032530356e+00,1.234570842117110878e+01
1.188502599478388078e+01,3.775220572159668553e+00,8.835375609661605623e+00
1.188493027081108266e+01,3.775175355037730718e+00,1.296047536190564209e+01
1.167845591453748710e+01,3.660743720296271597e+00,6.401406900721124060e+00
1.167847960570141908e+01,3.660754808008046091e+00,6.841242884253690093e+00
4.396792578026403220e+00,2.481819987341969735e+00,6.220229383729487971e+00
1.431966002155846951e+01,5.596731735979633804e+00,3.061062966631515536e+01
1.167847960570141908e+01,3.660754808008046091e+00,7.977514862465302947e+00
1.167849145142100475e+01,3.660760351930898437e+00,1.283801858735881041e+01
1.167843814618829512e+01,3.660735404528033587e+00,1.158254149064159755e+01
1.167848704768423040e+01,3.660758290935015147e+00,1.768417747889251856e+01
1.528455148180325018e+01,6.139190070786193942e+00,1.637387657960219300e+01
1.168059070613861472e+01,3.661742852407884552e+00,1.970269085177646673e+01
1.528455148180325018e+01,6.139190070786193942e+00,1.769195337571489191e+01
1.528455811182193358e+01,6.139193835056052428e+00,1.922997361281522899e+01
1.179261385395063932e+01,3.714249819396394869e+00,2.193790844944018659e+01
1.312236170325648388e+01,4.368731361425251869e+00,1.124238816441507183e+01
4.396774072761515662e+00,2.481804308677510562e+00,8.949488015084520853e+00
1.528459126194031192e+01,6.139212656427014636e+00,2.307074667852285188e+01
7.835248497726709616e+00,3.802997849466082769e+00,1.936395018770047827e+01
1.268605465450843539e+01,4.138366142028653272e+00,2.439248516894356555e+01
1.325463665713608741e+01,5.772390628106757404e+00,3.134073170790845353e+01
1.528459126222312570e+01,6.139212656587586636e+00,3.119240372385093707e+01
1.444145279717510633e+01,5.020499359507223147e+00,1.680781304689698530e+01
7.835220493926476237e+00,3.802978069368106784e+00,2.254531498771083875e+01
1.395150102955874338e+01,4.754703091910850610e+00,2.706286373324427430e+01
1.528457919073355065e+01,6.139205802855459915e+00,3.854933523661205186e+01
1.584246193338310960e+01,5.732945557536526238e+00,1.775876401987653352e+01
1.582609653563028473e+01,6.448313336102313720e+00,3.412168133854819274e+01
1.584250518587637480e+01,5.732967860862959952e+00,2.090972745696497626e+01
3.046358512741626612e+00,1.391082446191029165e+00,1.175004975389937911e+01
7.835255718395872648e+00,3.803002949689542778e+00,2.623295274526601162e+01
4.396794634189169493e+00,2.481821729435776724e+00,1.550488909931117298e+01
4.518481165631931695e+00,2.367636221285775999e+00,1.645185240898220869e+01
1.732458532656737660e+01,6.507947541329258456e+00,2.206746231396324376e+01
1.732463099080917956e+01,6.507971743553836674e+00,3.068093713653890831e+01
5.326628358413749709e+00,3.282273088159555208e+00,2.063495115332730734e+01
1.819009313180944076e+01,6.940000418143514871e+00,1.660366394888760055e+01
1.819008528117759482e+01,6.939996211104645596e+00,1.692933277199197661e+01
1.819010098244324780e+01,6.940004625183994413e+00,1.739253108130496273e+01
1.257219742603735391e+01,5.355029742183614161e+00,4.521254630090489712e+01
1.819005387866992862e+01,6.939979382965320909e+00,1.969018021568643917e+01
1.819004602804793791e+01,6.939975175934526064e+00,2.361667871002124741e+01
1.819005387866993217e+01,6.939979382965322685e+00,2.536685198513767148e+01
1.819009313181054566e+01,6.940000418144106398e+00,2.965746331758382226e+01
1.819008528207460884e+01,6.939996211585342856e+00,3.516039648425422115e+01
1.823149332160679137e+01,6.962193941285256038e+00,3.620778066361224745e+01
1.819001568334957497e+01,6.939958914670213197e+00,4.206443836744684717e+01
1.888601420349394644e+01,7.346750215318504473e+00,2.722490939386941022e+01
1.888608622165807560e+01,7.346789412221966131e+00,3.167195721028454969e+01
1.888603820980986825e+01,7.346763281090043840e+00,3.738720487488376421e+01
1.553041998363789311e+01,6.279127290434889375e+00,5.301850043412648716e+01
1.819148895570222280e+01,6.940748428648410240e+00,5.052370948222542069e+01
1.359713918158986523e+01,4.098538479657265476e+00,2.062282296421285110e+01
1.359662366157311020e+01,4.098308981296051812e+00,1.885050475190968200e+01
1.359664128115851867e+01,4.098316825110580375e+00,1.724424720273870193e+01
1.359660646719887822e+01,4.098301326778274856e+00,7.626434566071922383e+00
1.359654476471945550e+01,4.098273858357416088e+00,7.836303639276457567e+00
1.359662017888689789e+01,4.098307430888501024e+00,8.111779121689458805e+00
1.359654476536067946e+01,4.098273858642873080e+00,1.450206011687594376e+01
1.359662017891286290e+01,4.098307430900061554e+00,1.334915799444797457e+01
1.359659275552029101e+01,4.098295222674122940e+00,9.375601861601472464e+00
1.359656533219145480e+01,4.098283014484064957e+00,1.143012122850528378e+01
1.334211941928670520e+01,5.826374716083408067e+00,5.087831545106256215e+01
1.975811314205342129e+01,7.791218014966935002e+00,3.952714423421956980e+01
1.623305961664229713e+01,5.305315704483087202e+00,2.939158644678013488e+01
5.959109714740133512e+00,3.698799282430519142e+00,3.638796074378125667e+01
1.753361658709752291e+01,5.923926334543227590e+00,3.196819514419226138e+01
4.469393830424587932e+00,2.543474317567282039e+00,1.727000223189710937e+01
2.052442683097163822e+01,8.250171283206540807e+00,3.857699314715330985e+01
1.888298188067894756e+01,6.580835695217488457e+00,3.466193820327292485e+01
8.563187671412764601e+00,4.324131443576954226e+00,4.074704240348403061e+01
2.026542544311014282e+01,7.269014481927585258e+00,3.744261286531126132e+01
2.129638174126090888e+01,8.646800689236277648e+00,4.289896802231020700e+01
1.544162846161241021e+01,4.500289555978254974e+00,1.033165496233520564e+01
1.544162846161241021e+01,4.500289555978254974e+00,1.059188891531506371e+01
1.544164396827576624e+01,4.500296174806233118e+00,1.112358662558503575e+01
4.413263501220355600e+00,2.495782422687103708e+00,2.628941967128552548e+01
2.113400900283600947e+01,7.708928794116876482e+00,4.614549260990212787e+01
1.544158194168633536e+01,4.500269699533851586e+00,1.194864749894779088e+01
2.113400712397255887e+01,7.708927836387639232e+00,2.289793566952889492e+01
2.113475409647790215e+01,7.709308599185161981e+00,5.371950820092917667e+01
2.113401621134849506e+01,7.708932468574236196e+00,2.380145137374975661e+01
1.544161295495986153e+01,4.500282937156926621e+00,1.248107418252306644e+01
2.113397077449159056e+01,7.708909307659016719e+00,2.535513857556383854e+01
1.544162070828565980e+01,4.500286246567133830e+00,1.309957902812925390e+01
2.113397077451765682e+01,7.708909307672302091e+00,3.475612827041987885e+01
2.113395259976479679e+01,7.708900043305373373e+00,2.763043609401683653e+01
1.544161295496692787e+01,4.500282937159942875e+00,1.380948919913198125e+01
2.113395259976499929e+01,7.708900043305475513e+00,3.072456085628685329e+01
1.544200556027217530e+01,4.500450516466810491e+00,2.180111901369971150e+01
1.544169051810406401e+01,4.500316044038473962e+00,2.030223575419238458e+01
1.544160520231419476e+01,4.500279628037533897e+00,1.552623328010263748e+01
1.544164397626460428e+01,4.500296178216170340e+00,1.654467836191716046e+01
2.046134478521583233e+01,8.179896694936379831e+00,6.622805635184718653e+01
1.635322402471934566e+01,7.747389464865211295e+00,3.935302092206521962e+01
2.166180099766845046e+01,7.978996628337364783e+00,4.027163613531031672e+01
9.234916243914602418e+00,5.080905404071438092e+00,2.844726953226622612e+01
1.936478833730543769e+01,6.236670699459876843e+00,3.325572148026320463e+01
2.223595863476846191e+01,9.217979296578114656e+00,4.058544616184052245e+01
2.054295392921752139e+01,6.780772044515668284e+00,3.547398083007520597e+01
2.247648692376422375e+01,8.399862005786200569e+00,6.750573486727128625e+01
2.304933023836942496e+01,8.698640137290595931e+00,4.310163960006461537e+01
1.088971127776808778e+01,6.076320550653552921e+00,3.259674596562643956e+01
2.396563551745043341e+01,8.415325207752125891e+00,3.053115856436042819e+01
2.396573828720777044e+01,8.415375435517367109e+00,3.077160741792541643e+01
2.405809714828933465e+01,8.460541916308674359e+00,6.486986591958724091e+01
2.281642141133886881e+01,9.511225138262195955e+00,4.625590798687471761e+01
2.396580893367925214e+01,8.415409963363424950e+00,5.400472399256252487e+01
2.459057536888164108e+01,8.721984785205785684e+00,6.896091352639821537e+01
2.396573470593272148e+01,8.415373685201297249e+00,5.088219985203078011e+01
1.032760764022968658e+01,5.497964143547591220e+00,4.877854507600882528e+01
2.396574923858906558e+01,8.415380787907285054e+00,4.801280151297579835e+01
2.396568690229829457e+01,8.415350321611350992e+00,3.449160680048650107e+01
2.396573836060064977e+01,8.415375471387481099e+00,4.539262060071371963e+01
2.396567662532852339e+01,8.415345298838074584e+00,3.577935702965411480e+01
2.396567662535288079e+01,8.415345298849979727e+00,3.726641041214275418e+01
2.396567662549865929e+01,8.415345298921227624e+00,3.896191569377167951e+01
2.407531379624973411e+01,8.468967362296966783e+00,4.220234053172027444e+01
2.440249272495625021e+01,9.413502884663662584e+00,4.587874901785907156e+01
1.150613448694434027e+01,6.560272594067802387e+00,1.929964880966012686e+01
1.150611752396834930e+01,6.560259195693700640e+00,1.751766019562582244e+01
1.150611752396834930e+01,6.560259195693700640e+00,1.474347765861418758e+01
1.150609632026746176e+01,6.560242447745348038e+00,1.211663927164895327e+01
1.150608783879304475e+01,6.560235748572003089e+00,1.281924432398181501e+01
2.519193088462711927e+01,9.019361051832021303e+00,4.435158803152398121e+01
1.150609632026746176e+01,6.560242447745348038e+00,2.384881203526698101e+01
1.642712051477022328e+01,7.795999962432650143e+00,6.379756249751219599e+01
2.624451874684777408e+01,9.545172404163329460e+00,4.638669171383340029e+01
2.565284352145607372e+01,1.008507727620302319e+01,7.811839050956763231e+01
1.150609632026746176e+01,6.560242447745348038e+00,3.003171971303076404e+01
2.401610497628788821e+01,1.024932093358635399e+01,4.905196090201049230e+01
2.401591465677643811e+01,1.024920936815043326e+01,5.608327683665511643e+01
2.428437112753984195e+01,1.036313269014754646e+01,4.952004737219040464e+01
1.827908693674887175e+01,9.035683208499110108e+00,2.285909544328727350e+01
1.827907371625945743e+01,9.035674215374211116e+00,2.364288663683484870e+01
2.391139823686378207e+01,1.014512947133533594e+01,7.848740201931529725e+01
1.105151210631234626e+01,6.202685134756464436e+00,5.346638114104274564e+01
1.150611752396961052e+01,6.560259195694697176e+00,4.335222416756270292e+01
1.827913320849190981e+01,9.035714684472495151e+00,2.784881336690548181e+01
1.827919270080172609e+01,9.035755153663941996e+00,3.156635670980255171e+01
1.150610480191946294e+01,6.560249147059710850e+00,4.910904441899621276e+01
1.827913320849190981e+01,9.035714684472495151e+00,3.666604059634494206e+01
1.827906049577385872e+01,9.035665222253907558e+00,3.982965298092713624e+01
1.827907371625945743e+01,9.035674215374211116e+00,4.346147886691189655e+01
1.827907371625963151e+01,9.035674215374326579e+00,5.232181351196958019e+01
2.223533912114431743e+01,1.033688782557952379e+01,3.215678630575382613e+01
2.223543515771332935e+01,1.033694901928093479e+01,3.398237982332324947e+01
2.223532311506567183e+01,1.033687762664755105e+01,3.510977132952609736e+01
2.223539514245600657e+01,1.033692352188251995e+01,3.823868099307991031e+01
2.216539683703196673e+01,1.029234290374534666e+01,4.925037120551668579e+01
2.223536313027096156e+01,1.033690312398726974e+01,4.547473007549277924e+01
2.223539514245600657e+01,1.033692352188251995e+01,4.868713291215322414e+01
2.223530710899165186e+01,1.033686742772079370e+01,5.235969557815677433e+01
1.150609947227440344e+01,6.560244937419162703e+00,6.291115965694020673e+01
1.812564515847807911e+01,8.931440813437697912e+00,7.096915870843699281e+01
2.585898457177986742e+01,1.134224354866258722e+01,5.888906625690739105e+01
2.572547720203166222e+01,1.121513752751558179e+01,8.500452483751779198e+01
1.827910678846697579e+01,9.035696712464396541e+00,7.034323830123808818e+01
2.904680302453225949e+01,1.195866742063525656e+01,8.947800131705804461e+01
1.335737580280906300e+01,7.884593420916439221e+00,2.509779539285705852e+01
1.335749036079284302e+01,7.884655476146417818e+00,2.312857050433330386e+01
1.335749036079284302e+01,7.884655476146417818e+00,2.740876734186296204e+01
2.223533915939097483e+01,1.033688784994996013e+01,7.905423824527473187e+01
1.335743645051202400e+01,7.884626273659176121e+00,3.010340450030092896e+01
2.642047240244572848e+01,1.163140312332920168e+01,4.526366047969118256e+01
1.335743645051202400e+01,7.884626273659176121e+00,1.890599711189060983e+01
2.642045344961280406e+01,1.163139172478431149e+01,4.923694730053353652e+01
2.642051978455200256e+01,1.163143161971692585e+01,5.357489842123509760e+01
2.642051978455201322e+01,1.163143161971693296e+01,5.947171724521436431e+01
2.642045344961448805e+01,1.163139172478532579e+01,6.715264463703812226e+01
2.642047240246884598e+01,1.163140312334310345e+01,7.174027401428018891e+01
1.335735558722877414e+01,7.884582470015232047e+00,1.796503410556345415e+01
1.150654052393101345e+01,6.560593311059252919e+00,7.102183803268567885e+01
2.223536438665034254e+01,1.033690392454147933e+01,8.632680572316377265e+01
1.335736234905870212e+01,7.884586135474306978e+00,7.196019624844414864e+01
1.335736906426448378e+01,7.884589770615312965e+00,1.722114954018724831e+01
1.335736906426448378e+01,7.884589770615312965e+00,3.684376256523742654e+01
3.311374336754863634e+01,1.313109324795207122e+01,9.644824978321116760e+01
1.335742971180992456e+01,7.884622623353369164e+00,5.731487543796021811e+01
1.335742297312001270e+01,7.884618973044626777e+00,5.117548623230509719e+01
1.335744318923476470e+01,7.884629923967544585e+00,1.665856703180994103e+01
1.335753456207035228e+01,7.884697346189808442e+00,8.998342404344151646e+01
1.827912142360205294e+01,9.035706667895579969e+00,8.600534854874011614e+01
2.642056437236020727e+01,1.163145843558174697e+01,1.033093290261877968e+02
1.154534422288428708e+01,6.591250764164666265e+00,7.994635960132649188e+01
3.066097330196964066e+01,1.287443685316618058e+01,5.908075938435789709e+01
3.066110498320578515e+01,1.287451218441893630e+01,9.408409332206426257e+01
3.066095136841940416e+01,1.287442430558857787e+01,8.879423778458260585e+01
3.066093561276579393e+01,1.287441529221653980e+01,1.062311589000523782e+02
3.066092942542001509e+01,1.287441175260817694e+01,8.400960000965376651e+01
3.066105008703385337e+01,1.287448077980021743e+01,7.971110413726670174e+01
3.066100620982495784e+01,1.287445567884550357e+01,7.587650955493005256e+01
3.066100620981548275e+01,1.287445567884008568e+01,6.951656778255878066e+01
3.076033207385929913e+01,1.293130589470081659e+01,9.526735192367770821e+01
1.336938087709032352e+01,7.892381498034175991e+00,1.002709660666669578e+02
2.642140911922908231e+01,1.163196648334305117e+01,1.114834563542703734e+02
3.474001634902169400e+01,1.401653968918047077e+01,1.237816361257624891e+02
2.223670492586802183e+01,1.033775811265043387e+01,1.030108756654987303e+02
3.474001751900183166e+01,1.401654033092382079e+01,1.122642286420581001e+02
2.756677247050417989e+01,1.232540314871169862e+01,9.166891144981481432e+01
3.473984034464480430e+01,1.401644314946538294e+01,1.071560633214633498e+02
3.473981499197878264e+01,1.401642924335130402e+01,1.024833243124997466e+02
3.473986450179283025e+01,1.401645639983244784e+01,7.718114798352708306e+01
1.828222526307958873e+01,9.037818084790012918e+00,9.500246421941857022e+01
3.474001336493098080e+01,1.401653805238316153e+01,7.969989766312801294e+01
3.473983969130499361e+01,1.401644279110390379e+01,8.122672501946726697e+01
3.473981488083104807e+01,1.401642918238600188e+01,8.311083911532378465e+01
3.474006298702113327e+01,1.401656527049699363e+01,9.100368564729598120e+01
2.775782686742452299e+01,1.249391189000007607e+01,7.939198045770426404e+01
3.067259713921652775e+01,1.288108692186137638e+01,1.284472020742732354e+02
3.482232285341007127e+01,1.406170211624730904e+01,1.441823203007317318e+02
2.643896926094700106e+01,1.164252864703731127e+01,1.202816251862351891e+02
2.227861045306359244e+01,1.036446823137590556e+01,1.124217763182900143e+02
3.522343754340541722e+01,1.428227324362309325e+01,1.517222232011222616e+02
1.470650649392032605e+01,8.505958662225221900e+00,6.829841693362865840e+01
2.083914019888604940e+01,1.081354691774134302e+01,3.334441411844525049e+01
2.083916095525005119e+01,1.081356161850550279e+01,3.438427267629946016e+01
2.083907101104953696e+01,1.081349791525735249e+01,3.652971422339543039e+01
2.083915403646138387e+01,1.081355671824981357e+01,3.805719345743391813e+01
2.083920938678946300e+01,1.081359592032257488e+01,4.474967051538595797e+01
2.083920938678946300e+01,1.081359592032257488e+01,5.130488175125184824e+01
2.671342257502515238e+01,1.180789051847111715e+01,1.296772877774776589e+02
1.841117516572552404e+01,9.125634855350236663e+00,1.047707521817892058e+02
1.798837496128456337e+01,9.779225490807107235e+00,7.623558035049674686e+01
2.083916095525048107e+01,1.081356161850580833e+01,7.100000838982077767e+01
3.156355771264468402e+01,1.339312929002737462e+01,1.457532370079940165e+02
2.083914019941375884e+01,1.081354691811509561e+01,8.493074743316901731e+01
2.940591267833322675e+01,1.345761196442799701e+01,9.837241019162500777e+01
2.533479803810809727e+01,1.235314592947601398e+01,4.759083561255618378e+01
2.533470590036117542e+01,1.235308479938167814e+01,4.871729409667062072e+01
2.533478966194526905e+01,1.235314037218919836e+01,5.203178172152028225e+01
2.533471427651596741e+01,1.235309035665746791e+01,5.690526442546772046e+01
2.291453501283244876e+01,1.077169557676029576e+01,1.225143023110196339e+02
3.722202463164106234e+01,1.539286170303907930e+01,1.096378707876942116e+02
2.533478966194528326e+01,1.235314037218920902e+01,7.231795181581227894e+01
2.533470590036590053e+01,1.235308479938481163e+01,8.347308692198018321e+01
2.533469752634109540e+01,1.235307924352276032e+01,9.737097439112571351e+01
2.970460480768662492e+01,1.370033371817825341e+01,9.352450750793832412e+01
2.970477207619841309e+01,1.370043845814900685e+01,1.063505218118576181e+02
2.800924581760044774e+01,1.259571504355522897e+01,1.396268039943700785e+02
2.571666145184740060e+01,1.260708868644360692e+01,9.334507855376820373e+01
3.009043910005906142e+01,1.388474818751734219e+01,9.797953452093852889e+01
3.009063746449971788e+01,1.388487240632732167e+01,8.708568963467489255e+01
3.009063746449901089e+01,1.388487240632687936e+01,7.850486321859001748e+01
3.009053828219264304e+01,1.388481029683617507e+01,6.280823229021660126e+01
3.009044901819826734e+01,1.388475439839992376e+01,6.335980998328928848e+01
3.009045893641606284e+01,1.388476060933235701e+01,6.559692340524583187e+01
3.009043909998143462e+01,1.388474818746873041e+01,6.730485016448211866e+01
3.009056804978261468e+01,1.388482893775366556e+01,1.114420055727818522e+02
3.009044920551957603e+01,1.388475451570325170e+01,1.192012041088626830e+02
3.316780472182446715e+01,1.432643971833283913e+01,1.550365645264979548e+02
3.009054115105216809e+01,1.388481209335938260e+01,1.276734118111125156e+02
1.612836888880514508e+01,9.172396776663520157e+00,1.231563367745638686e+02
3.490908583755112460e+01,1.535549684943136306e+01,1.272899187393000631e+02
2.533480399131433103e+01,1.235314987921745278e+01,1.239437541358776969e+02
3.490929237348914427e+01,1.535561987483724522e+01,1.093468986824330358e+02
3.490929237321968515e+01,1.535561987467673895e+01,1.002302660176392664e+02
3.009059366838664573e+01,1.388484498051766103e+01,1.368628066278600102e+02
3.490908401740248479e+01,1.535549576524079285e+01,1.422878861509390447e+02
3.490907424020535643e+01,1.535548994135137768e+01,8.372781919868053535e+01
3.490908572087997186e+01,1.535549677993497220e+01,8.620226523719713896e+01
3.490920052768658621e+01,1.535556516584552078e+01,9.040882905910058298e+01
2.457686892198082873e+01,1.185263456483685296e+01,1.332305167368887169e+02
3.490927398887843225e+01,1.535560892383221798e+01,1.507180876330195076e+02
3.954437843992334223e+01,1.670689149689698638e+01,1.655364990547793980e+02
3.954432435132449086e+01,1.670686060556098695e+01,1.339020401531853395e+02
3.954410358008715320e+01,1.670673451778618457e+01,1.291124529478929333e+02
3.954419444991897592e+01,1.670678641571072376e+01,1.073319797867470697e+02
3.954432429000589622e+01,1.670686057054042806e+01,1.248272807452735265e+02
3.954423340073946491e+01,1.670680866146311416e+01,1.090365660848326002e+02
3.954410356590105380e+01,1.670673450968416773e+01,1.210293785465433700e+02
3.954432428638192221e+01,1.670686056847069167e+01,1.177145183547288099e+02
3.120899479359000850e+01,1.458921947787629492e+01,1.049874618204970602e+02
3.491016625081272196e+01,1.535614041199893620e+01,1.597567835091312531e+02
2.533547203349467125e+01,1.235359310336584393e+01,1.343875590831015927e+02
2.084028039683561673e+01,1.081435447339866940e+01,1.225659284667974589e+02
3.501767330554682900e+01,1.542020944431299156e+01,1.646442168307565055e+02
2.823555731711703842e+01,1.329854976521538568e+01,1.461332005661056144e+02
2.421120894091898990e+01,1.197824889478924781e+01,1.343904976692993500e+02
3.169021605020483179e+01,1.495641215428283211e+01,1.094456543426047830e+02
3.962044287837608181e+01,1.675034682600101732e+01,1.904423037818505975e+02
2.123616101831151681e+01,1.109555361686420483e+01,1.264376255391863566e+02
2.757940216901954500e+01,1.386241246648839542e+01,1.007481025426891534e+02
3.500540260429619366e+01,1.541289359324895614e+01,1.795608413988078667e+02
3.995273253187423990e+01,1.694048774152668457e+01,1.995779978995624617e+02
2.647000129601477170e+01,1.311149206226404118e+01,1.444909612331449296e+02
3.183060526792737477e+01,1.498414044598471051e+01,1.608844092732366278e+02
3.293835715093292293e+01,1.569386514513748843e+01,1.113700584922147243e+02
3.050548345485960766e+01,1.416694508587944590e+01,1.741478090829073722e+02
2.566058865605458550e+01,1.256972605947283839e+01,1.575542004020148568e+02
2.650127376511493793e+01,1.287638739174403035e+01,1.612838217783389325e+02
2.271837145707687355e+01,1.159550481117891785e+01,1.483228883573130190e+02
2.489489717801379598e+01,1.372765412733708068e+01,7.219681760418414740e+01
2.489480341786266848e+01,1.372759004836080088e+01,6.856777005299349526e+01
2.489484248445700487e+01,1.372761674792469044e+01,6.546082599799973423e+01
4.300823425185651416e+01,1.871172112481776750e+01,1.926326313582554519e+02
2.304517000133723315e+01,1.239950352207102569e+01,1.381696577083674811e+02
2.489492843164492442e+01,1.372767548701332174e+01,5.760979273976199266e+01
3.370425956638496956e+01,1.625575345868448807e+01,1.272284130888236575e+02
3.121474923311019012e+01,1.459286424322475817e+01,1.804536863188753841e+02
2.520217988671258169e+01,1.403997654484387247e+01,8.605725273162342148e+01
2.520220089727151347e+01,1.403998709466297257e+01,8.394882671913586591e+01
2.489491280481389524e+01,1.372766480717410964e+01,5.667277928758779382e+01
2.540461225686239288e+01,1.413968783383460703e+01,8.726563219991429321e+01
2.540467426443328947e+01,1.413974245497196591e+01,8.514002728801736453e+01
2.540467426443328947e+01,1.413974245497196591e+01,8.618980231616085064e+01
2.540473246805002105e+01,1.413974594286065134e+01,8.618977677213227651e+01
2.489492843164698499e+01,1.372767548701474460e+01,1.072863240373682174e+02
2.560110254595907264e+01,1.424011936089524788e+01,8.848984626602498338e+01
2.561506738182099951e+01,1.423962992235036751e+01,8.848617207113662175e+01
2.561508714776523021e+01,1.423964061536885772e+01,8.634292212377759768e+01
2.561508714776523021e+01,1.423964061536885772e+01,8.740133453288660803e+01
2.580561635871042370e+01,1.434067714213503386e+01,8.863158601433505623e+01
2.580572266575214258e+01,1.434075355375520111e+01,8.863236037997670280e+01
2.580560942248690637e+01,1.434069465597845294e+01,8.972586402890921420e+01
2.580558325011610066e+01,1.434066116446118144e+01,8.756404295579255859e+01
2.842755572556703569e+01,1.444285485721383466e+01,1.561816755475869059e+02
3.884469854844542880e+01,1.773997670951503380e+01,1.844585466938552258e+02
2.600410932203090653e+01,1.444193079207516206e+01,8.987456574714661883e+01
2.600412004043469949e+01,1.444193615389525931e+01,9.097724332681146109e+01
3.383386844981503572e+01,1.627307957009854533e+01,1.719870484789356340e+02
2.489488155217918930e+01,1.372764344814592441e+01,1.251380308511299120e+02
3.017915234999331275e+01,1.565797495303398534e+01,1.192372078534125563e+02
3.017908308466299516e+01,1.565792650586442036e+01,1.269943683190439288e+02
3.017914369182131651e+01,1.565796889713230833e+01,1.122593049063913355e+02
3.017907442647005567e+01,1.565792044995150079e+01,1.060225915014715810e+02
3.017903113563461304e+01,1.565789017048369125e+01,1.004880415687444639e+02
2.489488204952807138e+01,1.372764379069688445e+01,1.465463612510685323e+02
3.017907442647003435e+01,1.565792044995148835e+01,8.771146301106612952e+01
3.017914369182113177e+01,1.565796889713217865e+01,8.461031525737358550e+01
3.300629743768970314e+01,1.573763869750543165e+01,1.928084543076359409e+02
4.420079485298619204e+01,1.941393343431344931e+01,2.286856966090099093e+02
3.017916966633237408e+01,1.565798706483516156e+01,7.837511962644411767e+01
3.017911771731239412e+01,1.565795072943477351e+01,7.658137029221038006e+01
2.490047599765836139e+01,1.373149567717156749e+01,1.853083919094164571e+02
2.758572720434516512e+01,1.519501850271127630e+01,1.627127233849083723e+02
3.582550672941699332e+01,1.757832439859024021e+01,1.579536224295840157e+02
3.582557838434441067e+01,1.757837177331805378e+01,1.419898124142791858e+02
3.582560913447085227e+01,1.757839210380430117e+01,1.671237301144814751e+02
4.075454101219489189e+01,1.892506526472946149e+01,1.944185888120933328e+02
3.582544530325618837e+01,1.757828378664522262e+01,1.290310639115446349e+02
3.582556814728157946e+01,1.757836500507179878e+01,1.236095873214530911e+02
3.582544530325490229e+01,1.757828378664437352e+01,1.188504539312599348e+02
3.582549648826344679e+01,1.757831762764360306e+01,1.147286807014675389e+02
3.582557838428445507e+01,1.757837177327841260e+01,1.112159187617859430e+02
3.582558862128770727e+01,1.757837854148588264e+01,1.082867228401854334e+02
3.582550672526557634e+01,1.757832439584552375e+01,1.059196523399904919e+02
3.582558862128770727e+01,1.757837854148588264e+01,1.028083908975055749e+02
3.582554767327552270e+01,1.757835146866016629e+01,1.020378238199747756e+02
2.500005512253524387e+01,1.379966737587086811e+01,1.998213719777732820e+02
4.154766108713186412e+01,1.942237651152855804e+01,1.830465156207842767e+02
4.154764918253787442e+01,1.942236902455685765e+01,1.752060727951271133e+02
4.154755437892538339e+01,1.942230940121482519e+01,1.680835073488355533e+02
4.154749513083305601e+01,1.942227213926735629e+01,1.616655266875539212e+02
4.154749513038448328e+01,1.942227213898524241e+01,1.508741069276543101e+02
4.154755437667987650e+01,1.942230939980258952e+01,1.464633814032084729e+02
4.154764917078858844e+01,1.942236901716756492e+01,1.426842879007907356e+02
4.154768001385763654e+01,1.942238841482209466e+01,2.109474086432820457e+02
4.154768471858127299e+01,1.942239137369158186e+01,1.349683180508141334e+02
4.083129864279766252e+01,1.897306364727560890e+01,2.244870052295957805e+02
4.705169781444060817e+01,2.111653161009286350e+01,2.108163048590079143e+02
4.705158959011959752e+01,2.111646634992632698e+01,2.038712483756939378e+02
4.705152232713093952e+01,2.111642578980786666e+01,1.975633490098112475e+02
4.705168306026121172e+01,2.111652271319709584e+01,1.918913385667312923e+02
4.705184923112830830e+01,2.111662291569489369e+01,2.354380087901875811e+02
4.705158922891422435e+01,2.111646613211656032e+01,1.824201776841123603e+02
4.705160262545362571e+01,2.111647421033877947e+01,1.727874056812698313e+02
3.017945398737666807e+01,1.565818593205490927e+01,1.913440404115517310e+02
2.589928162187793603e+01,1.437127730362250411e+01,2.149659414314250512e+02
4.705224751910405701e+01,2.111686308730617156e+01,2.448683251871125321e+02
3.134195125033598472e+01,1.663909214261824587e+01,1.751142400599329960e+02
4.262547770906242306e+01,2.010296096409495448e+01,2.042248817626310142e+02
3.012499100490494541e+01,1.648499777479766237e+01,8.484737527662201728e+01
4.154860660555083030e+01,1.942297116390617617e+01,2.331320709368046096e+02
3.035092883191098068e+01,1.659406292978632891e+01,8.613940379606599151e+01
3.035096305551723717e+01,1.659408034894019224e+01,8.612992977931499183e+01
3.035096305551723717e+01,1.659408034894019224e+01,8.612992977931499183e+01
3.058509786361466709e+01,1.670323381697674492e+01,8.744634911426133783e+01
3.058504746505571603e+01,1.670321071061546903e+01,8.743636212644403827e+01
3.057062913773261315e+01,1.670383905385405043e+01,8.743903487777693329e+01
3.087235499997053623e+01,1.614403169075447053e+01,1.969163233642643149e+02
3.079856728946408850e+01,1.681368652256107055e+01,8.877286849245309952e+01
3.777120932422369748e+01,1.895269611440935620e+01,1.868701358370116736e+02
3.079851818262171292e+01,1.681366326928892718e+01,8.876275946733630917e+01
3.102016550568989217e+01,1.692420515288727856e+01,9.011415341524856615e+01
3.102011772812284462e+01,1.692418175261658675e+01,9.010392155198481134e+01
4.706484506663508682e+01,2.112445986192957292e+01,2.654101740501073436e+02
3.353398858010617545e+01,1.798098140098829134e+01,1.323562158800954194e+02
3.353402694476829993e+01,1.798100623835295409e+01,1.541171569243435044e+02
4.155520033489549547e+01,1.942711818828822246e+01,2.452244891157046709e+02
3.700326229384954502e+01,1.836092561079091823e+01,2.185829332674185821e+02
3.018387581610428683e+01,1.566127882112061087e+01,2.050360246991284612e+02
4.278211983440750998e+01,2.020232356402106788e+01,2.362741523683013440e+02
3.353402694475821733e+01,1.798100623834634959e+01,1.105019017897562748e+02
2.841373663126600135e+01,1.555891391240614752e+01,2.305917895729551503e+02
3.353398858010615413e+01,1.798098140098827713e+01,1.061050479330072989e+02
4.711692117478144581e+01,2.115587037826332306e+01,2.764361775482097414e+02
3.513756739348285407e+01,1.797578158545947602e+01,2.148480286301521005e+02
4.929627503418252132e+01,2.248002315794785133e+01,2.237492951253268529e+02
3.353405571834702670e+01,1.798102486636676645e+01,1.039439965157229011e+02
4.940248770836238634e+01,2.254503291348509109e+01,2.584273194844585078e+02
4.442648035134556750e+01,2.125219158513565887e+01,2.137055802270481024e+02
4.734701202054245073e+01,2.129478316734465793e+01,2.878886498362230668e+02
3.969164625739159646e+01,2.017462859323381608e+01,2.020461467510658622e+02
3.561614411147144210e+01,1.915611151887808106e+01,1.505394545476796964e+02
3.561607955399554726e+01,1.915608042356257457e+01,1.574229109057135645e+02
3.561596335199444496e+01,1.915602445199176529e+01,1.651099577816434021e+02
3.561614411147129999e+01,1.915611151887800645e+01,1.390581578680397570e+02
3.978636798646242312e+01,2.023909976000852140e+01,2.053513327480006296e+02
3.024656540498871493e+01,1.570513946118286697e+01,2.194659560354338907e+02
3.969163613010019276e+01,2.017462170161961055e+01,2.124650431495272471e+02
3.969163604841364901e+01,2.017462164603145069e+01,1.687364387855963059e+02
3.561602790842832889e+01,1.915605554730797166e+01,1.271089670331808605e+02
3.980185843534903256e+01,2.033148463728152677e+01,1.919918269803134194e+02
4.471599296739020701e+01,2.143830612860550744e+01,2.480082734125977026e+02
3.969163604840560566e+01,2.017462164602597952e+01,1.568280405871968810e+02
3.902680879347762044e+01,1.972298004750965461e+01,2.316929589566035759e+02
3.561604082011729844e+01,1.915606176656348936e+01,1.830066239365122271e+02
3.980184829551296133e+01,2.033147771851762542e+01,1.757870471884257029e+02
3.561595044077018457e+01,1.915601823292445616e+01,1.223619530478986235e+02
3.969170807372678667e+01,2.017467065921703906e+01,2.237396555794238964e+02
3.561606666961586853e+01,1.915607422013222205e+01,2.044036563876470325e+02
3.969163604840518644e+01,2.017462164602569175e+01,1.478249939712100343e+02
3.561595044367552987e+01,1.915601823460376707e+01,1.932596362081556833e+02
3.969167684018270847e+01,2.017464940480339664e+01,1.443542701440617577e+02
4.807374992489031484e+01,2.173492149036854570e+01,2.996911232491401051e+02
3.969163604840515092e+01,2.017462164602566688e+01,1.393736901779070649e+02
5.105511284382668435e+01,2.356215487066633330e+01,2.679354823342599730e+02
4.601970102583435818e+01,2.228101585446701449e+01,2.344849725113807040e+02
4.601971261525753221e+01,2.228102337895189322e+01,2.173153315159195813e+02
3.969170743401408430e+01,2.017467022388875719e+01,1.378351445575670482e+02
3.628167155902463747e+01,1.788051141265953703e+01,2.533078470666614521e+02
3.969170743401408430e+01,2.017467022388875719e+01,1.369156719552682659e+02
4.601965891834353073e+01,2.228098851599505181e+01,2.548022259244722534e+02
4.601965376195958157e+01,2.228098516819076380e+01,1.973648122595166114e+02
3.233673538752488952e+01,1.717142842369362299e+01,2.501323535928152353e+02
4.601965376178903711e+01,2.228098516808003993e+01,1.877857721761628511e+02
3.561634061933733619e+01,1.915623256186341905e+01,2.576967854303856029e+02
4.601976526244012433e+01,2.228105756037847485e+01,2.661252023998276286e+02
5.210898944039919911e+01,2.421619445132865422e+01,2.422980207676556859e+02
5.210902944634884193e+01,2.421621935832973094e+01,2.481290098987199713e+02
5.210905595038736493e+01,2.421623585928155720e+01,2.371723056245101873e+02
5.210898976601013288e+01,2.421619465404827665e+01,2.546658898148262438e+02
4.601965376176551814e+01,2.228098516806477392e+01,1.787090748512298717e+02
5.210904262572957890e+01,2.421622756358183892e+01,2.290117643246835257e+02
4.941298834087438507e+01,2.255146242957739844e+01,3.117527926240421152e+02
5.210900269956806596e+01,2.421620270625347260e+01,2.259660944406623742e+02
4.601973614386092493e+01,2.228103865500476033e+01,1.760529259385264709e+02
4.660557517553581874e+01,2.266213623270265742e+01,2.595270678784999063e+02
5.210908254567429054e+01,2.421625241704568765e+01,2.219209993527921085e+02
5.210908254541302398e+01,2.421625241688303021e+01,2.209122862358396446e+02
4.165666437275400824e+01,2.151197962794692486e+01,2.158382214547098101e+02
4.601990643919177160e+01,2.228114922009679333e+01,2.781946003514299832e+02
4.103401285036009938e+01,2.108931411175991855e+01,2.447072538070592316e+02
5.210905221911057339e+01,2.421623353625359343e+01,2.878410944770417927e+02
4.162108599236137252e+01,2.148791731018526008e+01,1.844941563200863470e+02
4.162116818491684711e+01,2.148797291467813508e+01,1.785448089164575549e+02
5.262614614195613427e+01,2.453866560265944585e+01,2.770010496517719503e+02
3.969208019904742457e+01,2.017492389291353305e+01,2.625460034778188856e+02
4.184148478250769188e+01,2.171606202768072080e+01,2.172550409736113863e+02
4.162102434800263495e+01,2.148787560680644759e+01,1.689123347430513888e+02
3.865279242175042640e+01,2.041761890203017771e+01,2.383254055914999014e+02
4.162107571829321984e+01,2.148791035961933815e+01,1.651905237867096901e+02
5.210986290608811800e+01,2.421673825707429728e+01,3.084787472983605880e+02
4.184153664679717366e+01,2.171609665491854457e+01,2.378490933056221763e+02
4.602070737799535749e+01,2.228166923529208177e+01,2.909744607201450890e+02
3.584887669136223565e+01,1.824714419146831901e+01,2.624988858908040470e+02
4.459048364406868359e+01,2.135757567026256254e+01,2.987851564716050916e+02
3.564203222761216949e+01,1.917105661840493269e+01,2.889822236184722897e+02
5.409153224275295457e+01,2.545776507582820258e+01,2.854859664248731974e+02
4.162115368162391604e+01,2.148796310518325825e+01,2.618227100673300924e+02
5.460901757400428380e+01,2.578420503548990794e+01,2.734551347228235159e+02
5.460891265129062333e+01,2.578413875036886438e+01,2.796282174967755623e+02
5.460895183581236978e+01,2.578416350525930767e+01,2.680183121631122276e+02
4.162114763676611773e+01,2.148795901355379812e+01,1.571947539745483766e+02
5.460883359227049283e+01,2.578408880471080522e+01,2.633163751085165245e+02
3.969486274503721290e+01,2.017681744672244548e+01,2.770233057331799955e+02
5.460889925777725296e+01,2.578413028899452542e+01,2.593498223611695153e+02
5.460895383734164454e+01,2.578416476972908811e+01,2.941903602516901515e+02
4.602587378193205581e+01,2.228502362647864743e+01,3.044176215515724948e+02
4.823114888944516565e+01,2.372705828630921232e+01,2.237205769601567908e+02
5.460883984642216404e+01,2.578409275577997306e+01,3.025683542061997855e+02
5.460882043764757299e+01,2.578408049425963711e+01,2.535950958387048217e+02
3.483839552974865938e+01,1.877205161857330751e+01,2.981423736300704945e+02
5.212269799335550857e+01,2.422472950553602900e+01,3.315126996403972726e+02
4.823098613360529896e+01,2.372695114462645805e+01,2.135136422959398885e+02
3.944962902088349921e+01,2.001002983871221019e+01,2.835378750882073859e+02
4.823104426051746429e+01,2.372698940938771983e+01,2.095455072386561426e+02
3.583565107378560555e+01,1.928097104433605224e+01,3.054839749030152802e+02
5.279276832811444820e+01,2.464277393153713192e+01,3.362368424615686422e+02
4.362885344405443533e+01,2.279808362614565098e+01,2.321080559623719068e+02
4.362875208892819501e+01,2.279802147591420436e+01,2.233381039721370769e+02
4.362883092644964478e+01,2.279806981862569870e+01,2.417354456959319293e+02
4.823097450814546505e+01,2.372694349162474836e+01,2.038148268171024426e+02
4.362875208863155763e+01,2.279802147572906534e+01,1.965630550010327795e+02
4.647513679919723728e+01,2.257715682428773363e+01,3.129672200091626451e+02
4.362883091947629310e+01,2.279806981427338997e+01,1.879072827816480071e+02
5.460907212639736485e+01,2.578423949908275858e+01,3.319480938759181186e+02
4.823131435194096639e+01,2.372716720998739248e+01,3.087771947852378958e+02
4.823112563818435916e+01,2.372704298006775758e+01,2.009720715458878715e+02
3.971758871770490629e+01,2.019228359202575973e+01,2.921643999985440132e+02
4.162147952590391498e+01,2.148818366134053193e+01,2.895301987211094001e+02
4.362880839632337882e+01,2.279805600326226411e+01,1.804581376978875937e+02
4.362886470428562546e+01,2.279809053078673031e+01,1.794046495860170296e+02
5.460987445803021956e+01,2.578474637506193190e+01,3.430778825500382823e+02
5.706795441340712927e+01,2.734828100513791327e+01,3.132234810438222894e+02
5.233573981140255427e+01,2.435746119744671745e+01,3.565214808978470273e+02
3.732336257784195510e+01,1.993317716208785484e+01,3.150357704206804783e+02
5.706801961270014800e+01,2.734832275147158498e+01,3.204555979214571266e+02
5.041147166556295645e+01,2.516950254408672194e+01,2.586505831229256387e+02
5.706803115210738753e+01,2.734833014001840112e+01,2.919463670291074209e+02
5.041146020628430335e+01,2.516949493865954324e+01,2.462927517473409011e+02
4.362880972332614249e+01,2.279805683149100304e+01,2.757948501610576955e+02
4.603471769302451833e+01,2.409405132647257375e+01,2.272624298239475138e+02
5.461256049193862339e+01,2.578644330375294302e+01,3.548134637880810374e+02
5.706796675853051681e+01,2.734828890957277281e+01,2.885373632297067275e+02
4.603480507830691693e+01,2.409409212972260406e+01,2.215334440205111832e+02
5.041156344819916058e+01,2.516956345945764184e+01,2.833112028996567346e+02
4.603473225716040673e+01,2.409405812700236993e+01,2.166049712164920038e+02
5.013470025589550261e+01,2.498583583542163922e+01,2.811361415342671535e+02
4.102461040355683508e+01,2.127853658780141188e+01,2.982206551429420642e+02
5.706806726625172388e+01,2.734835326348507323e+01,3.371800336773190452e+02
4.904765310898368114e+01,2.399592531500487524e+01,3.290269875222840597e+02
4.603473225715782036e+01,2.409405812700091687e+01,2.124640950949773810e+02
5.706800537734521583e+01,2.734831363674140192e+01,2.840006973479052590e+02
5.286401650550050846e+01,2.468732235892801796e+01,3.695775663783476830e+02
4.839096956514073611e+01,2.383231452336028866e+01,3.271896295875650935e+02
4.687713162031963066e+01,2.445282963901248863e+01,2.539787331318653401e+02
5.706806975673787008e+01,2.734835485811323252e+01,2.828688598284444424e+02
5.041160913568103297e+01,2.516959378185416085e+01,2.310643671074093959e+02
5.041148534714863416e+01,2.516951162450203583e+01,3.038577349347563654e+02
4.603477594977586307e+01,2.409407852863201782e+01,2.064911076016388165e+02
4.529314648519068243e+01,2.373285979628192521e+01,2.695247510037237362e+02
4.603470312884991245e+01,2.409404452590838019e+01,2.046364138251430802e+02
3.988271761677805927e+01,2.030470554002149441e+01,3.078745872901031930e+02
4.823660008348138462e+01,2.373064685073455493e+01,3.360388864192440792e+02
4.362885108960953318e+01,2.279808277281176032e+01,3.026859561730596511e+02
5.041156209632655560e+01,2.516956256346286480e+01,3.275992519231927531e+02
4.603473226265797535e+01,2.409405813008278940e+01,2.584832030984761104e+02
5.466212835934524605e+01,2.581776294734529742e+01,3.798853986067699680e+02
5.257270890872500502e+01,2.659650369566791639e+01,2.710900863361661663e+02
4.687737413870287639e+01,2.445293046789307212e+01,2.725198730254271595e+02
5.257270890838485400e+01,2.659650369544604587e+01,2.667147878894557493e+02
4.362921681329948598e+01,2.279831029039214840e+01,3.172842230986408367e+02
4.603483746149513678e+01,2.409410891460361981e+01,3.166498788097816259e+02
4.603477655489141540e+01,2.409407886769263030e+01,2.908664771907227191e+02
4.603483288399965545e+01,2.409411451029901485e+01,3.307153279999138249e+02
5.257274339422483678e+01,2.659652615863263136e+01,2.603801150049860098e+02
5.257269743898440595e+01,2.659649622459403773e+01,2.968006622371555068e+02
4.687726145968397162e+01,2.445288369905348347e+01,2.944822064101101660e+02
5.041251631797288013e+01,2.517019589931333812e+01,3.542941812136271551e+02
5.257268591741358676e+01,2.659648871971004525e+01,2.584071382944733273e+02
4.597769781133266775e+01,2.406735275970830301e+01,3.298416418492420803e+02
4.363109989449446147e+01,2.279948607463238375e+01,3.325661981223053658e+02
5.947082806551760115e+01,2.889561107934200734e+01,3.266525134397666079e+02
5.947089097093255106e+01,2.889565178960024383e+01,3.361122220965954170e+02
5.947087821900910143e+01,2.889564353698498778e+01,3.231084126462444033e+02
4.603470635612095663e+01,2.409404633422507658e+01,3.033521946322322265e+02
5.707198508214791843e+01,2.735086182132359056e+01,3.913276528971226753e+02
5.947076638179669317e+01,2.889557115973645196e+01,3.487191679248741707e+02
5.947081806306119489e+01,2.889560460610243098e+01,3.561951830517477902e+02
4.603539380569390715e+01,2.409442063704625525e+01,3.454968168432645257e+02
5.482044929631067021e+01,2.799505506952341349e+01,3.142050835066342529e+02
5.947080292063536433e+01,2.889559480642661882e+01,3.183841488892040275e+02
5.041646878625499539e+01,2.517281923135934107e+01,3.686242295063780148e+02
5.482044935955693177e+01,2.799505510721660428e+01,3.290742207494199647e+02
5.947089724751668882e+01,2.889565585162138817e+01,3.644421742039038463e+02
4.174166905690618989e+01,2.156945643066307738e+01,3.362178863777970719e+02
5.257270917734464888e+01,2.659650387088464996e+01,3.146458153697435591e+02
4.063841126025617712e+01,2.081978716946807140e+01,3.240338987698809774e+02
4.219153491513067422e+01,2.187164383410403801e+01,3.404938281044700261e+02
5.482052497985137052e+01,2.799509900368885340e+01,3.377662291562108976e+02
5.523923552075365251e+01,2.618305664299090552e+01,4.066067807147345547e+02
5.482058767136862087e+01,2.799513538994626316e+01,2.944987225341366184e+02
5.940803921248681974e+01,2.885498051782119688e+01,3.828313304197111506e+02
5.947084525966803881e+01,2.889562220688968353e+01,3.734424462498601542e+02
5.482049960706196856e+01,2.799508427261580934e+01,2.916398524669061771e+02
5.482048766828197017e+01,2.799507735262645980e+01,3.472851499167113047e+02
4.681130701605533773e+01,2.444357765208408750e+01,3.736121258460818240e+02
5.257275756239829434e+01,2.659653540032038421e+01,3.475599654677685066e+02
5.745260410007247742e+01,2.935182903703195478e+01,3.413165065547837003e+02
5.257302316390451580e+01,2.659670861625553329e+01,3.733509939437995513e+02
6.180992261675397259e+01,3.041214054033093461e+01,3.729565425849212374e+02
5.745249560616446871e+01,2.935177972031113214e+01,3.358952026139484133e+02
4.371729848443915500e+01,2.285308565990279916e+01,3.648251760008072893e+02
4.225149974268074260e+01,2.191187208988174362e+01,3.527613273723497400e+02
5.234431213820288065e+01,2.511011339360737793e+01,3.808329670041243276e+02
6.085796839255070267e+01,2.979483969060051152e+01,3.930677932070420866e+02
5.711710868182326806e+01,2.737975788108233388e+01,4.171371637464747550e+02
5.745266636626794821e+01,2.935185736486795349e+01,3.625968523449982399e+02
4.287058377892186911e+01,2.215199314200932079e+01,3.565941522885133850e+02
5.745269706247854913e+01,2.935187129041836229e+01,3.275712674245149856e+02
4.848699497749858267e+01,2.385550570216225097e+01,3.651645575763470219e+02
4.605303099514203780e+01,2.410429673848539167e+01,3.768918388812676312e+02
5.014886886744945826e+01,2.574403726864319708e+01,3.898529973446678696e+02
5.617832278383820466e+01,2.677998730096800273e+01,4.203591125665168420e+02
5.745260485891751756e+01,2.935182945094607732e+01,3.713492458324949439e+02
4.359291284381273357e+01,2.277769991061568078e+01,3.695644962171544421e+02
6.251688426607402960e+01,2.981658400215412996e+01,4.294951744013850430e+02
5.278636271131238544e+01,2.667004494542775106e+01,3.588325816322114292e+02
6.180993393246107104e+01,3.041214786948004800e+01,4.018871783763815415e+02
5.257274401923942975e+01,2.659652661868998891e+01,3.600925158924206357e+02
6.180989765789508539e+01,3.041212437754155928e+01,3.567851505068400115e+02
5.745274355207945405e+01,2.935189242154299194e+01,3.213397923051651333e+02
5.257735059097948493e+01,2.659953117922684029e+01,4.018146231392753407e+02
5.745249775745246268e+01,2.935178089373729549e+01,3.809154340829508669e+02
6.404912304276304269e+01,3.030314931596613093e+01,4.428798958054175046e+02
5.875862543500227986e+01,2.843529157415787978e+01,4.230184856021030555e+02
6.180990986432131962e+01,3.041213228211311304e+01,3.547622269462511326e+02
5.723552058334766457e+01,2.745561777863455077e+01,4.306828315192569789e+02
5.051998247047932011e+01,2.524152478941351774e+01,3.988657780640996862e+02
4.997253066537623312e+01,2.487825879756410430e+01,3.967100443207399962e+02
5.947129317089473233e+01,2.889591208189867189e+01,4.047656857420413985e+02
5.947214230761414200e+01,2.889646162004913776e+01,4.165370223192019239e+02
5.755191133828456174e+01,2.765853491548095988e+01,4.342191971570059081e+02
6.180997297821284775e+01,3.041217316228090795e+01,4.209311602206461203e+02
4.870406412917572680e+01,2.521527545320842023e+01,4.032450637496604031e+02
5.742094224991623008e+01,2.822664619563254718e+01,4.204865957623132431e+02
6.411158199302352045e+01,3.188330631975519935e+01,4.173961963221295832e+02
5.259238093334703024e+01,2.660933267324366369e+01,4.168733211259664699e+02
5.745271636147901972e+01,2.935188181710052291e+01,4.024175512299131583e+02
5.158073967142455274e+01,2.594472640291849075e+01,4.125071907610031303e+02
6.039873179075286203e+01,2.949689134689383252e+01,4.360113017458426725e+02
5.482185293400573300e+01,2.799589038980163025e+01,4.206424730124080043e+02
6.411159006021819096e+01,3.188331137494343892e+01,4.319738258225262371e+02
6.411144497072544368e+01,3.188322076238241465e+01,3.949235492657973055e+02
5.758463138808589576e+01,2.767953827518688215e+01,4.445406897494937084e+02
5.948475198376752360e+01,2.890462243611515092e+01,4.417982949401125552e+02
5.579116726817691330e+01,2.769554169575309643e+01,4.355949447691305636e+02
5.912015222608439302e+01,2.866880369590246858e+01,4.480563450583179588e+02
6.181046398258504837e+01,3.041249118390604878e+01,4.427814776028901065e+02
5.084961455227099236e+01,2.546029453279237487e+01,4.145748514554049393e+02
5.482576691961879334e+01,2.799822090577541900e+01,4.351916730681705303e+02
4.649248647597985240e+01,2.434392556550481856e+01,4.100368896555956439e+02
6.411149792053545582e+01,3.188325394270008672e+01,4.495961671438709573e+02
4.755701649323684421e+01,2.479987149792161105e+01,4.155176803776627139e+02
5.951602607955165780e+01,2.892486407556579664e+01,4.551584499109882813e+02
6.181153629277196870e+01,3.041318571111773394e+01,4.546641723677153664e+02
6.649824521568010027e+01,3.329386475715313054e+01,4.454505277784876398e+02
6.649808518002237179e+01,3.329377688368141719e+01,4.409681552221459810e+02
5.836437710179013294e+01,2.818104460499650799e+01,4.586007775107417501e+02
6.649824369012658565e+01,3.329386388645809802e+01,4.372970928778021857e+02
6.649805788281473440e+01,3.329376217029138019e+01,4.636374624639455533e+02
6.649824336722018359e+01,3.329386370216234781e+01,4.344347012320897079e+02
5.745496435472539787e+01,2.935311489989243583e+01,4.539399807474867998e+02
6.181478858435098545e+01,3.041529216642852518e+01,4.671190800207784264e+02
6.649819034259468253e+01,3.329383517170914786e+01,4.712441324326653671e+02
5.484031872713130440e+01,2.800688724043625655e+01,4.502226626642024030e+02
5.775143723446139887e+01,2.948624379052411371e+01,4.588874726496305243e+02
6.649807076590462884e+01,3.329376894568793688e+01,4.311556533170746661e+02
5.317738347452678482e+01,2.698739328312364805e+01,4.465368806258288146e+02
6.411191785078317196e+01,3.188351672343773302e+01,4.700774162043286424e+02
6.649815200662162340e+01,3.329381473572368577e+01,4.795892985888494309e+02
5.958682503996064384e+01,2.897069545040557870e+01,4.727492168794256600e+02
5.746083541189206301e+01,2.935630453128243644e+01,4.682907476214550115e+02
6.055310479066947948e+01,3.061810743096482312e+01,4.733525589261648179e+02
6.919657226235042913e+01,3.462822387160652937e+01,4.908352285385572031e+02
6.919645467017917895e+01,3.462817072951683883e+01,4.812987345477077383e+02
6.411224899650247266e+01,3.188372458918198404e+01,4.812995665993667558e+02
5.499305543295673004e+01,2.809540830736485972e+01,4.624778349691720223e+02
6.649835936978757900e+01,3.329392990926724849e+01,4.886538424416306157e+02
6.392833921962584043e+01,3.176857924781962339e+01,4.879623638224521756e+02
5.489504823612682571e+01,2.803939227486432273e+01,4.656436970276477609e+02
4.992757139284950085e+01,2.588294960582023307e+01,4.438104555007518002e+02
6.919638893058805706e+01,3.462814113879910849e+01,4.728934943623009417e+02
5.720469694526474314e+01,2.923974031525491668e+01,4.781626878666330072e+02
6.185199397433976287e+01,3.043938739641642499e+01,4.934793889307126165e+02
6.649834046801305476e+01,3.329392258663698811e+01,4.984010303027079090e+02
6.551446936007320687e+01,3.273494064021888761e+01,5.001803017145844024e+02
6.261343092946569300e+01,3.093112042020329966e+01,5.007704361286381527e+02
5.298866723335858353e+01,2.700898914185263067e+01,4.604929550862447627e+02
5.355327371357378041e+01,2.722704386863461679e+01,4.641746605630247586e+02
6.288092513255822524e+01,3.146066344580184904e+01,5.079668656728048290e+02
6.301224805721575706e+01,3.035259964444954051e+01,5.071953134100486977e+02
5.971792986062280306e+01,2.928250006614582901e+01,4.924122725591119547e+02
5.508444254907405480e+01,2.815084342125895844e+01,4.813416811676746079e+02
6.590264945862591617e+01,3.249185484305310467e+01,5.216604388524735896e+02
5.633674897828305461e+01,2.815922479045491045e+01,4.767669096740243617e+02
6.412689505776361898e+01,3.189289992239129035e+01,5.183269813267495465e+02
6.649961715185018818e+01,3.329464774115827908e+01,5.198161655831798953e+02
6.583892621798905509e+01,3.292336321961266066e+01,5.274218461751651148e+02
5.917141595846428004e+01,3.009742729957087448e+01,5.118007790267199653e+02
6.919711353793339015e+01,3.462852206392933141e+01,5.371219805325397374e+02
6.415327795432894220e+01,3.190941805542933096e+01,5.315741343327933919e+02
6.650615206442732585e+01,3.329838007652993070e+01,5.434617821531869595e+02
5.563378836091085589e+01,2.846452560380019392e+01,4.971862513516512081e+02
6.945216940241795101e+01,3.474093204285576064e+01,5.513670937253516513e+02
6.502258915713112231e+01,3.221149784646291181e+01,5.414584873311566753e+02
5.775008473583966406e+01,2.951189519993435439e+01,5.135501740486342896e+02
6.651814314299026876e+01,3.330521528656574759e+01,5.559777002429320873e+02
6.422279165533882406e+01,3.195287708154713968e+01,5.451362704890692612e+02
6.781264248380723814e+01,3.398037999483210569e+01,5.663450298738077890e+02
6.214600959524005219e+01,3.062963205649565879e+01,5.212396589454743889e+02
6.977929300084791464e+01,3.488294281756748205e+01,5.787780514547818029e+02
6.654745659730760110e+01,3.332190968650150609e+01,5.688555668256219633e+02
5.829886616099335583e+01,2.979579100214944276e+01,5.290039467539422731e+02
6.350555415428450345e+01,3.150205111965784255e+01,5.496052719760152740e+02
6.412117285943816114e+01,3.197559769723957857e+01,5.590195543722152252e+02
6.922941226571671791e+01,3.464571962138602856e+01,5.924217955136157343e+02
6.702177668084534901e+01,3.295530670274075646e+01,5.732238066925552857e+02
6.661891915581935564e+01,3.336246509454743148e+01,5.820178932393107516e+02
5.946076054917070053e+01,3.035126337236533445e+01,5.444249121529754802e+02
6.927035851834257585e+01,3.466747579540372470e+01,6.047082008799216055e+02
6.375975455020582672e+01,3.205988930793296987e+01,5.745634081829545039e+02
6.678493949708375510e+01,3.345592321602655517e+01,5.953744260007072171e+02
6.644761849927134278e+01,3.300017257524533676e+01,5.889446929502132662e+02
6.713958394378975925e+01,3.365191570786413422e+01,6.088190353682610976e+02
6.780515486448945239e+01,3.400587207454885430e+01,6.222443014293479564e+02
6.887238340374980794e+01,3.453576336805882363e+01,6.355406242604434510e+02
6.955193310550905039e+01,3.481518815389979693e+01,6.299227864655756548e+02
