id,bin
1,17
2,19
3,17
4,19
5,17
6,19
7,17
8,19
9,17
10,19
11,17
12,19
13,17
14,19
15,17
16,19
17,17
18,19
19,17
20,19
21,17
22,19
23,17
24,19
25,17
26,19
27,17
28,19
29,17
30,19
31,17
32,19
33,17
34,19
35,28
36,23
37,28
38,23
39,17
40,28
41,23
42,28
43,23
44,28
45,19
46,23
47,28
48,23
49,28
50,17
51,23
52,28
53,19
54,23
55,28
56,23
57,17
58,28
59,23
60,19
61,28
62,23
63,17
64,28
65,19
66,23
67,28
68,17
69,23
70,28
71,19
72,23
73,17
74,28
75,23
76,19
77,28
78,17
79,23
80,28
81,19
82,23
83,30
84,26
85,30
86,17
87,26
88,28
89,30
90,26
91,30
92,26
93,30
94,23
95,26
96,19
97,30
98,26
99,30
100,28
101,26
102,17
103,30
104,23
105,26
106,30
107,26
108,19
109,28
110,30
111,26
112,23
113,17
114,30
115,26
116,28
117,30
118,19
119,26
120,23
121,30
122,17
123,28
124,26
125,30
126,23
127,19
128,26
129,28
130,30
131,17
132,26
133,23
134,30
135,19
136,26
137,28
138,30
139,17
140,23
141,26
142,18
143,24
144,18
145,24
146,28
147,18
148,30
149,24
150,19
151,18
152,24
153,18
154,24
155,26
156,18
157,23
158,24
159,17
160,18
161,30
162,24
163,18
164,28
165,26
166,24
167,18
168,19
169,24
170,30
171,23
172,18
173,24
174,26
175,17
176,18
177,28
178,24
179,30
180,18
181,23
182,19
183,24
184,26
185,18
186,28
187,30
188,24
189,17
190,18
191,26
192,23
193,24
194,19
195,18
196,30
197,28
198,24
199,26
200,17
201,18
202,23
203,24
204,30
205,18
206,19
207,28
208,26
209,24
210,2
211,27
212,2
213,27
214,2
215,30
216,18
217,27
218,17
219,2
220,23
221,27
222,2
223,27
224,24
225,2
226,26
227,27
228,2
229,28
230,18
231,19
232,27
233,2
234,30
235,27
236,24
237,2
238,23
239,27
240,17
241,18
242,26
243,2
244,27
245,24
246,28
247,2
248,30
249,19
250,27
251,18
252,2
253,26
254,23
255,27
256,24
257,2
258,17
259,18
260,30
261,27
262,28
263,2
264,24
265,19
266,27
267,26
268,23
269,2
270,18
271,30
272,27
273,17
274,24
275,2
276,28
277,26
278,27
279,18
280,19
281,2
282,23
283,24
284,30
285,27
286,3
287,13
288,3
289,13
290,3
291,13
292,2
293,18
294,3
295,17
296,28
297,13
298,26
299,3
300,13
301,27
302,3
303,13
304,24
305,3
306,2
307,30
308,13
309,23
310,19
311,3
312,18
313,13
314,27
315,3
316,26
317,13
318,2
319,28
320,24
321,3
322,17
323,13
324,27
325,3
326,30
327,18
328,13
329,23
330,2
331,3
332,19
333,24
334,13
335,26
336,27
337,3
338,28
339,2
340,13
341,18
342,17
343,30
344,3
345,27
346,13
347,24
348,23
349,3
350,26
351,2
352,19
353,13
354,18
355,27
356,28
357,3
358,30
359,13
360,24
361,2
362,17
363,3
364,23
365,26
366,27
367,18
368,13
369,29
370,13
371,29
372,13
373,29
374,19
375,13
376,3
377,29
378,2
379,13
380,28
381,30
382,29
383,24
384,13
385,13
386,29
387,13
388,27
389,29
390,3
391,13
392,17
393,18
394,26
395,29
396,23
397,13
398,2
399,13
400,29
401,13
402,24
403,3
404,29
405,27
406,30
407,19
408,13
409,28
410,13
411,29
412,18
413,2
414,13
415,3
416,26
417,29
418,23
419,17
420,13
421,27
422,13
423,24
424,29
425,30
426,13
427,3
428,2
429,18
430,29
431,2
432,19
433,13
434,13
435,27
436,26
437,29
438,3
439,24
440,23
441,13
442,2
443,17
444,13
445,29
446,30
447,18
448,13
449,27
450,3
451,2
452,29
453,19
454,26
455,24
456,13
457,2
458,13
459,11
460,1
461,11
462,1
463,11
464,1
465,29
466,11
467,1
468,3
469,1
470,11
471,18
472,27
473,2
474,1
475,17
476,11
477,13
478,1
479,13
480,11
481,1
482,29
483,2
484,11
485,2
486,24
487,1
488,26
489,3
490,13
491,11
492,19
493,1
494,27
495,29
496,11
497,13
498,2
499,1
500,1
501,2
502,13
503,11
504,2
505,3
506,1
507,17
508,29
509,11
510,24
511,1
512,1
513,13
514,2
515,13
516,27
517,11
518,1
519,2
520,29
521,19
522,3
523,11
524,2
525,2
526,1
527,13
528,1
529,13
530,24
531,11
532,29
533,27
534,17
535,1
536,1
537,3
538,13
539,2
540,11
541,2
542,2
543,1
544,13
545,29
546,2
547,19
548,11
549,24
550,1
551,13
552,27
553,1
554,3
555,11
556,14
557,11
558,14
559,11
560,14
561,11
562,11
563,14
564,29
565,11
566,1
567,14
568,13
569,2
570,17
571,11
572,2
573,1
574,14
575,2
576,11
577,13
578,14
579,11
580,11
581,3
582,14
583,27
584,2
585,29
586,1
587,1
588,11
589,1
590,14
591,1
592,11
593,11
594,13
595,13
596,14
597,2
598,1
599,11
600,1
601,2
602,14
603,29
604,3
605,11
606,2
607,11
608,2
609,27
610,14
611,13
612,1
613,1
614,2
615,13
616,11
617,14
618,11
619,2
620,29
621,11
622,1
623,1
624,3
625,2
626,1
627,14
628,1
629,13
630,11
631,27
632,11
633,13
634,14
635,2
636,29
637,2
638,1
639,1
640,11
641,2
642,2
643,3
644,14
645,11
646,13
647,11
648,2
649,1
650,1
651,1
652,1
653,14
654,13
655,1
656,29
657,11
658,14
659,11
660,14
661,11
662,14
663,11
664,11
665,14
666,11
667,11
668,14
669,1
670,11
671,13
672,14
673,3
674,14
675,2
676,2
677,11
678,1
679,2
680,14
681,2
682,11
683,11
684,29
685,14
686,13
687,14
688,11
689,11
690,2
691,1
692,14
693,1
694,11
695,11
696,13
697,1
698,1
699,14
700,1
701,3
702,11
703,14
704,2
705,1
706,14
707,11
708,29
709,11
710,11
711,2
712,13
713,2
714,14
715,1
716,14
717,11
718,2
719,1
720,13
721,2
722,14
723,11
724,11
725,3
726,11
727,1
728,29
729,1
730,14
731,14
732,2
733,1
734,1
735,11
736,1
737,13
738,11
739,14
740,13
741,11
742,2
743,11
744,14
745,1
746,2
747,2
748,2
749,14
750,29
751,11
752,1
753,2
754,11
755,2
756,14
757,1
758,14
759,2
760,14
761,13
762,13
763,2
764,11
765,14
766,1
767,2
768,1
769,14
770,2
771,11
772,14
773,2
774,11
775,14
776,2
777,1
778,14
779,1
780,14
781,1
782,2
783,2
784,2
785,14
786,2
787,14
788,11
789,2
790,2
791,2
792,14
793,11
794,14
795,2
796,11
797,13
798,2
799,14
800,13
801,2
802,2
803,11
804,1
805,1
806,14
807,14
808,1
809,2
810,2
811,14
812,1
813,14
814,2
815,1
816,11
817,11
818,11
819,2
820,14
821,13
822,1
823,2
824,2
825,14
826,14
827,2
828,1
829,13
830,14
831,2
832,2
833,11
834,11
835,2
836,2
837,11
838,14
839,14
840,1
841,1
842,2
843,2
844,14
845,2
846,1
847,11
848,13
849,1
850,14
851,1
852,11
853,2
854,14
855,1
856,2
857,2
858,14
859,2
860,2
861,11
862,1
863,11
864,14
865,2
866,2
867,14
868,14
869,2
870,16
871,22
872,16
873,22
874,16
875,1
876,1
877,11
878,13
879,22
880,16
881,22
882,1
883,2
884,1
885,16
886,11
887,22
888,16
889,2
890,14
891,22
892,14
893,16
894,11
895,1
896,1
897,22
898,2
899,14
900,2
901,16
902,2
903,22
904,2
905,11
906,2
907,16
908,14
909,11
910,1
911,22
912,2
913,13
914,16
915,2
916,1
917,22
918,14
919,14
920,2
921,1
922,16
923,1
924,14
925,11
926,22
927,1
928,11
929,2
930,16
931,1
932,2
933,11
934,22
935,1
936,2
937,14
938,16
939,14
940,2
941,1
942,2
943,14
944,22
945,1
946,2
947,2
948,2
949,16
950,11
951,11
952,22
953,14
954,11
955,1
956,16
957,2
958,14
959,1
960,1
961,2
962,2
963,1
964,22
965,1
966,14
967,1
968,16
969,11
970,14
971,1
972,22
973,2
974,2
975,11
976,11
977,2
978,2
979,14
980,16
981,2
982,1
983,22
984,16
985,2
986,14
987,22
988,16
989,22
990,16
991,2
992,22
993,11
994,14
995,16
996,1
997,22
998,1
999,16
1000,16
1001,22
1002,1
1003,2
1004,1
1005,16
1006,22
1007,22
1008,16
1009,14
1010,2
1011,11
1012,1
1013,22
1014,1
1015,14
1016,16
1017,11
1018,16
1019,1
1020,22
1021,2
1022,16
1023,2
1024,11
1025,22
1026,2
1027,22
1028,2
1029,14
1030,16
1031,16
1032,1
1033,2
1034,22
1035,14
1036,14
1037,1
1038,16
1039,2
1040,22
1041,2
1042,1
1043,11
1044,1
1045,22
1046,2
1047,16
1048,16
1049,11
1050,1
1051,11
1052,1
1053,22
1054,22
1055,16
1056,14
1057,14
1058,2
1059,2
1060,22
1061,14
1062,2
1063,1
1064,1
1065,1
1066,16
1067,16
1068,2
1069,2
1070,2
1071,11
1072,22
1073,22
1074,11
1075,16
1076,14
1077,1
1078,11
1079,16
1080,1
1081,22
1082,1
1083,1
1084,2
1085,14
1086,14
1087,2
1088,16
1089,2
1090,22
1091,1
1092,22
1093,1
1094,2
1095,16
1096,11
1097,11
1098,16
1099,14
1100,2
1101,2
1102,2
1103,1
1104,22
1105,15
1106,22
1107,15
1108,22
1109,22
1110,15
1111,22
1112,15
1113,1
1114,2
1115,11
1116,2
1117,22
1118,14
1119,16
1120,15
1121,14
1122,22
1123,1
1124,16
1125,15
1126,1
1127,22
1128,22
1129,1
1130,15
1131,14
1132,22
1133,2
1134,22
1135,15
1136,16
1137,1
1138,2
1139,11
1140,1
1141,22
1142,1
1143,15
1144,22
1145,2
1146,2
1147,2
1148,22
1149,16
1150,2
1151,14
1152,15
1153,2
1154,16
1155,22
1156,1
1157,2
1158,22
1159,14
1160,15
1161,22
1162,22
1163,1
1164,2
1165,2
1166,2
1167,1
1168,1
1169,15
1170,16
1171,16
1172,2
1173,11
1174,22
1175,1
1176,1
1177,1
1178,15
1179,22
1180,22
1181,14
1182,22
1183,14
1184,2
1185,16
1186,2
1187,2
1188,15
1189,1
1190,1
1191,16
1192,1
1193,2
1194,22
1195,2
1196,22
1197,2
1198,2
1199,2
1200,15
1201,22
1202,16
1203,2
1204,22
1205,1
1206,1
1207,14
1208,1
1209,14
1210,15
1211,1
1212,2
1213,22
1214,16
1215,2
1216,22
1217,1
1218,1
1219,16
1220,15
1221,2
1222,2
1223,2
1224,22
1225,1
1226,2
1227,2
1228,15
1229,9
1230,22
1231,15
1232,9
1233,22
1234,15
1235,9
1236,15
1237,1
1238,9
1239,2
1240,16
1241,15
1242,15
1243,14
1244,2
1245,9
1246,2
1247,14
1248,15
1249,1
1250,16
1251,9
1252,1
1253,22
1254,15
1255,1
1256,9
1257,22
1258,1
1259,15
1260,22
1261,15
1262,2
1263,2
1264,9
1265,1
1266,2
1267,15
1268,2
1269,22
1270,1
1271,9
1272,16
1273,16
1274,1
1275,2
1276,15
1277,2
1278,14
1279,2
1280,15
1281,9
1282,2
1283,14
1284,22
1285,15
1286,2
1287,22
1288,22
1289,9
1290,1
1291,2
1292,15
1293,1
1294,16
1295,15
1296,1
1297,1
1298,2
1299,2
1300,9
1301,16
1302,2
1303,1
1304,15
1305,22
1306,1
1307,1
1308,22
1309,14
1310,9
1311,22
1312,15
1313,15
1314,2
1315,14
1316,2
1317,16
1318,2
1319,2
1320,9
1321,1
1322,2
1323,22
1324,2
1325,1
1326,16
1327,15
1328,2
1329,22
1330,15
1331,9
1332,2
1333,2
1334,1
1335,15
1336,14
1337,1
1338,22
1339,1
1340,22
1341,16
1342,9
1343,1
1344,2
1345,1
1346,2
1347,1
1348,15
1349,15
1350,14
1351,16
1352,22
1353,2
1354,2
1355,15
1356,9
1357,15
1358,9
1359,9
1360,2
1361,15
1362,1
1363,22
1364,9
1365,2
1366,15
1367,9
1368,15
1369,15
1370,16
1371,9
1372,22
1373,15
1374,1
1375,2
1376,2
1377,14
1378,15
1379,9
1380,9
1381,2
1382,15
1383,2
1384,1
1385,9
1386,1
1387,1
1388,22
1389,15
1390,15
1391,22
1392,16
1393,9
1394,1
1395,15
1396,2
1397,14
1398,2
1399,9
1400,9
1401,16
1402,15
1403,15
1404,2
1405,1
1406,15
1407,1
1408,22
1409,2
1410,2
1411,9
1412,15
1413,22
1414,2
1415,14
1416,22
1417,9
1418,1
1419,2
1420,2
1421,9
1422,15
1423,16
1424,15
1425,15
1426,9
1427,1
1428,1
1429,16
1430,1
1431,1
1432,2
1433,2
1434,15
1435,2
1436,9
1437,14
1438,22
1439,9
1440,22
1441,1
1442,1
1443,15
1444,22
1445,15
1446,2
1447,15
1448,2
1449,14
1450,9
1451,2
1452,9
1453,2
1454,16
1455,15
1456,2
1457,1
1458,2
1459,16
1460,1
1461,22
1462,9
1463,15
1464,2
1465,2
1466,15
1467,1
1468,2
1469,22
1470,22
1471,9
1472,15
1473,1
1474,1
1475,9
1476,1
1477,2
1478,1
1479,15
1480,15
1481,1
1482,22
1483,16
1484,1
1485,1
1486,2
1487,16
1488,25
1489,9
1490,25
1491,9
1492,9
1493,25
1494,2
1495,9
1496,9
1497,25
1498,2
1499,9
1500,25
1501,2
1502,15
1503,9
1504,15
1505,1
1506,25
1507,22
1508,9
1509,15
1510,2
1511,22
1512,9
1513,25
1514,1
1515,2
1516,9
1517,2
1518,2
1519,25
1520,22
1521,1
1522,15
1523,1
1524,9
1525,9
1526,1
1527,2
1528,16
1529,25
1530,1
1531,9
1532,16
1533,9
1534,1
1535,15
1536,15
1537,25
1538,2
1539,15
1540,9
1541,22
1542,2
1543,2
1544,25
1545,2
1546,1
1547,1
1548,9
1549,9
1550,22
1551,22
1552,1
1553,9
1554,2
1555,2
1556,2
1557,25
1558,1
1559,15
1560,16
1561,15
1562,9
1563,15
1564,25
1565,1
1566,9
1567,1
1568,2
1569,1
1570,1
1571,2
1572,9
1573,9
1574,1
1575,2
1576,22
1577,15
1578,25
1579,1
1580,22
1581,2
1582,9
1583,15
1584,1
1585,22
1586,9
1587,2
1588,2
1589,25
1590,2
1591,16
1592,2
1593,15
1594,9
1595,9
1596,2
1597,1
1598,15
1599,2
1600,1
1601,2
1602,25
1603,2
1604,9
1605,22
1606,22
1607,1
1608,15
1609,9
1610,1
1611,2
1612,1
1613,1
1614,25
1615,15
1616,1
1617,9
1618,2
1619,25
1620,7
1621,15
1622,22
1623,1
1624,25
1625,7
1626,9
1627,25
1628,2
1629,7
1630,1
1631,25
1632,9
1633,7
1634,1
1635,2
1636,2
1637,25
1638,2
1639,25
1640,7
1641,25
1642,15
1643,2
1644,7
1645,22
1646,15
1647,25
1648,9
1649,2
1650,1
1651,22
1652,7
1653,25
1654,2
1655,1
1656,25
1657,9
1658,7
1659,9
1660,2
1661,2
1662,2
1663,1
1664,1
1665,25
1666,15
1667,9
1668,7
1669,1
1670,2
1671,1
1672,2
1673,22
1674,25
1675,15
1676,15
1677,7
1678,25
1679,22
1680,25
1681,2
1682,9
1683,2
1684,9
1685,2
1686,7
1687,2
1688,9
1689,1
1690,22
1691,1
1692,25
1693,2
1694,1
1695,25
1696,2
1697,1
1698,7
1699,15
1700,15
1701,2
1702,15
1703,25
1704,1
1705,9
1706,1
1707,2
1708,7
1709,9
1710,1
1711,1
1712,1
1713,2
1714,25
1715,22
1716,1
1717,25
1718,9
1719,2
1720,7
1721,1
1722,15
1723,9
1724,22
1725,25
1726,2
1727,2
1728,1
1729,2
1730,15
1731,15
1732,2
1733,2
1734,7
1735,9
1736,25
1737,2
1738,1
1739,25
1740,2
1741,2
1742,9
1743,2
1744,2
1745,1
1746,9
1747,15
1748,7
1749,9
1750,1
1751,1
1752,25
1753,25
1754,1
1755,2
1756,25
1757,7
1758,25
1759,9
1760,7
1761,1
1762,25
1763,15
1764,7
1765,1
1766,7
1767,22
1768,25
1769,15
1770,2
1771,7
1772,9
1773,1
1774,1
1775,25
1776,7
1777,1
1778,25
1779,25
1780,2
1781,2
1782,15
1783,7
1784,2
1785,1
1786,25
1787,25
1788,9
1789,7
1790,2
1791,7
1792,1
1793,2
1794,25
1795,25
1796,7
1797,9
1798,1
1799,9
1800,25
1801,1
1802,15
1803,1
1804,7
1805,1
1806,7
1807,2
1808,2
1809,2
1810,2
1811,25
1812,2
1813,25
1814,15
1815,15
1816,22
1817,7
1818,1
1819,25
1820,1
1821,2
1822,25
1823,9
1824,9
1825,7
1826,7
1827,2
1828,9
1829,2
1830,25
1831,1
1832,2
1833,2
1834,1
1835,25
1836,2
1837,7
1838,1
1839,25
1840,15
1841,2
1842,25
1843,1
1844,15
1845,1
1846,7
1847,1
1848,2
1849,7
1850,9
1851,15
1852,1
1853,1
1854,25
1855,1
1856,25
1857,1
1858,9
1859,9
1860,1
1861,2
1862,7
1863,25
1864,1
1865,7
1866,2
1867,1
1868,25
1869,1
1870,2
1871,15
1872,7
1873,15
1874,25
1875,9
1876,2
1877,1
1878,2
1879,2
1880,2
1881,2
1882,25
1883,2
1884,7
1885,1
1886,2
1887,7
1888,15
1889,25
1890,9
1891,9
1892,2
1893,1
1894,2
1895,1
1896,25
1897,25
1898,1
1899,25
1900,7
1901,25
1902,7
1903,1
1904,25
1905,9
1906,7
1907,7
1908,25
1909,15
1910,7
1911,2
1912,1
1913,7
1914,25
1915,15
1916,7
1917,25
1918,25
1919,1
1920,2
1921,1
1922,7
1923,1
1924,1
1925,25
1926,1
1927,2
1928,25
1929,2
1930,1
1931,25
1932,7
1933,9
1934,7
1935,2
1936,25
1937,2
1938,9
1939,1
1940,2
1941,25
1942,7
1943,9
1944,7
1945,25
1946,7
1947,7
1948,15
1949,1
1950,25
1951,1
1952,1
1953,1
1954,2
1955,25
1956,2
1957,7
1958,25
1959,15
1960,25
1961,1
1962,2
1963,2
1964,25
1965,1
1966,2
1967,2
1968,9
1969,1
1970,7
1971,7
1972,7
1973,2
1974,9
1975,25
1976,2
1977,9
1978,25
1979,2
1980,7
1981,25
1982,2
1983,2
1984,1
1985,2
1986,25
1987,15
1988,1
1989,25
1990,7
1991,2
1992,7
1993,7
1994,15
1995,25
1996,1
1997,1
1998,25
1999,2
2000,1
2001,1
2002,9
2003,1
2004,1
2005,7
2006,9
2007,1
2008,1
2009,25
2010,7
2011,2
2012,25
2013,1
2014,1
2015,9
2016,1
2017,2
2018,7
2019,25
2020,25
2021,15
2022,7
2023,2
2024,2
2025,25
2026,2
2027,1
2028,7
2029,7
2030,2
2031,25
2032,2
2033,9
2034,15
2035,2
2036,1
2037,9
2038,2
2039,25
2040,2
2041,2
2042,25
2043,2
2044,25
2045,7
2046,1
2047,25
2048,7
2049,1
2050,25
2051,7
2052,1
2053,7
2054,7
2055,25
2056,2
2057,7
2058,25
2059,1
2060,25
2061,7
2062,7
2063,9
2064,15
2065,25
2066,25
2067,7
2068,2
2069,25
2070,25
2071,7
2072,25
2073,2
2074,7
2075,2
2076,2
2077,1
2078,9
2079,1
2080,25
2081,1
2082,1
2083,7
2084,25
2085,1
2086,1
2087,9
2088,15
2089,25
2090,2
2091,7
2092,7
2093,2
2094,7
2095,1
2096,1
2097,7
2098,25
2099,25
2100,25
2101,7
2102,1
2103,25
2104,1
2105,25
2106,1
2107,15
2108,1
2109,25
2110,2
2111,9
2112,2
2113,7
2114,7
2115,7
2116,9
2117,1
2118,25
2119,2
2120,7
2121,2
2122,2
2123,1
2124,7
2125,25
2126,2
2127,2
2128,9
2129,25
2130,2
2131,2
2132,25
2133,2
2134,25
2135,2
2136,7
2137,2
2138,1
2139,25
2140,7
2141,2
2142,7
2143,1
2144,2
2145,25
2146,25
2147,2
2148,1
2149,7
2150,9
2151,7
2152,9
2153,2
2154,1
2155,25
2156,7
2157,1
2158,25
2159,1
2160,1
2161,1
2162,2
2163,7
2164,1
2165,1
2166,9
2167,25
2168,25
2169,1
2170,7
2171,25
2172,25
2173,2
2174,2
2175,1
2176,1
2177,2
2178,7
2179,7
2180,2
2181,25
2182,7
2183,1
2184,2
2185,25
2186,9
2187,25
2188,5
2189,21
2190,5
2191,21
2192,1
2193,5
2194,2
2195,2
2196,21
2197,2
2198,7
2199,2
2200,5
2201,1
2202,2
2203,21
2204,7
2205,1
2206,2
2207,5
2208,25
2209,21
2210,7
2211,1
2212,25
2213,5
2214,8
2215,1
2216,25
2217,2
2218,21
2219,9
2220,5
2221,25
2222,7
2223,21
2224,25
2225,8
2226,5
2227,7
2228,2
2229,2
2230,21
2231,2
2232,2
2233,25
2234,1
2235,5
2236,1
2237,9
2238,7
2239,7
2240,2
2241,21
2242,1
2243,7
2244,1
2245,2
2246,5
2247,1
2248,2
2249,25
2250,1
2251,21
2252,25
2253,25
2254,1
2255,25
2256,5
2257,1
2258,1
2259,25
2260,1
2261,21
2262,9
2263,1
2264,2
2265,7
2266,7
2267,1
2268,7
2269,5
2270,2
2271,1
2272,6
2273,7
2274,21
2275,25
2276,25
2277,9
2278,5
2279,2
2280,1
2281,2
2282,2
2283,2
2284,2
2285,7
2286,25
2287,25
2288,21
2289,25
2290,8
2291,2
2292,5
2293,7
2294,1
2295,2
2296,25
2297,2
2298,25
2299,21
2300,8
2301,2
2302,1
2303,7
2304,7
2305,1
2306,25
2307,5
2308,7
2309,9
2310,1
2311,8
2312,2
2313,21
2314,25
2315,1
2316,9
2317,1
2318,25
2319,7
2320,2
2321,5
2322,1
2323,25
2324,1
2325,1
2326,1
2327,2
2328,7
2329,21
2330,6
2331,2
2332,2
2333,1
2334,25
2335,2
2336,7
2337,5
2338,5
2339,21
2340,25
2341,6
2342,5
2343,25
2344,7
2345,21
2346,5
2347,21
2348,5
2349,21
2350,1
2351,21
2352,5
2353,7
2354,1
2355,21
2356,1
2357,1
2358,2
2359,7
2360,2
2361,5
2362,25
2363,5
2364,6
2365,8
2366,21
2367,8
2368,5
2369,25
2370,2
2371,8
2372,9
2373,1
2374,21
2375,1
2376,21
2377,25
2378,25
2379,5
2380,2
2381,8
2382,21
2383,7
2384,5
2385,5
2386,2
2387,2
2388,7
2389,21
2390,2
2391,7
2392,7
2393,2
2394,1
2395,21
2396,8
2397,25
2398,5
2399,1
2400,2
2401,21
2402,25
2403,25
2404,5
2405,5
2406,1
2407,25
2408,1
2409,2
2410,1
2411,21
2412,1
2413,8
2414,25
2415,6
2416,21
2417,1
2418,1
2419,7
2420,5
2421,1
2422,7
2423,2
2424,1
2425,21
2426,7
2427,6
2428,5
2429,1
2430,1
2431,2
2432,5
2433,25
2434,7
2435,2
2436,21
2437,21
2438,6
2439,25
2440,25
2441,25
2442,2
2443,1
2444,5
2445,7
2446,8
2447,8
2448,5
2449,8
2450,21
2451,1
2452,8
2453,2
2454,25
2455,8
2456,2
2457,6
2458,7
2459,5
2460,7
2461,21
2462,25
2463,1
2464,1
2465,8
2466,1
2467,21
2468,8
2469,1
2470,5
2471,5
2472,7
2473,25
2474,7
2475,2
2476,25
2477,2
2478,21
2479,21
2480,8
2481,1
2482,1
2483,6
2484,6
2485,2
2486,25
2487,6
2488,25
2489,6
2490,5
2491,7
2492,5
2493,21
2494,5
2495,21
2496,2
2497,5
2498,2
2499,5
2500,21
2501,7
2502,25
2503,6
2504,1
2505,5
2506,21
2507,21
2508,5
2509,8
2510,21
2511,7
2512,5
2513,21
2514,5
2515,21
2516,25
2517,6
2518,1
2519,1
2520,1
2521,1
2522,5
2523,2
2524,2
2525,21
2526,25
2527,21
2528,7
2529,25
2530,5
2531,5
2532,1
2533,8
2534,21
2535,8
2536,8
2537,5
2538,1
2539,6
2540,7
2541,5
2542,8
2543,21
2544,21
2545,8
2546,25
2547,7
2548,21
2549,2
2550,5
2551,7
2552,8
2553,25
2554,2
2555,1
2556,21
2557,8
2558,25
2559,5
2560,5
2561,5
2562,1
2563,6
2564,2
2565,25
2566,21
2567,8
2568,21
2569,25
2570,1
2571,5
2572,21
2573,8
2574,6
2575,1
2576,6
2577,7
2578,6
2579,7
2580,21
2581,5
2582,7
2583,6
2584,6
2585,5
2586,2
2587,8
2588,1
2589,5
2590,1
2591,21
2592,21
2593,7
2594,2
2595,6
2596,6
2597,25
2598,25
2599,25
2600,5
2601,25
2602,21
2603,2
2604,5
2605,21
2606,1
2607,8
2608,6
2609,5
2610,25
2611,1
2612,21
2613,8
2614,7
2615,8
2616,5
2617,7
2618,2
2619,8
2620,2
2621,8
2622,21
2623,1
2624,7
2625,1
2626,5
2627,8
2628,5
2629,8
2630,1
2631,21
2632,6
2633,25
2634,7
2635,25
2636,21
2637,21
2638,8
2639,8
2640,2
2641,5
2642,5
2643,5
2644,21
2645,25
2646,25
2647,1
2648,5
2649,21
2650,1
2651,5
2652,7
2653,21
2654,5
2655,5
2656,6
2657,21
2658,21
2659,6
2660,6
2661,7
2662,8
2663,5
2664,25
2665,2
2666,6
2667,21
2668,8
2669,6
2670,21
2671,5
2672,5
2673,21
2674,21
2675,6
2676,5
2677,25
2678,6
2679,21
2680,7
2681,21
2682,1
2683,5
2684,1
2685,25
2686,5
2687,2
2688,6
2689,5
2690,8
2691,21
2692,7
2693,8
2694,5
2695,6
2696,5
2697,1
2698,7
2699,21
2700,21
2701,5
2702,21
2703,8
2704,6
2705,21
2706,8
2707,8
2708,25
2709,7
2710,21
2711,25
2712,6
2713,8
2714,8
2715,25
2716,5
2717,5
2718,5
2719,8
2720,25
2721,1
2722,8
2723,21
2724,5
2725,8
2726,8
2727,2
2728,1
2729,21
2730,5
2731,21
2732,25
2733,7
2734,21
2735,7
2736,5
2737,6
2738,7
2739,1
2740,21
2741,5
2742,8
2743,8
2744,5
2745,6
2746,6
2747,21
2748,21
2749,2
2750,6
2751,1
2752,6
2753,7
2754,1
2755,5
2756,25
2757,5
2758,6
2759,25
2760,21
2761,8
2762,5
2763,8
2764,25
2765,6
2766,21
2767,6
2768,25
2769,5
2770,6
2771,21
2772,21
2773,25
2774,5
2775,6
2776,7
2777,21
2778,1
2779,8
2780,2
2781,5
2782,7
2783,7
2784,5
2785,8
2786,8
2787,8
2788,6
2789,21
2790,8
2791,8
2792,5
2793,6
2794,1
2795,21
2796,7
2797,25
2798,21
2799,8
2800,8
2801,5
2802,20
2803,4
2804,20
2805,4
2806,5
2807,20
2808,4
2809,6
2810,20
2811,5
2812,25
2813,21
2814,25
2815,8
2816,4
2817,8
2818,21
2819,1
2820,20
2821,8
2822,8
2823,4
2824,6
2825,7
2826,20
2827,25
2828,21
2829,5
2830,4
2831,2
2832,21
2833,20
2834,6
2835,6
2836,8
2837,4
2838,5
2839,6
2840,21
2841,20
2842,8
2843,6
2844,6
2845,7
2846,5
2847,6
2848,4
2849,5
2850,1
2851,25
2852,20
2853,5
2854,7
2855,6
2856,8
2857,6
2858,4
2859,6
2860,21
2861,8
2862,21
2863,1
2864,20
2865,21
2866,21
2867,4
2868,8
2869,7
2870,25
2871,6
2872,20
2873,5
2874,6
2875,5
2876,25
2877,25
2878,6
2879,8
2880,5
2881,4
2882,8
2883,8
2884,5
2885,21
2886,20
2887,1
2888,8
2889,8
2890,8
2891,21
2892,2
2893,4
2894,6
2895,25
2896,6
2897,8
2898,5
2899,8
2900,7
2901,20
2902,21
2903,21
2904,7
2905,8
2906,1
2907,5
2908,4
2909,21
2910,8
2911,20
2912,7
2913,8
2914,6
2915,5
2916,8
2917,5
2918,6
2919,5
2920,21
2921,6
2922,6
2923,4
2924,1
2925,25
2926,6
2927,6
2928,25
2929,20
2930,8
2931,8
2932,21
2933,2
2934,6
2935,6
2936,5
2937,21
2938,4
2939,25
2940,21
2941,8
2942,5
2943,20
2944,6
2945,6
2946,6
2947,6
2948,4
2949,4
2950,21
2951,8
2952,8
2953,4
2954,5
2955,21
2956,5
2957,8
2958,4
2959,1
2960,8
2961,20
2962,4
2963,20
2964,20
2965,8
2966,4
2967,6
2968,20
2969,6
2970,4
2971,5
2972,8
2973,8
2974,20
2975,4
2976,5
2977,8
2978,4
2979,20
2980,21
2981,4
2982,25
2983,25
2984,20
2985,8
2986,8
2987,4
2988,21
2989,1
2990,20
2991,6
2992,21
2993,8
2994,21
2995,5
2996,20
2997,6
2998,4
2999,6
3000,8
3001,4
3002,20
3003,5
3004,8
3005,4
3006,5
3007,8
3008,5
3009,8
3010,20
3011,4
3012,20
3013,6
3014,5
3015,6
3016,6
3017,4
3018,4
3019,4
3020,6
3021,20
3022,21
3023,21
3024,6
3025,4
3026,8
3027,6
3028,8
3029,4
3030,21
3031,6
3032,1
3033,6
3034,8
3035,20
3036,20
3037,6
3038,4
3039,5
3040,2
3041,4
3042,5
3043,25
3044,2
3045,20
3046,5
3047,4
3048,8
3049,6
3050,8
3051,4
3052,21
3053,6
3054,8
3055,6
3056,8
3057,20
3058,8
3059,5
3060,20
3061,8
3062,8
3063,8
3064,6
3065,21
3066,21
3067,4
3068,4
3069,5
3070,6
3071,4
3072,8
3073,4
3074,8
3075,4
3076,20
3077,6
3078,8
3079,21
3080,4
3081,20
3082,5
3083,8
3084,21
3085,5
3086,8
3087,8
3088,20
3089,6
3090,6
3091,2
3092,5
3093,4
3094,6
3095,4
3096,6
3097,5
3098,21
3099,6
3100,8
3101,6
3102,8
3103,6
3104,8
3105,6
3106,5
3107,21
3108,20
3109,20
3110,6
3111,6
3112,21
3113,4
3114,8
3115,4
3116,5
3117,4
3118,4
3119,6
3120,6
3121,8
3122,20
3123,20
3124,20
3125,8
3126,20
3127,4
3128,8
3129,5
3130,20
3131,4
3132,4
3133,20
3134,6
3135,4
3136,5
3137,4
3138,6
3139,20
3140,20
3141,4
3142,4
3143,21
3144,6
3145,8
3146,20
3147,8
3148,8
3149,4
3150,2
3151,20
3152,20
3153,2
3154,4
3155,21
3156,21
3157,8
3158,8
3159,4
3160,6
3161,5
3162,8
3163,8
3164,6
3165,20
3166,4
3167,8
3168,5
3169,4
3170,8
3171,8
3172,6
3173,8
3174,20
3175,20
3176,5
3177,20
3178,4
3179,5
3180,4
3181,6
3182,20
3183,6
3184,4
3185,8
3186,4
3187,4
3188,4
3189,8
3190,21
3191,4
3192,6
3193,21
3194,6
3195,20
3196,8
3197,6
3198,8
3199,6
3200,20
3201,6
3202,4
3203,20
3204,4
3205,21
3206,6
3207,8
3208,20
3209,2
3210,6
3211,5
3212,4
3213,8
3214,5
3215,5
3216,4
3217,8
3218,6
3219,4
3220,6
3221,20
3222,20
3223,6
3224,6
3225,5
3226,6
3227,4
3228,21
3229,21
3230,8
3231,20
3232,8
3233,4
3234,4
3235,8
3236,8
3237,20
3238,4
3239,8
3240,6
3241,8
3242,8
3243,8
3244,6
3245,4
3246,4
3247,20
3248,4
3249,5
3250,8
3251,21
3252,5
3253,8
3254,6
3255,20
3256,4
3257,6
3258,4
3259,8
3260,8
3261,5
3262,8
3263,20
3264,4
3265,8
3266,6
3267,21
3268,8
3269,20
3270,20
3271,21
3272,5
3273,8
3274,6
3275,4
3276,8
3277,6
3278,6
3279,4
3280,8
3281,4
3282,20
3283,5
3284,12
3285,6
3286,8
3287,20
3288,6
3289,12
3290,4
3291,20
3292,20
3293,6
3294,12
3295,4
3296,20
3297,6
3298,5
3299,12
3300,6
3301,8
3302,20
3303,4
3304,20
3305,4
3306,6
3307,20
3308,12
3309,6
3310,8
3311,20
3312,4
3313,12
3314,4
3315,8
3316,20
3317,20
3318,8
3319,4
3320,12
3321,4
3322,5
3323,6
3324,6
3325,21
3326,20
3327,4
3328,8
3329,8
3330,12
3331,5
3332,8
3333,6
3334,8
3335,5
3336,20
3337,20
3338,4
3339,8
3340,8
3341,20
3342,12
3343,20
3344,8
3345,8
3346,20
3347,6
3348,6
3349,8
3350,5
3351,6
3352,4
3353,4
3354,4
3355,12
3356,8
3357,4
3358,8
3359,4
3360,4
3361,20
3362,4
3363,8
3364,20
3365,8
3366,12
3367,20
3368,8
3369,20
3370,4
3371,6
3372,6
3373,4
3374,6
3375,6
3376,6
3377,8
3378,4
3379,20
3380,12
3381,20
3382,6
3383,5
3384,6
3385,5
3386,4
3387,8
3388,20
3389,20
3390,8
3391,6
3392,8
3393,6
3394,12
3395,5
3396,4
3397,20
3398,4
3399,4
3400,8
3401,20
3402,6
3403,6
3404,6
3405,6
3406,8
3407,4
3408,4
3409,8
3410,12
3411,8
3412,20
3413,4
3414,20
3415,20
3416,8
3417,4
3418,6
3419,8
3420,4
3421,20
3422,8
3423,6
3424,4
3425,6
3426,12
3427,8
3428,8
3429,8
3430,8
3431,20
3432,5
3433,20
3434,4
3435,8
3436,20
3437,8
3438,8
3439,4
3440,8
3441,4
3442,5
3443,6
3444,12
3445,6
3446,4
3447,8
3448,20
3449,12
3450,6
3451,20
3452,4
3453,12
3454,20
3455,20
3456,8
3457,12
3458,20
3459,20
3460,8
3461,12
3462,20
3463,4
3464,6
3465,8
3466,6
3467,12
3468,12
3469,4
3470,20
3471,6
3472,20
3473,20
3474,20
3475,4
3476,6
3477,12
3478,6
3479,8
3480,6
3481,6
3482,20
3483,20
3484,4
3485,8
3486,12
3487,8
3488,4
3489,4
3490,8
3491,6
3492,6
3493,20
3494,4
3495,12
3496,6
3497,12
3498,4
3499,20
3500,6
3501,20
3502,8
3503,5
3504,20
3505,20
3506,20
3507,12
3508,6
3509,20
3510,20
3511,8
3512,8
3513,6
3514,4
3515,8
3516,8
3517,8
3518,12
3519,12
3520,4
3521,8
3522,20
3523,8
3524,8
3525,20
3526,4
3527,4
3528,6
3529,6
3530,4
3531,20
3532,4
3533,12
3534,8
3535,8
3536,4
3537,20
3538,20
3539,6
3540,12
3541,8
3542,12
3543,4
3544,8
3545,8
3546,8
3547,20
3548,20
3549,8
3550,6
3551,4
3552,20
3553,4
3554,6
3555,20
3556,20
3557,20
3558,8
3559,12
3560,6
3561,6
3562,6
3563,8
3564,8
3565,8
3566,12
3567,4
3568,20
3569,20
3570,6
3571,6
3572,20
3573,4
3574,6
3575,6
3576,12
3577,6
3578,20
3579,4
3580,4
3581,6
3582,4
3583,20
3584,6
3585,8
3586,8
3587,20
3588,8
3589,8
3590,20
3591,12
3592,4
3593,12
3594,4
3595,6
3596,20
3597,20
3598,6
3599,6
3600,8
3601,6
3602,8
3603,20
3604,4
3605,8
3606,20
3607,8
3608,20
3609,12
3610,8
3611,4
3612,8
3613,10
3614,12
3615,10
3616,8
3617,20
3618,4
3619,6
3620,4
3621,12
3622,6
3623,10
3624,12
3625,12
3626,20
3627,8
3628,10
3629,8
3630,12
3631,6
3632,8
3633,20
3634,10
3635,8
3636,8
3637,12
3638,12
3639,10
3640,20
3641,20
3642,4
3643,12
3644,20
3645,10
3646,4
3647,8
3648,20
3649,4
3650,6
3651,12
3652,6
3653,8
3654,4
3655,10
3656,6
3657,12
3658,6
3659,8
3660,6
3661,12
3662,12
3663,4
3664,6
3665,6
3666,4
3667,10
3668,8
3669,4
3670,8
3671,6
3672,12
3673,20
3674,20
3675,20
3676,6
3677,20
3678,20
3679,8
3680,10
3681,8
3682,20
3683,20
3684,6
3685,12
3686,12
3687,6
3688,6
3689,12
3690,8
3691,6
3692,10
3693,20
3694,4
3695,12
3696,20
3697,8
3698,8
3699,4
3700,6
3701,4
3702,4
3703,8
3704,10
3705,8
3706,4
3707,20
3708,8
3709,6
3710,8
3711,12
3712,6
3713,8
3714,4
3715,12
3716,8
3717,8
3718,4
3719,10
3720,20
3721,20
3722,12
3723,8
3724,20
3725,12
3726,6
3727,8
3728,8
3729,20
3730,20
3731,4
3732,6
3733,6
3734,10
3735,12
3736,20
3737,8
3738,4
3739,20
3740,20
3741,4
3742,12
3743,6
3744,8
3745,8
3746,6
3747,8
3748,20
3749,6
3750,6
3751,6
3752,10
3753,12
3754,6
3755,4
3756,20
3757,6
3758,4
3759,8
3760,8
3761,12
3762,12
3763,4
3764,8
3765,6
3766,20
3767,4
3768,6
3769,10
3770,8
3771,6
3772,6
3773,20
3774,4
3775,20
3776,4
3777,12
3778,10
3779,4
3780,10
3781,4
3782,8
3783,20
3784,10
3785,6
3786,4
3787,8
3788,4
3789,12
3790,20
3791,10
3792,6
3793,12
3794,10
3795,4
3796,20
3797,8
3798,8
3799,10
3800,4
3801,8
3802,4
3803,20
3804,8
3805,8
3806,12
3807,10
3808,6
3809,4
3810,20
3811,20
3812,20
3813,8
3814,10
3815,6
3816,8
3817,8
3818,6
3819,10
3820,20
3821,4
3822,4
3823,6
3824,8
3825,10
3826,4
3827,4
3828,12
3829,4
3830,4
3831,8
3832,8
3833,6
3834,12
3835,12
3836,10
3837,8
3838,4
3839,8
3840,8
3841,10
3842,20
3843,4
3844,4
3845,10
3846,4
3847,6
3848,6
3849,20
3850,20
3851,8
3852,6
3853,4
3854,6
3855,20
3856,6
3857,20
3858,12
3859,6
3860,8
3861,10
3862,20
3863,12
3864,6
3865,4
3866,6
3867,10
3868,20
3869,8
3870,10
3871,12
3872,4
3873,6
3874,20
3875,4
3876,8
3877,12
3878,4
3879,8
3880,4
3881,4
3882,8
3883,6
3884,6
3885,8
3886,10
3887,6
3888,6
3889,4
3890,20
3891,10
3892,12
3893,8
3894,4
3895,6
3896,8
3897,20
3898,4
3899,8
3900,8
3901,10
3902,6
3903,8
3904,8
3905,6
3906,12
3907,20
3908,8
3909,20
3910,20
3911,12
3912,8
3913,4
3914,4
3915,8
3916,8
3917,8
3918,4
3919,20
3920,6
3921,10
3922,10
3923,20
3924,12
3925,6
3926,4
3927,20
3928,12
3929,6
3930,8
3931,8
3932,4
3933,4
3934,6
3935,10
3936,6
3937,20
3938,6
3939,20
3940,4
3941,8
3942,6
3943,10
3944,8
3945,4
3946,4
3947,10
3948,10
3949,10
3950,12
3951,6
3952,6
3953,10
3954,8
3955,4
3956,8
3957,10
3958,10
3959,8
3960,6
3961,10
3962,8
3963,6
3964,10
3965,10
3966,12
3967,12
3968,10
3969,20
3970,4
3971,10
3972,6
3973,8
3974,6
3975,10
3976,20
3977,20
3978,4
3979,10
3980,20
3981,6
3982,10
3983,10
3984,6
3985,20
3986,10
3987,4
3988,10
3989,8
3990,10
3991,8
3992,8
3993,20
3994,20
3995,6
3996,8
3997,10
3998,8
3999,8
4000,12
4001,8
4002,4
4003,4
4004,10
4005,6
4006,12
4007,4
4008,12
4009,8
4010,4
4011,10
4012,8
4013,10
4014,6
4015,10
4016,10
4017,4
4018,10
4019,6
4020,8
4021,4
4022,8
4023,20
4024,20
4025,10
4026,8
4027,4
4028,4
4029,8
4030,6
4031,20
4032,12
4033,20
4034,6
4035,8
4036,8
4037,10
4038,10
4039,6
4040,6
4041,20
4042,10
4043,6
4044,8
4045,6
4046,20
4047,12
4048,12
4049,10
4050,8
4051,10
4052,6
4053,4
4054,8
4055,6
4056,6
4057,10
4058,4
4059,4
4060,6
4061,4
4062,20
4063,6
4064,10
4065,6
4066,10
4067,12
4068,20
4069,8
4070,20
4071,4
4072,4
4073,10
4074,8
4075,4
4076,8
4077,6
4078,10
4079,10
4080,6
4081,12
4082,8
4083,20
4084,8
4085,20
4086,10
4087,8
4088,10
4089,6
4090,12
4091,8
4092,20
4093,4
4094,8
4095,8
4096,6
4097,12
4098,6
4099,8
4100,10
4101,8
4102,4
4103,20
4104,8
4105,4
4106,6
4107,8
4108,20
4109,10
4110,6
4111,8
4112,8
4113,4
4114,20
4115,10
4116,10
4117,10
4118,10
4119,4
4120,10
4121,10
4122,10
4123,4
4124,8
4125,8
4126,10
4127,10
4128,10
4129,12
4130,10
4131,10
4132,8
4133,10
4134,6
4135,4
4136,4
4137,6
4138,10
4139,8
4140,6
4141,12
4142,6
4143,4
4144,10
4145,6
4146,6
4147,12
4148,10
4149,10
4150,20
4151,8
4152,10
4153,6
4154,10
4155,20
4156,20
4157,10
4158,6
4159,20
4160,10
4161,8
4162,10
4163,10
4164,10
4165,8
4166,6
4167,10
4168,4
4169,10
4170,20
4171,4
4172,6
4173,6
4174,8
4175,10
4176,8
4177,20
4178,8
4179,6
4180,12
4181,6
4182,4
4183,12
4184,10
4185,10
4186,6
4187,4
4188,8
4189,8
4190,10
4191,8
4192,10
4193,4
4194,8
4195,6
4196,6
4197,10
4198,10
4199,8
4200,6
4201,4
4202,8
4203,10
4204,8
4205,20
4206,10
4207,4
4208,8
4209,10
4210,8
4211,8
4212,10
4213,20
4214,20
4215,4
4216,8
4217,4
4218,10
4219,12
4220,10
4221,10
4222,6
4223,20
4224,20
4225,12
4226,6
4227,10
4228,8
4229,8
4230,10
4231,10
4232,6
4233,6
4234,4
4235,6
4236,4
4237,8
4238,10
4239,4
4240,10
4241,6
4242,6
4243,8
4244,8
4245,4
4246,20
4247,20
4248,6
4249,10
4250,4
4251,6
4252,6
4253,10
4254,8
4255,6
4256,8
4257,4
4258,10
4259,8
4260,8
4261,6
4262,10
4263,12
4264,10
4265,6
4266,20
4267,6
4268,10
4269,12
4270,20
4271,6
4272,4
4273,20
4274,10
4275,10
4276,4
4277,10
4278,8
4279,8
4280,6
4281,8
4282,8
4283,8
4284,8
4285,8
4286,20
4287,10
4288,10
4289,10
4290,10
4291,10
4292,10
4293,10
4294,10
4295,10
4296,4
4297,20
4298,10
4299,4
4300,8
4301,10
4302,8
4303,6
4304,10
4305,10
4306,4
4307,4
4308,10
4309,12
4310,10
4311,10
4312,6
4313,4
4314,10
4315,10
4316,8
4317,10
4318,8
4319,6
4320,8
4321,20
4322,6
4323,8
4324,10
4325,4
4326,8
4327,4
4328,10
4329,4
4330,10
4331,8
4332,10
4333,6
4334,20
4335,10
4336,10
4337,20
4338,10
4339,6
4340,6
4341,6
4342,6
4343,10
4344,8
4345,20
4346,8
4347,10
4348,10
4349,8
4350,6
4351,10
4352,6
4353,6
4354,10
4355,10
4356,10
4357,6
4358,12
4359,4
4360,6
4361,10
4362,10
4363,4
4364,6
4365,4
4366,20
4367,4
4368,10
4369,10
4370,8
4371,8
4372,10
4373,4
4374,8
4375,10
4376,4
4377,10
4378,6
4379,10
4380,10
4381,10
4382,6
4383,8
4384,8
4385,10
4386,8
4387,6
4388,20
4389,10
4390,8
4391,8
4392,20
4393,6
4394,10
4395,6
4396,10
4397,4
4398,8
4399,8
4400,4
4401,8
4402,8
4403,12
4404,10
4405,6
4406,10
4407,8
4408,4
4409,6
4410,10
4411,20
4412,6
4413,8
4414,10
4415,8
4416,10
4417,10
4418,8
4419,8
4420,4
4421,10
4422,10
4423,8
4424,4
4425,10
4426,4
4427,10
4428,10
4429,6
4430,6
4431,6
4432,8
4433,6
4434,20
4435,10
4436,4
4437,4
4438,6
4439,6
4440,4
4441,10
4442,8
4443,10
4444,6
4445,4
4446,10
4447,20
4448,6
4449,8
4450,10
4451,20
4452,20
4453,10
4454,10
4455,10
4456,10
4457,8
4458,10
4459,10
4460,10
4461,10
4462,10
4463,6
4464,6
4465,10
4466,8
4467,10
4468,6
4469,8
4470,10
4471,6
4472,4
4473,6
4474,10
4475,10
4476,10
4477,8
4478,6
4479,10
4480,20
4481,8
4482,10
4483,4
4484,10
4485,10
4486,8
4487,4
4488,8
4489,8
4490,4
4491,10
4492,8
4493,10
4494,6
4495,10
4496,4
4497,4
4498,10
4499,6
4500,8
4501,8
4502,8
4503,10
4504,6
4505,10
4506,10
4507,8
4508,10
4509,4
4510,8
4511,10
4512,10
4513,10
4514,20
4515,8
4516,10
4517,4
4518,20
4519,10
4520,10
4521,10
4522,4
4523,6
4524,10
4525,6
4526,10
4527,20
4528,8
4529,10
4530,10
4531,10
4532,4
4533,8
4534,10
4535,6
4536,10
4537,6
4538,8
4539,10
4540,6
4541,10
4542,6
4543,6
4544,8
4545,4
4546,32
4547,39
4548,41
4549,32
4550,42
4551,36
4552,42
4553,32
4554,36
4555,39
4556,36
4557,41
4558,39
4559,39
4560,32
4561,42
4562,42
4563,36
4564,32
4565,39
4566,41
4567,41
4568,36
4569,36
4570,32
4571,36
4572,32
4573,39
4574,39
4575,36
4576,42
4577,42
4578,36
4579,39
4580,32
4581,39
4582,36
4583,41
4584,41
4585,41
4586,41
4587,41
4588,39
4589,36
4590,42
4591,42
4592,41
4593,36
4594,36
4595,39
4596,39
4597,39
4598,42
4599,41
4600,41
4601,36
4602,39
4603,39
4604,36
4605,36
4606,39
4607,39
4608,41
4609,40
4610,39
4611,32
4612,32
4613,42
4614,41
4615,32
4616,32
4617,41
4618,36
4619,42
4620,36
4621,36
4622,32
4623,39
4624,40
4625,32
4626,39
4627,40
4628,36
4629,39
4630,40
4631,40
4632,40
4633,42
4634,39
4635,40
4636,40
4637,41
4638,32
4639,42
4640,39
4641,36
4642,39
4643,32
4644,36
4645,42
4646,40
4647,39
4648,41
4649,41
4650,36
4651,40
4652,40
4653,41
4654,42
4655,40
4656,32
4657,40
4658,41
4659,36
4660,36
4661,40
4662,41
4663,40
4664,40
4665,36
4666,39
4667,42
4668,36
4669,39
4670,39
4671,40
4672,32
4673,39
4674,42
4675,41
4676,40
4677,40
4678,36
4679,41
4680,40
4681,39
4682,41
4683,39
4684,40
4685,40
4686,39
4687,36
4688,42
4689,36
4690,42
4691,41
4692,42
4693,40
4694,36
4695,32
4696,42
4697,32
4698,40
4699,32
4700,40
4701,39
4702,39
4703,42
4704,32
4705,39
4706,32
4707,39
4708,40
4709,41
4710,36
4711,40
4712,32
4713,39
4714,40
4715,39
4716,36
4717,36
4718,41
4719,40
4720,41
4721,39
4722,41
4723,40
4724,32
4725,41
4726,40
4727,40
4728,39
4729,40
4730,39
4731,36
4732,39
4733,36
4734,32
4735,40
4736,36
4737,42
4738,42
4739,41
4740,41
4741,40
4742,41
4743,39
4744,39
4745,42
4746,41
4747,40
4748,40
4749,39
4750,36
4751,39
4752,40
4753,32
4754,40
4755,39
4756,42
4757,41
4758,36
4759,36
4760,40
4761,36
4762,40
4763,36
4764,41
4765,40
4766,32
4767,39
4768,32
4769,36
4770,41
4771,40
4772,32
4773,32
4774,41
4775,39
4776,32
4777,39
4778,36
4779,40
4780,32
4781,39
4782,35
4783,36
4784,42
4785,36
4786,42
4787,32
4788,39
4789,41
4790,36
4791,39
4792,40
4793,40
4794,36
4795,42
4796,42
4797,40
4798,35
4799,35
4800,40
4801,35
4802,40
4803,41
4804,39
4805,35
4806,40
4807,32
4808,40
4809,41
4810,40
4811,35
4812,40
4813,36
4814,42
4815,40
4816,40
4817,36
4818,39
4819,40
4820,35
4821,40
4822,39
4823,36
4824,40
4825,32
4826,40
4827,39
4828,40
4829,41
4830,35
4831,41
4832,40
4833,40
4834,35
4835,36
4836,42
4837,35
4838,39
4839,40
4840,42
4841,42
4842,36
4843,40
4844,40
4845,32
4846,35
4847,41
4848,42
4849,35
4850,40
4851,41
4852,39
4853,32
4854,32
4855,36
4856,36
4857,40
4858,42
4859,32
4860,39
4861,40
4862,36
4863,32
4864,41
4865,40
4866,39
4867,40
4868,32
4869,36
4870,40
4871,40
4872,41
4873,40
4874,36
4875,41
4876,40
4877,35
4878,42
4879,40
4880,32
4881,41
4882,39
4883,40
4884,40
4885,35
4886,40
4887,40
4888,36
4889,35
4890,40
4891,32
4892,39
4893,42
4894,40
4895,42
4896,41
4897,41
4898,36
4899,36
4900,35
4901,39
4902,42
4903,35
4904,40
4905,36
4906,40
4907,39
4908,35
4909,39
4910,32
4911,42
4912,35
4913,41
4914,40
4915,40
4916,35
4917,36
4918,40
4919,40
4920,42
4921,35
4922,40
4923,39
4924,32
4925,32
4926,40
4927,42
4928,32
4929,41
4930,36
4931,41
4932,32
4933,35
4934,39
4935,32
4936,36
4937,40
4938,41
4939,35
4940,40
4941,39
4942,40
4943,42
4944,35
4945,39
4946,32
4947,40
4948,39
4949,41
4950,40
4951,36
4952,42
4953,42
4954,35
4955,40
4956,39
4957,41
4958,40
4959,32
4960,41
4961,40
4962,35
4963,35
4964,35
4965,42
4966,35
4967,35
4968,35
4969,36
4970,39
4971,35
4972,35
4973,35
4974,36
4975,35
4976,40
4977,36
4978,35
4979,40
4980,35
4981,35
4982,32
4983,41
4984,35
4985,35
4986,42
4987,40
4988,35
4989,42
4990,35
4991,35
4992,35
4993,39
4994,40
4995,39
4996,35
4997,39
4998,35
4999,35
5000,39
5001,35
5002,41
5003,32
5004,35
5005,39
5006,35
5007,35
5008,32
5009,40
5010,40
5011,32
5012,41
5013,42
5014,36
5015,35
5016,36
5017,32
5018,41
5019,35
5020,42
5021,35
5022,39
5023,36
5024,35
5025,35
5026,32
5027,40
5028,35
5029,35
5030,35
5031,41
5032,42
5033,32
5034,42
5035,35
5036,35
5037,32
5038,41
5039,35
5040,36
5041,40
5042,35
5043,35
5044,40
5045,35
5046,35
5047,35
5048,40
5049,39
5050,39
5051,36
5052,32
5053,42
5054,42
5055,41
5056,36
5057,43
5058,39
5059,39
5060,35
5061,40
5062,35
5063,43
5064,36
5065,35
5066,39
5067,39
5068,43
5069,40
5070,42
5071,32
5072,35
5073,35
5074,40
5075,40
5076,35
5077,35
5078,42
5079,36
5080,35
5081,35
5082,39
5083,35
5084,32
5085,41
5086,36
5087,32
5088,41
5089,42
5090,36
5091,32
5092,40
5093,43
5094,43
5095,41
5096,35
5097,41
5098,35
5099,35
5100,39
5101,39
5102,39
5103,35
5104,36
5105,43
5106,35
5107,32
5108,35
5109,41
5110,39
5111,42
5112,39
5113,43
5114,43
5115,42
5116,43
5117,32
5118,32
5119,42
5120,35
5121,42
5122,40
5123,43
5124,36
5125,43
5126,40
5127,35
5128,35
5129,40
5130,35
5131,35
5132,43
5133,43
5134,37
5135,43
5136,43
5137,43
5138,42
5139,32
5140,43
5141,35
5142,43
5143,42
5144,43
5145,43
5146,39
5147,43
5148,36
5149,35
5150,43
5151,43
5152,39
5153,43
5154,39
5155,35
5156,43
5157,39
5158,43
5159,42
5160,32
5161,43
5162,36
5163,43
5164,35
5165,35
5166,43
5167,40
5168,41
5169,40
5170,39
5171,41
5172,43
5173,41
5174,41
5175,43
5176,43
5177,41
5178,42
5179,36
5180,36
5181,35
5182,35
5183,35
5184,35
5185,43
5186,43
5187,32
5188,42
5189,41
5190,39
5191,43
5192,43
5193,32
5194,43
5195,35
5196,36
5197,41
5198,42
5199,35
5200,35
5201,43
5202,43
5203,43
5204,35
5205,35
5206,40
5207,37
5208,39
5209,39
5210,40
5211,39
5212,42
5213,42
5214,36
5215,32
5216,37
5217,35
5218,39
5219,43
5220,43
5221,32
5222,40
5223,43
5224,37
5225,36
5226,35
5227,39
5228,35
5229,43
5230,37
5231,35
5232,42
5233,43
5234,32
5235,43
5236,37
5237,39
5238,40
5239,43
5240,43
5241,40
5242,39
5243,37
5244,40
5245,41
5246,41
5247,35
5248,42
5249,41
5250,43
5251,35
5252,41
5253,35
5254,37
5255,32
5256,43
5257,36
5258,32
5259,42
5260,43
5261,39
5262,36
5263,40
5264,43
5265,35
5266,43
5267,32
5268,36
5269,42
5270,36
5271,43
5272,43
5273,39
5274,43
5275,39
5276,43
5277,35
5278,42
5279,41
5280,32
5281,39
5282,43
5283,40
5284,37
5285,35
5286,35
5287,43
5288,43
5289,40
5290,43
5291,37
5292,35
5293,42
5294,37
5295,37
5296,43
5297,37
5298,32
5299,37
5300,43
5301,39
5302,37
5303,40
5304,39
5305,37
5306,37
5307,43
5308,37
5309,43
5310,36
5311,37
5312,36
5313,37
5314,39
5315,32
5316,43
5317,37
5318,43
5319,43
5320,37
5321,40
5322,42
5323,37
5324,35
5325,35
5326,32
5327,37
5328,39
5329,41
5330,37
5331,43
5332,43
5333,37
5334,41
5335,41
5336,40
5337,40
5338,43
5339,35
5340,39
5341,37
5342,43
5343,41
5344,42
5345,37
5346,37
5347,42
5348,39
5349,42
5350,41
5351,37
5352,43
5353,40
5354,43
5355,43
5356,37
5357,32
5358,43
5359,37
5360,43
5361,42
5362,43
5363,37
5364,41
5365,35
5366,35
5367,36
5368,37
5369,36
5370,43
5371,39
5372,40
5373,37
5374,37
5375,39
5376,37
5377,36
5378,37
5379,42
5380,40
5381,32
5382,43
5383,37
5384,40
5385,43
5386,37
5387,32
5388,43
5389,36
5390,43
5391,37
5392,37
5393,42
5394,37
5395,37
5396,32
5397,40
5398,37
5399,35
5400,39
5401,37
5402,35
5403,35
5404,39
5405,37
5406,37
5407,43
5408,37
5409,41
5410,41
5411,37
5412,42
5413,37
5414,42
5415,41
5416,37
5417,40
5418,43
5419,35
5420,32
5421,40
5422,40
5423,32
5424,37
5425,42
5426,41
5427,37
5428,37
5429,40
5430,36
5431,37
5432,50
5433,39
5434,39
5435,41
5436,39
5437,35
5438,37
5439,43
5440,35
5441,37
5442,50
5443,40
5444,43
5445,37
5446,36
5447,35
5448,42
5449,41
5450,32
5451,50
5452,43
5453,37
5454,37
5455,37
5456,40
5457,50
5458,42
5459,37
5460,50
5461,50
5462,39
5463,50
5464,50
5465,36
5466,41
5467,50
5468,40
5469,40
5470,50
5471,43
5472,50
5473,43
5474,50
5475,50
5476,40
5477,50
5478,35
5479,43
5480,50
5481,43
5482,50
5483,39
5484,32
5485,50
5486,37
5487,50
5488,37
5489,50
5490,36
5491,43
5492,35
5493,50
5494,50
5495,35
5496,32
5497,50
5498,42
5499,42
5500,41
5501,36
5502,50
5503,50
5504,42
5505,37
5506,41
5507,50
5508,50
5509,43
5510,36
5511,50
5512,39
5513,35
5514,37
5515,42
5516,50
5517,50
5518,37
5519,41
5520,50
5521,43
5522,35
5523,32
5524,39
5525,50
5526,32
5527,40
5528,43
5529,50
5530,50
5531,40
5532,41
5533,50
5534,35
5535,50
5536,36
5537,35
5538,43
5539,40
5540,39
5541,37
5542,50
5543,50
5544,39
5545,35
5546,43
5547,37
5548,50
5549,41
5550,50
5551,36
5552,50
5553,50
5554,32
5555,50
5556,35
5557,43
5558,39
5559,37
5560,50
5561,43
5562,50
5563,35
5564,36
5565,43
5566,32
5567,50
5568,37
5569,36
5570,50
5571,50
5572,37
5573,35
5574,40
5575,50
5576,39
5577,50
5578,42
5579,35
5580,42
5581,50
5582,40
5583,42
5584,41
5585,37
5586,46
5587,35
5588,32
5589,39
5590,32
5591,40
5592,41
5593,50
5594,50
5595,43
5596,37
5597,36
5598,37
5599,43
5600,50
5601,50
5602,39
5603,35
5604,39
5605,35
5606,41
5607,46
5608,40
5609,37
5610,50
5611,37
5612,39
5613,50
5614,50
5615,50
5616,41
5617,32
5618,35
5619,50
5620,37
5621,46
5622,46
5623,37
5624,46
5625,46
5626,46
5627,32
5628,39
5629,46
5630,36
5631,35
5632,36
5633,40
5634,46
5635,37
5636,46
5637,43
5638,50
5639,35
5640,46
5641,40
5642,37
5643,50
5644,41
5645,46
5646,46
5647,50
5648,37
5649,46
5650,43
5651,46
5652,35
5653,36
5654,40
5655,46
5656,46
5657,32
5658,37
5659,46
5660,50
5661,50
5662,37
5663,46
5664,36
5665,50
5666,41
5667,42
5668,50
5669,42
5670,37
5671,42
5672,46
5673,43
5674,40
5675,39
5676,46
5677,41
5678,37
5679,36
5680,50
5681,43
5682,46
5683,46
5684,39
5685,50
5686,37
5687,41
5688,35
5689,46
5690,37
5691,35
5692,50
5693,35
5694,43
5695,39
5696,46
5697,46
5698,32
5699,37
5700,50
5701,37
5702,32
5703,35
5704,40
5705,41
5706,35
5707,46
5708,36
5709,50
5710,46
5711,36
5712,46
5713,40
5714,50
5715,37
5716,50
5717,43
5718,46
5719,41
5720,37
5721,46
5722,50
5723,43
5724,50
5725,50
5726,46
5727,36
5728,32
5729,37
5730,40
5731,46
5732,46
5733,46
5734,40
5735,43
5736,41
5737,50
5738,35
5739,32
5740,35
5741,46
5742,35
5743,46
5744,36
5745,46
5746,43
5747,46
5748,50
5749,42
5750,50
5751,46
5752,42
5753,37
5754,37
5755,39
5756,35
5757,42
5758,39
5759,46
5760,37
5761,43
5762,46
5763,40
5764,37
5765,32
5766,42
5767,50
5768,41
5769,50
5770,46
5771,39
5772,46
5773,36
5774,40
5775,42
5776,46
5777,50
5778,43
5779,38
5780,50
5781,36
5782,38
5783,38
5784,38
5785,46
5786,38
5787,46
5788,46
5789,46
5790,37
5791,38
5792,38
5793,37
5794,42
5795,43
5796,46
5797,38
5798,35
5799,41
5800,38
5801,40
5802,37
5803,43
5804,40
5805,39
5806,38
5807,35
5808,38
5809,46
5810,37
5811,32
5812,38
5813,46
5814,50
5815,43
5816,46
5817,38
5818,41
5819,46
5820,50
5821,35
5822,46
5823,38
5824,46
5825,36
5826,38
5827,38
5828,43
5829,46
5830,38
5831,46
5832,37
5833,40
5834,38
5835,32
5836,37
5837,50
5838,35
5839,39
5840,38
5841,39
5842,46
5843,41
5844,42
5845,50
5846,38
5847,39
5848,40
5849,46
5850,38
5851,46
5852,42
5853,43
5854,50
5855,37
5856,43
5857,39
5858,46
5859,43
5860,38
5861,38
5862,32
5863,42
5864,38
5865,43
5866,35
5867,46
5868,36
5869,40
5870,46
5871,38
5872,38
5873,37
5874,41
5875,40
5876,50
5877,50
5878,46
5879,42
5880,46
5881,43
5882,32
5883,38
5884,37
5885,36
5886,35
5887,38
5888,38
5889,38
5890,50
5891,46
5892,38
5893,42
5894,37
5895,46
5896,36
5897,38
5898,35
5899,38
5900,38
5901,35
5902,46
5903,43
5904,50
5905,43
5906,32
5907,43
5908,50
5909,50
5910,43
5911,38
5912,38
5913,46
5914,41
5915,40
5916,38
5917,50
5918,38
5919,37
5920,38
5921,32
5922,43
5923,43
5924,39
5925,38
5926,39
5927,39
5928,38
5929,35
5930,46
5931,39
5932,39
5933,46
5934,38
5935,37
5936,35
5937,38
5938,42
5939,38
5940,38
5941,40
5942,38
5943,38
5944,38
5945,38
5946,41
5947,36
5948,41
5949,38
5950,38
5951,50
5952,38
5953,50
5954,38
5955,34
5956,38
5957,50
5958,42
5959,38
5960,36
5961,37
5962,38
5963,38
5964,43
5965,34
5966,37
5967,46
5968,34
5969,50
5970,38
5971,38
5972,35
5973,34
5974,43
5975,46
5976,46
5977,40
5978,37
5979,38
5980,42
5981,32
5982,36
5983,38
5984,34
5985,41
5986,34
5987,38
5988,34
5989,43
5990,50
5991,37
5992,34
5993,32
5994,38
5995,38
5996,50
5997,50
5998,38
5999,46
6000,40
6001,42
6002,34
6003,46
6004,38
6005,35
6006,34
6007,34
6008,46
6009,43
6010,34
6011,37
6012,38
6013,37
6014,38
6015,37
6016,34
6017,41
6018,39
6019,34
6020,39
6021,40
6022,43
6023,42
6024,36
6025,41
6026,38
6027,37
6028,34
6029,46
6030,46
6031,50
6032,42
6033,50
6034,36
6035,38
6036,43
6037,34
6038,34
6039,35
6040,50
6041,50
6042,46
6043,42
6044,36
6045,38
6046,32
6047,34
6048,40
6049,38
6050,34
6051,43
6052,38
6053,34
6054,41
6055,40
6056,38
6057,50
6058,42
6059,46
6060,34
6061,34
6062,41
6063,46
6064,38
6065,34
6066,38
6067,50
6068,34
6069,37
6070,37
6071,40
6072,43
6073,35
6074,46
6075,37
6076,34
6077,42
6078,37
6079,34
6080,50
6081,38
6082,50
6083,34
6084,34
6085,38
6086,34
6087,41
6088,38
6089,43
6090,38
6091,40
6092,34
6093,34
6094,32
6095,34
6096,34
6097,34
6098,34
6099,42
6100,34
6101,50
6102,34
6103,46
6104,35
6105,38
6106,34
6107,34
6108,39
6109,32
6110,46
6111,36
6112,46
6113,39
6114,34
6115,34
6116,43
6117,34
6118,34
6119,38
6120,36
6121,39
6122,44
6123,35
6124,38
6125,44
6126,34
6127,46
6128,34
6129,40
6130,37
6131,50
6132,42
6133,44
6134,34
6135,37
6136,37
6137,34
6138,42
6139,41
6140,34
6141,50
6142,34
6143,40
6144,37
6145,38
6146,34
6147,42
6148,43
6149,34
6150,46
6151,38
6152,38
6153,35
6154,34
6155,34
6156,34
6157,34
6158,50
6159,46
6160,40
6161,34
6162,43
6163,34
6164,38
6165,42
6166,34
6167,34
6168,38
6169,32
6170,41
6171,34
6172,34
6173,50
6174,40
6175,34
6176,34
6177,34
6178,38
6179,44
6180,35
6181,43
6182,41
6183,50
6184,37
6185,42
6186,38
6187,46
6188,44
6189,50
6190,37
6191,38
6192,34
6193,34
6194,46
6195,34
6196,44
6197,46
6198,35
6199,46
6200,37
6201,36
6202,36
6203,44
6204,34
6205,36
6206,34
6207,39
6208,41
6209,38
6210,43
6211,40
6212,42
6213,34
6214,44
6215,34
6216,34
6217,39
6218,46
6219,44
6220,37
6221,35
6222,38
6223,44
6224,40
6225,32
6226,38
6227,38
6228,39
6229,34
6230,44
6231,32
6232,44
6233,34
6234,50
6235,40
6236,34
6237,50
6238,50
6239,46
6240,34
6241,38
6242,44
6243,44
6244,44
6245,39
6246,41
6247,44
6248,44
6249,44
6250,37
6251,37
6252,44
6253,50
6254,44
6255,34
6256,43
6257,44
6258,41
6259,44
6260,40
6261,44
6262,47
6263,34
6264,38
6265,44
6266,38
6267,37
6268,46
6269,34
6270,44
6271,47
6272,44
6273,42
6274,34
6275,38
6276,44
6277,44
6278,44
6279,35
6280,34
6281,44
6282,44
6283,44
6284,37
6285,41
6286,34
6287,44
6288,46
6289,37
6290,44
6291,44
6292,44
6293,50
6294,32
6295,50
6296,42
6297,36
6298,34
6299,34
6300,40
6301,44
6302,50
6303,39
6304,44
6305,43
6306,38
6307,46
6308,38
6309,40
6310,47
6311,44
6312,41
6313,39
6314,34
6315,34
6316,40
6317,47
6318,37
6319,38
6320,44
6321,46
6322,47
6323,44
6324,39
6325,47
6326,37
6327,35
6328,34
6329,47
6330,42
6331,43
6332,34
6333,41
6334,47
6335,37
6336,46
6337,39
6338,47
6339,34
6340,44
6341,44
6342,35
6343,34
6344,38
6345,47
6346,47
6347,34
6348,46
6349,50
6350,47
6351,44
6352,44
6353,46
6354,39
6355,38
6356,37
6357,44
6358,35
6359,43
6360,47
6361,50
6362,34
6363,32
6364,44
6365,47
6366,41
6367,41
6368,46
6369,47
6370,44
6371,47
6372,50
6373,34
6374,41
6375,42
6376,46
6377,43
6378,44
6379,34
6380,47
6381,44
6382,38
6383,44
6384,47
6385,47
6386,47
6387,47
6388,47
6389,47
6390,37
6391,44
6392,47
6393,40
6394,34
6395,47
6396,40
6397,40
6398,47
6399,50
6400,47
6401,36
6402,38
6403,47
6404,35
6405,47
6406,44
6407,47
6408,47
6409,43
6410,46
6411,41
6412,46
6413,47
6414,36
6415,42
6416,50
6417,35
6418,44
6419,47
6420,44
6421,44
6422,47
6423,46
6424,34
6425,34
6426,47
6427,47
6428,47
6429,50
6430,39
6431,35
6432,44
6433,47
6434,38
6435,47
6436,47
6437,37
6438,38
6439,32
6440,47
6441,47
6442,37
6443,41
6444,47
6445,47
6446,47
6447,50
6448,44
6449,35
6450,39
6451,44
6452,42
6453,47
6454,38
6455,47
6456,47
6457,47
6458,47
6459,47
6460,34
6461,41
6462,34
6463,48
6464,44
6465,43
6466,46
6467,46
6468,48
6469,37
6470,50
6471,39
6472,38
6473,47
6474,44
6475,34
6476,47
6477,50
6478,47
6479,44
6480,48
6481,47
6482,38
6483,48
6484,48
6485,37
6486,50
6487,41
6488,47
6489,40
6490,40
6491,47
6492,34
6493,38
6494,48
6495,35
6496,36
6497,44
6498,39
6499,47
6500,47
6501,34
6502,41
6503,37
6504,32
6505,47
6506,35
6507,48
6508,36
6509,47
6510,44
6511,50
6512,47
6513,41
6514,37
6515,48
6516,35
6517,34
6518,39
6519,47
6520,46
6521,38
6522,47
6523,48
6524,48
6525,48
6526,46
6527,48
6528,48
6529,48
6530,47
6531,47
6532,47
6533,47
6534,38
6535,43
6536,42
6537,48
6538,34
6539,44
6540,48
6541,47
6542,50
6543,36
6544,42
6545,47
6546,47
6547,50
6548,47
6549,44
6550,34
6551,47
6552,34
6553,37
6554,47
6555,48
6556,47
6557,43
6558,48
6559,50
6560,48
6561,47
6562,47
6563,48
6564,39
6565,48
6566,44
6567,34
6568,48
6569,47
6570,47
6571,44
6572,48
6573,48
6574,47
6575,37
6576,42
6577,32
6578,34
6579,41
6580,44
6581,48
6582,50
6583,38
6584,46
6585,50
6586,48
6587,38
6588,48
6589,47
6590,34
6591,46
6592,39
6593,47
6594,47
6595,48
6596,47
6597,41
6598,47
6599,40
6600,38
6601,35
6602,48
6603,40
6604,37
6605,48
6606,35
6607,46
6608,40
6609,47
6610,48
6611,44
6612,48
6613,43
6614,34
6615,47
6616,47
6617,47
6618,50
6619,48
6620,44
6621,36
6622,47
6623,42
6624,42
6625,43
6626,47
6627,48
6628,48
6629,50
6630,48
6631,37
6632,34
6633,48
6634,36
6635,47
6636,38
6637,48
6638,34
6639,43
6640,38
6641,48
6642,48
6643,47
6644,48
6645,34
6646,41
6647,47
6648,44
6649,46
6650,48
6651,48
6652,50
6653,41
6654,32
6655,48
6656,36
6657,48
6658,33
6659,47
6660,48
6661,33
6662,50
6663,44
6664,48
6665,34
6666,37
6667,48
6668,42
6669,48
6670,48
6671,48
6672,48
6673,48
6674,48
6675,46
6676,47
6677,48
6678,47
6679,48
6680,42
6681,48
6682,34
6683,48
6684,48
6685,48
6686,39
6687,48
6688,37
6689,48
6690,47
6691,48
6692,44
6693,48
6694,47
6695,50
6696,34
6697,48
6698,50
6699,38
6700,48
6701,48
6702,48
6703,35
6704,34
6705,48
6706,40
6707,48
6708,44
6709,35
6710,38
6711,48
6712,47
6713,48
6714,40
6715,42
6716,48
6717,35
6718,50
6719,34
6720,48
6721,39
6722,48
6723,40
6724,46
6725,43
6726,33
6727,33
6728,48
6729,47
6730,48
6731,48
6732,41
6733,34
6734,32
6735,48
6736,33
6737,47
6738,50
6739,40
6740,48
6741,48
6742,37
6743,48
6744,33
6745,41
6746,46
6747,50
6748,48
6749,33
6750,33
6751,44
6752,48
6753,37
6754,33
6755,34
6756,48
6757,39
6758,48
6759,36
6760,34
6761,38
6762,47
6763,33
6764,42
6765,47
6766,33
6767,34
6768,48
6769,48
6770,38
6771,33
6772,46
6773,33
6774,47
6775,50
6776,37
6777,33
6778,34
6779,33
6780,33
6781,33
6782,33
6783,48
6784,33
6785,36
6786,33
6787,33
6788,48
6789,33
6790,33
6791,38
6792,48
6793,33
6794,33
6795,33
6796,33
6797,33
6798,44
6799,48
6800,33
6801,50
6802,39
6803,48
6804,33
6805,47
6806,33
6807,41
6808,33
6809,48
6810,33
6811,41
6812,33
6813,35
6814,35
6815,50
6816,48
6817,33
6818,34
6819,39
6820,48
6821,43
6822,34
6823,33
6824,46
6825,35
6826,47
6827,33
6828,44
6829,32
6830,33
6831,43
6832,38
6833,33
6834,42
6835,40
6836,33
6837,44
6838,50
6839,33
6840,33
6841,48
6842,37
6843,48
6844,48
6845,33
6846,48
6847,38
6848,33
6849,33
6850,40
6851,47
6852,33
6853,47
6854,48
6855,33
6856,46
6857,33
6858,37
6859,33
6860,39
6861,42
6862,33
6863,33
6864,40
6865,48
6866,50
6867,38
6868,48
6869,47
6870,33
6871,33
6872,33
6873,50
6874,48
6875,34
6876,33
6877,44
6878,48
6879,33
6880,48
6881,33
6882,34
6883,44
6884,33
6885,48
6886,36
6887,47
6888,41
6889,33
6890,34
6891,33
6892,45
6893,48
6894,33
6895,33
6896,33
6897,33
6898,38
6899,47
6900,45
6901,33
6902,37
6903,42
6904,46
6905,33
6906,32
6907,39
6908,33
6909,33
6910,33
6911,33
6912,33
6913,33
6914,48
6915,33
6916,38
6917,47
6918,33
6919,48
6920,48
6921,33
6922,33
6923,33
6924,48
6925,42
6926,36
6927,33
6928,50
6929,48
6930,32
6931,33
6932,39
6933,35
6934,43
6935,33
6936,35
6937,45
6938,48
6939,43
6940,44
6941,46
6942,44
6943,45
6944,33
6945,44
6946,33
6947,33
6948,38
6949,48
6950,35
6951,37
6952,33
6953,34
6954,48
6955,47
6956,48
6957,33
6958,45
6959,33
6960,39
6961,50
6962,48
6963,40
6964,33
6965,45
6966,37
6967,36
6968,48
6969,47
6970,33
6971,34
6972,33
6973,45
6974,33
6975,33
6976,33
6977,45
6978,40
6979,45
6980,50
6981,38
6982,41
6983,48
6984,45
6985,48
6986,41
6987,33
6988,46
6989,38
6990,48
6991,45
6992,33
6993,33
6994,42
6995,45
6996,33
6997,45
6998,45
6999,45
7000,33
7001,47
7002,45
7003,44
7004,50
7005,45
7006,45
7007,40
7008,45
7009,45
7010,45
7011,47
7012,48
7013,44
7014,39
7015,45
7016,32
7017,33
7018,45
7019,45
7020,45
7021,47
7022,33
7023,33
7024,45
7025,45
7026,42
7027,34
7028,45
7029,33
7030,45
7031,48
7032,38
7033,46
7034,45
7035,46
7036,33
7037,33
7038,45
7039,45
7040,48
7041,48
7042,45
7043,36
7044,45
7045,33
7046,34
7047,45
7048,45
7049,33
7050,45
7051,45
7052,45
7053,48
7054,45
7055,43
7056,46
7057,45
7058,33
7059,37
7060,43
7061,33
7062,48
7063,47
7064,45
7065,39
7066,33
7067,47
7068,37
7069,45
7070,45
7071,43
7072,44
7073,45
7074,38
7075,45
7076,47
7077,33
7078,34
7079,36
7080,48
7081,37
7082,44
7083,42
7084,41
7085,45
7086,45
7087,35
7088,45
7089,48
7090,45
7091,33
7092,45
7093,46
7094,31
7095,31
7096,31
7097,45
7098,50
7099,31
7100,33
7101,31
7102,33
7103,42
7104,31
7105,31
7106,32
7107,34
7108,31
7109,45
7110,35
7111,31
7112,33
7113,48
7114,33
7115,31
7116,31
7117,45
7118,31
7119,45
7120,31
7121,50
7122,31
7123,33
7124,34
7125,31
7126,45
7127,45
7128,31
7129,48
7130,36
7131,45
7132,31
7133,34
7134,35
7135,38
7136,47
7137,33
7138,47
7139,31
7140,39
7141,47
7142,33
7143,33
7144,45
7145,45
7146,31
7147,31
7148,45
7149,46
7150,44
7151,48
7152,33
7153,31
7154,31
7155,33
7156,31
7157,31
7158,48
7159,31
7160,44
7161,45
7162,45
7163,31
7164,40
7165,31
7166,33
7167,34
7168,33
7169,45
7170,46
7171,38
7172,33
7173,31
7174,31
7175,31
7176,31
7177,33
7178,31
7179,31
7180,33
7181,31
7182,45
7183,31
7184,31
7185,31
7186,45
7187,31
7188,44
7189,41
7190,31
7191,31
7192,31
7193,39
7194,31
7195,42
7196,31
7197,31
7198,33
7199,48
7200,31
7201,31
7202,47
7203,41
7204,31
7205,33
7206,37
7207,31
7208,45
7209,31
7210,37
7211,31
7212,48
7213,37
7214,46
7215,33
7216,47
7217,31
7218,40
7219,31
7220,45
7221,43
7222,31
7223,31
7224,50
7225,48
7226,42
7227,31
7228,34
7229,31
7230,31
7231,33
7232,34
7233,47
7234,45
7235,31
7236,43
7237,31
7238,50
7239,33
7240,31
7241,31
7242,45
7243,45
7244,45
7245,32
7246,31
7247,31
7248,31
7249,31
7250,31
7251,31
7252,31
7253,31
7254,38
7255,31
7256,31
7257,44
7258,33
7259,45
7260,43
7261,33
7262,31
7263,46
7264,31
7265,31
7266,31
7267,31
7268,31
7269,31
7270,31
7271,31
7272,31
7273,31
7274,39
7275,36
7276,31
7277,31
7278,31
7279,45
7280,33
7281,31
7282,31
7283,48
7284,48
7285,31
7286,34
7287,46
7288,31
7289,33
7290,31
7291,47
7292,33
7293,35
7294,31
7295,31
7296,31
7297,31
7298,44
7299,31
7300,33
7301,31
7302,38
7303,31
7304,47
7305,31
7306,33
7307,31
7308,31
7309,31
7310,31
7311,31
7312,31
7313,31
7314,31
7315,31
7316,31
7317,31
7318,31
7319,33
7320,31
7321,31
7322,45
7323,31
7324,46
7325,31
7326,31
7327,31
7328,31
7329,42
7330,31
7331,31
7332,31
7333,47
7334,31
7335,31
7336,45
7337,35
7338,31
7339,31
7340,41
7341,33
7342,31
7343,39
7344,31
7345,31
7346,31
7347,31
7348,31
7349,31
7350,31
7351,31
7352,49
7353,49
7354,31
7355,44
7356,49
7357,31
7358,49
7359,49
7360,49
7361,31
7362,36
7363,49
7364,49
7365,49
7366,31
7367,33
7368,49
7369,46
7370,45
7371,34
7372,31
7373,49
7374,49
7375,49
7376,48
7377,33
7378,49
7379,31
7380,49
7381,44
7382,31
7383,31
7384,31
7385,49
7386,48
7387,49
7388,33
7389,49
7390,49
7391,49
7392,49
7393,31
7394,49
7395,49
7396,31
7397,49
7398,49
7399,31
7400,32
7401,49
7402,49
7403,49
7404,49
7405,45
7406,49
7407,49
7408,49
7409,49
7410,49
7411,49
7412,33
7413,49
7414,49
7415,49
7416,31
7417,49
7418,49
7419,49
7420,49
7421,49
7422,49
7423,49
7424,48
7425,49
7426,31
7427,49
7428,31
7429,49
7430,39
7431,31
7432,49
7433,49
7434,31
7435,49
7436,49
7437,49
7438,40
7439,31
7440,31
7441,45
7442,49
7443,37
7444,49
7445,31
7446,37
7447,49
7448,31
7449,50
7450,31
7451,38
7452,31
7453,49
7454,31
7455,47
7456,37
7457,31
7458,49
7459,45
7460,31
7461,49
7462,50
7463,49
7464,44
7465,34
7466,31
7467,31
7468,31
7469,49
7470,43
7471,31
7472,45
7473,31
7474,49
7475,46
7476,31
7477,31
7478,31
7479,47
7480,49
7481,33
7482,31
7483,33
7484,31
7485,36
7486,33
7487,43
7488,33
7489,49
7490,31
7491,38
7492,31
7493,31
7494,45
7495,31
7496,40
7497,46
7498,48
7499,49
7500,45
7501,31
7502,31
7503,31
7504,31
7505,45
7506,49
7507,34
7508,42
7509,48
7510,43
7511,41
7512,47
7513,31
7514,46
7515,49
7516,31
7517,31
7518,31
7519,31
7520,31
7521,34
7522,42
7523,31
7524,47
7525,45
7526,33
7527,45
7528,41
7529,31
7530,45
7531,38
7532,33
7533,49
7534,31
7535,35
7536,31
7537,31
7538,31
7539,31
7540,40
7541,33
7542,49
7543,47
7544,31
7545,39
7546,47
7547,48
7548,31
7549,34
7550,38
7551,31
7552,31
7553,31
7554,31
7555,31
7556,45
7557,45
7558,41
7559,35
7560,48
7561,31
7562,45
7563,31
7564,33
7565,31
7566,50
7567,50
7568,33
7569,34
7570,47
7571,50
7572,49
7573,37
7574,31
7575,31
7576,44
7577,31
7578,46
7579,48
7580,37
7581,33
7582,36
7583,31
7584,49
7585,31
7586,45
7587,31
7588,42
7589,46
7590,42
7591,45
7592,40
7593,37
7594,31
7595,48
7596,34
7597,45
7598,41
7599,38
7600,31
7601,31
7602,31
7603,45
7604,47
7605,44
7606,39
7607,31
7608,37
7609,48
7610,31
7611,33
7612,49
7613,31
7614,38
7615,31
7616,34
7617,45
7618,31
7619,49
7620,33
7621,32
7622,40
7623,43
7624,45
7625,31
7626,38
7627,31
7628,31
7629,36
7630,47
7631,48
7632,45
7633,48
7634,31
7635,44
7636,31
7637,31
7638,34
7639,31
7640,45
7641,33
7642,35
7643,31
7644,48
7645,49
7646,48
7647,45
7648,42
7649,31
7650,31
7651,47
7652,34
7653,50
7654,46
7655,33
7656,31
7657,39
7658,36
7659,41
7660,46
7661,50
7662,45
7663,46
7664,50
7665,31
7666,45
7667,35
7668,31
7669,31
7670,38
7671,48
7672,36
7673,33
7674,44
7675,37
7676,48
7677,33
7678,41
7679,31
7680,38
7681,45
7682,31
7683,37
7684,31
7685,31
7686,44
7687,34
7688,48
7689,33
7690,31
7691,45
7692,48
7693,40
7694,49
7695,35
7696,37
7697,31
7698,34
7699,31
7700,31
7701,32
7702,47
7703,45
7704,33
7705,33
7706,39
7707,48
7708,34
7709,42
7710,31
7711,43
7712,31
7713,39
7714,45
7715,31
7716,47
7717,31
7718,33
7719,40
7720,44
7721,41
7722,48
7723,46
7724,46
7725,31
7726,49
7727,46
7728,50
7729,40
7730,38
7731,48
7732,50
7733,45
7734,35
7735,31
7736,47
7737,31
7738,31
7739,38
7740,33
7741,50
7742,49
7743,45
7744,34
7745,41
7746,48
7747,47
7748,37
7749,31
7750,31
7751,33
7752,34
7753,40
7754,31
7755,31
7756,35
7757,33
7758,48
7759,45
7760,44
7761,37
7762,42
7763,39
7764,31
7765,45
7766,44
7767,33
7768,36
7769,42
7770,48
7771,31
7772,31
7773,31
7774,37
7775,49
7776,33
7777,47
7778,35
7779,33
7780,40
7781,45
7782,38
7783,46
7784,31
7785,41
7786,47
7787,38
7788,46
7789,31
7790,33
7791,34
7792,43
7793,31
7794,31
7795,46
7796,34
7797,48
7798,33
7799,50
7800,34
7801,31
7802,45
7803,48
7804,35
7805,44
7806,50
7807,39
7808,39
7809,31
7810,45
7811,43
7812,44
7813,31
7814,31
7815,42
7816,41
7817,33
7818,50
7819,31
7820,40
7821,47
7822,33
7823,47
7824,45
7825,31
7826,41
7827,37
7828,49
7829,45
7830,35
7831,31
7832,48
7833,45
7834,31
7835,35
7836,33
7837,38
7838,38
7839,34
7840,46
7841,34
7842,31
7843,37
7844,33
7845,34
7846,46
7847,41
7848,44
7849,33
7850,31
7851,39
7852,50
7853,47
7854,45
7855,42
7856,36
7857,31
7858,35
7859,45
7860,45
7861,47
7862,31
7863,50
7864,37
7865,47
7866,40
7867,42
7868,48
7869,50
7870,31
7871,48
7872,49
7873,31
7874,33
7875,33
7876,31
7877,50
7878,43
7879,45
7880,45
7881,35
7882,41
7883,31
7884,34
7885,34
7886,34
7887,44
7888,44
7889,38
7890,36
7891,50
7892,47
7893,39
7894,31
7895,38
7896,47
7897,40
7898,48
7899,46
7900,31
7901,33
7902,43
7903,39
7904,31
7905,33
7906,45
7907,33
7908,45
7909,45
7910,46
7911,37
7912,35
7913,41
7914,31
7915,46
7916,49
7917,41
7918,31
7919,43
7920,37
7921,50
7922,31
7923,45
7924,47
7925,44
7926,47
7927,44
7928,31
7929,48
7930,36
7931,48
7932,40
7933,45
7934,34
7935,33
7936,33
7937,33
7938,34
7939,39
7940,50
7941,40
7942,38
7943,41
7944,31
7945,38
7946,37
7947,31
7948,31
7949,35
7950,42
7951,46
7952,50
7953,45
7954,33
7955,46
7956,31
7957,45
7958,33
7959,33
7960,49
7961,48
7962,48
7963,43
7964,48
7965,37
7966,47
7967,36
7968,46
7969,31
7970,47
7971,40
7972,41
7973,44
7974,39
7975,34
7976,31
7977,35
7978,31
7979,34
7980,46
7981,45
7982,39
7983,34
7984,37
7985,45
7986,43
7987,31
7988,33
7989,38
7990,50
7991,33
7992,31
7993,48
7994,41
7995,48
7996,38
7997,31
7998,42
7999,48
8000,40
8001,47
8002,37
8003,36
8004,45
8005,40
8006,47
8007,50
8008,38
8009,31
8010,44
8011,31
8012,45
8013,39
8014,35
8015,44
8016,33
8017,46
8018,31
8019,44
8020,33
8021,41
8022,50
8023,48
8024,43
8025,34
8026,31
8027,42
8028,31
8029,48
8030,46
8031,48
8032,34
8033,45
8034,35
8035,36
8036,48
8037,31
8038,35
8039,37
8040,47
8041,45
8042,50
8043,38
8044,39
8045,31
8046,44
8047,43
8048,41
8049,33
8050,31
8051,46
8052,44
8053,33
8054,42
8055,50
8056,31
8057,45
8058,48
8059,44
8060,37
8061,49
8062,46
8063,48
8064,45
8065,34
8066,40
8067,35
8068,48
8069,31
8070,36
8071,43
8072,42
8073,50
8074,45
8075,41
8076,34
8077,48
8078,46
8079,31
8080,37
8081,31
8082,33
8083,39
8084,47
8085,38
8086,48
8087,44
8088,46
8089,31
8090,45
8091,37
8092,31
8093,48
8094,38
8095,40
8096,41
8097,44
8098,42
8099,35
8100,45
8101,40
8102,48
8103,31
8104,43
8105,34
8106,50
8107,33
8108,46
8109,39
8110,48
8111,31
8112,49
8113,37
8114,45
8115,34
8116,33
8117,47
8118,42
8119,46
8120,42
8121,50
8122,31
8123,48
8124,45
8125,47
8126,35
8127,38
8128,43
8129,40
8130,31
8131,48
8132,37
8133,44
8134,45
8135,36
8136,46
8137,31
8138,38
8139,47
8140,42
8141,50
8142,44
8143,33
8144,31
8145,31
8146,41
8147,39
8148,45
8149,47
8150,46
8151,46
8152,48
8153,43
8154,34
8155,35
8156,43
8157,31
8158,47
8159,33
8160,40
8161,37
8162,48
8163,31
8164,42
8165,31
8166,46
8167,34
8168,42
8169,44
8170,33
8171,50
8172,39
8173,45
8174,48
8175,38
8176,44
8177,31
8178,33
8179,43
8180,46
8181,35
8182,47
8183,31
8184,37
8185,45
8186,35
8187,39
8188,42
8189,50
8190,48
8191,34
8192,47
8193,38
8194,31
8195,36
8196,33
8197,46
8198,31
8199,31
8200,48
8201,44
8202,34
8203,42
8204,43
8205,37
8206,46
8207,33
8208,45
8209,39
8210,37
8211,35
8212,48
8213,41
8214,44
8215,50
8216,31
8217,34
8218,40
8219,48
8220,31
8221,33
8222,46
8223,47
8224,42
8225,34
8226,36
8227,48
8228,45
8229,43
8230,38
8231,37
8232,41
8233,33
8234,35
8235,50
8236,47
8237,31
8238,31
8239,35
8240,34
8241,46
8242,48
8243,45
8244,39
8245,33
8246,38
8247,44
8248,42
8249,36
8250,31
8251,34
8252,31
8253,37
8254,48
8255,50
8256,31
8257,43
8258,46
8259,33
8260,48
8261,44
8262,35
8263,38
8264,39
8265,42
8266,48
8267,45
8268,34
8269,40
8270,48
8271,33
8272,31
8273,44
8274,31
8275,37
8276,41
8277,46
8278,43
8279,47
8280,46
8281,45
8282,43
8283,36
8284,42
8285,48
8286,38
8287,48
8288,34
8289,31
8290,35
8291,42
8292,31
8293,31
8294,44
8295,33
8296,48
8297,50
8298,48
8299,46
8300,37
8301,39
8302,38
8303,40
8304,43
8305,34
8306,45
8307,42
8308,44
8309,35
8310,33
8311,47
8312,31
8313,48
8314,31
8315,39
8316,46
8317,46
8318,50
8319,45
8320,40
8321,38
8322,42
8323,37
8324,44
8325,48
8326,47
8327,48
8328,45
8329,43
8330,31
8331,31
8332,36
8333,41
8334,33
8335,46
8336,38
8337,42
8338,35
8339,50
8340,34
8341,48
8342,44
8343,48
8344,37
8345,45
8346,31
8347,43
8348,42
8349,31
8350,31
8351,33
8352,40
8353,39
8354,48
8355,34
8356,47
8357,44
8358,38
8359,43
8360,46
8361,45
8362,50
8363,42
8364,37
8365,48
8366,45
8367,35
8368,36
8369,31
8370,47
8371,31
8372,44
8373,34
8374,34
8375,43
8376,46
8377,42
8378,33
8379,50
8380,48
8381,37
8382,45
8383,40
8384,35
8385,47
8386,31
8387,44
8388,45
8389,39
8390,34
8391,31
8392,42
8393,43
8394,38
8395,48
8396,46
8397,47
8398,40
8399,50
8400,33
8401,43
8402,47
8403,42
8404,39
8405,44
8406,45
8407,37
8408,34
8409,48
8410,31
8411,31
8412,46
8413,47
8414,35
8415,42
8416,46
8417,43
8418,36
8419,33
8420,44
8421,34
8422,37
8423,33
8424,48
8425,39
8426,38
8427,31
8428,45
8429,35
8430,31
8431,40
8432,47
8433,46
8434,37
8435,48
8436,44
8437,50
8438,39
8439,34
8440,33
8441,48
8442,42
8443,43
8444,49
8445,40
8446,38
8447,37
8448,45
8449,44
8450,31
8451,31
8452,36
8453,48
8454,46
8455,42
8456,34
8457,37
8458,35
8459,33
8460,47
8461,34
8462,50
8463,36
8464,42
8465,45
8466,44
8467,46
8468,31
8469,45
8470,48
8471,31
8472,43
8473,37
8474,34
8475,39
8476,50
8477,40
8478,33
8479,47
8480,38
8481,33
8482,43
8483,49
8484,44
8485,37
8486,39
8487,47
8488,35
8489,45
8490,46
8491,31
8492,31
8493,34
8494,42
8495,48
8496,44
8497,39
8498,37
8499,50
8500,35
8501,38
8502,33
8503,42
8504,34
8505,47
8506,33
8507,40
8508,31
8509,37
8510,45
8511,46
8512,31
8513,39
8514,35
8515,38
8516,48
8517,44
8518,40
8519,48
8520,39
8521,50
8522,46
8523,43
8524,34
8525,47
8526,31
8527,33
8528,35
8529,33
8530,31
8531,36
8532,31
8533,47
8534,50
8535,38
8536,34
8537,37
8538,48
8539,36
8540,35
8541,42
8542,44
8543,34
8544,46
8545,33
8546,37
8547,39
8548,31
8549,33
8550,40
8551,43
8552,47
8553,45
8554,31
8555,34
8556,38
8557,39
8558,50
8559,48
8560,40
8561,43
8562,44
8563,48
8564,39
8565,38
8566,31
8567,46
8568,33
8569,35
8570,47
8571,31
8572,37
8573,33
8574,45
8575,36
8576,34
8577,46
8578,47
8579,43
8580,50
8581,36
8582,34
8583,48
8584,42
8585,38
8586,43
8587,33
8588,31
8589,40
8590,44
8591,50
8592,33
8593,42
8594,45
8595,45
8596,34
8597,37
8598,47
8599,35
8600,39
8601,46
8602,48
8603,34
8604,37
8605,39
8606,35
8607,31
8608,48
8609,46
8610,44
8611,33
8612,31
8613,36
8614,33
8615,45
8616,50
8617,43
8618,38
8619,47
8620,36
8621,50
8622,47
8623,37
8624,34
8625,40
8626,48
8627,42
8628,31
8629,46
8630,37
8631,34
8632,33
8633,42
8634,45
8635,33
8636,33
8637,35
8638,44
8639,38
8640,50
8641,39
8642,35
8643,47
8644,36
8645,34
8646,50
8647,31
8648,48
8649,43
8650,48
8651,36
8652,34
8653,31
8654,48
8655,46
8656,45
8657,33
8658,37
8659,40
8660,44
8661,46
8662,47
8663,37
8664,40
8665,38
8666,47
8667,42
8668,35
8669,31
8670,50
8671,48
8672,42
8673,34
8674,48
8675,45
8676,33
8677,33
8678,43
8679,50
8680,39
8681,34
8682,39
8683,37
8684,46
8685,47
8686,31
8687,36
8688,47
8689,37
8690,38
8691,47
8692,31
8693,40
8694,48
8695,38
8696,50
8697,45
8698,48
8699,33
8700,40
8701,34
8702,50
8703,49
8704,35
8705,44
8706,42
8707,46
8708,47
8709,43
8710,42
8711,31
8712,46
8713,47
8714,39
8715,31
8716,37
8717,48
8718,48
8719,45
8720,38
8721,33
8722,36
8723,37
8724,34
8725,36
8726,50
8727,34
8728,31
8729,40
8730,44
8731,46
8732,35
8733,31
8734,47
8735,46
8736,47
8737,45
8738,35
8739,48
8740,33
8741,48
8742,46
8743,43
8744,42
8745,49
8746,38
8747,37
8748,39
8749,38
8750,39
8751,37
8752,31
8753,44
8754,36
8755,44
8756,50
8757,31
8758,40
8759,47
8760,45
8761,48
8762,46
8763,33
8764,48
8765,40
8766,46
8767,35
8768,38
8769,31
8770,43
8771,34
8772,37
8773,31
8774,34
8775,37
8776,44
8777,45
8778,42
8779,47
8780,50
8781,33
8782,47
8783,39
8784,48
8785,48
8786,49
8787,39
8788,50
8789,36
8790,46
8791,40
8792,38
8793,31
8794,35
8795,38
8796,35
8797,34
8798,45
8799,34
8800,43
8801,45
8802,47
8803,33
8804,47
8805,37
8806,47
8807,48
8808,37
8809,31
8810,50
8811,46
8812,39
8813,46
8814,39
8815,31
8816,39
8817,38
8818,36
8819,45
8820,50
8821,40
8822,34
8823,33
8824,44
8825,35
8826,49
8827,48
8828,47
8829,48
8830,47
8831,43
8832,43
8833,37
8834,31
8835,50
8836,46
8837,45
8838,46
8839,38
8840,45
8841,38
8842,34
8843,33
8844,44
8845,39
8846,48
8847,44
8848,48
8849,47
8850,39
8851,31
8852,36
8853,36
8854,35
8855,35
8856,43
8857,31
8858,37
8859,37
8860,45
8861,50
8862,46
8863,33
8864,46
8865,38
8866,33
8867,38
8868,48
8869,34
8870,48
8871,44
8872,47
8873,31
8874,39
8875,36
8876,45
8877,36
8878,40
8879,35
8880,43
8881,45
8882,43
8883,37
8884,37
8885,33
8886,50
8887,31
8888,48
8889,46
8890,46
8891,48
8892,38
8893,47
8894,34
8895,44
8896,34
8897,31
8898,45
8899,33
8900,39
8901,39
8902,48
8903,40
8904,35
8905,35
8906,43
8907,48
8908,37
8909,37
8910,50
8911,47
8912,31
8913,46
8914,47
8915,46
8916,46
8917,34
8918,34
8919,34
8920,45
8921,33
8922,33
8923,31
8924,48
8925,48
8926,47
8927,31
8928,44
8929,34
8930,35
8931,35
8932,40
8933,37
8934,36
8935,37
8936,34
8937,37
8938,39
8939,50
8940,38
8941,46
8942,38
8943,45
8944,33
8945,33
8946,31
8947,48
8948,47
8949,47
8950,34
8951,45
8952,34
8953,34
8954,38
8955,46
8956,50
8957,37
8958,37
8959,37
8960,43
8961,35
8962,35
8963,33
8964,40
8965,36
8966,31
8967,33
8968,48
8969,48
8970,31
8971,47
8972,44
8973,34
8974,45
8975,34
8976,38
8977,46
8978,46
8979,50
8980,33
8981,37
8982,43
8983,43
8984,35
8985,40
8986,31
8987,33
8988,40
8989,39
8990,48
8991,47
8992,45
8993,47
8994,34
8995,34
8996,33
8997,34
8998,31
8999,38
9000,46
9001,33
9002,50
9003,50
9004,37
9005,48
9006,43
9007,31
9008,35
9009,40
9010,47
9011,36
9012,36
9013,47
9014,45
9015,44
9016,34
9017,33
9018,34
9019,38
9020,31
9021,46
9022,48
9023,50
9024,50
9025,48
9026,37
9027,43
9028,45
9029,43
9030,47
9031,35
9032,44
9033,40
9034,33
9035,49
9036,40
9037,34
9038,34
9039,33
9040,38
9041,46
9042,45
9043,48
9044,46
9045,50
9046,47
9047,37
9048,45
9049,37
9050,47
9051,43
9052,44
9053,35
9054,33
9055,40
9056,31
9057,34
9058,40
9059,38
9060,33
9061,38
9062,46
9063,31
9064,48
9065,50
9066,47
9067,37
9068,31
9069,45
9070,37
9071,47
9072,43
9073,44
9074,35
9075,33
9076,34
9077,40
9078,31
9079,40
9080,38
9081,48
9082,46
9083,47
9084,45
9085,50
9086,50
9087,47
9088,37
9089,33
9090,31
9091,44
9092,43
9093,34
9094,35
9095,33
9096,34
9097,40
9098,31
9099,48
9100,40
9101,38
9102,46
9103,47
9104,45
9105,50
9106,47
9107,37
9108,33
9109,31
9110,34
9111,37
9112,43
9113,34
9114,48
9115,35
9116,38
9117,45
9118,48
9119,40
9120,46
9121,31
9122,47
9123,50
9124,33
9125,50
9126,44
9127,33
9128,37
9129,34
9130,31
9131,43
9132,48
9133,38
9134,35
9135,45
9136,38
9137,47
9138,40
9139,46
9140,47
9141,31
9142,33
9143,50
9144,44
9145,37
9146,48
9147,34
9148,45
9149,37
9150,48
9151,35
9152,38
9153,31
9154,33
9155,35
9156,46
9157,47
9158,50
9159,34
9160,33
9161,31
9162,50
9163,34
9164,48
9165,37
9166,45
9167,38
9168,43
9169,47
9170,46
9171,31
9172,35
9173,33
9174,47
9175,50
9176,50
9177,34
9178,48
9179,45
9180,37
9181,34
9182,31
9183,47
9184,43
9185,33
9186,38
9187,47
9188,35
9189,46
9190,31
9191,33
9192,44
9193,50
9194,48
9195,34
9196,37
9197,45
9198,38
9199,37
9200,47
9201,31
9202,33
9203,46
9204,35
9205,44
9206,46
9207,48
9208,45
9209,34
9210,50
9211,48
9212,38
9213,33
9214,37
9215,46
9216,47
9217,31
9218,43
9219,33
9220,46
9221,44
9222,48
9223,50
9224,45
9225,34
9226,31
9227,37
9228,47
9229,38
9230,33
9231,43
9232,44
9233,46
9234,31
9235,48
9236,46
9237,34
9238,47
9239,45
9240,37
9241,34
9242,31
9243,47
9244,43
9245,46
9246,33
9247,44
9248,46
9249,45
9250,48
9251,31
9252,44
9253,50
9254,47
9255,33
9256,37
9257,38
9258,31
9259,47
9260,48
9261,46
9262,34
9263,50
9264,33
9265,47
9266,38
9267,31
9268,37
9269,47
9270,33
9271,46
9272,45
9273,34
9274,48
9275,50
9276,31
9277,34
9278,33
9279,37
9280,48
9281,38
9282,31
9283,44
9284,48
9285,46
9286,33
9287,34
9288,47
9289,37
9290,31
9291,38
9292,33
9293,47
9294,46
9295,45
9296,44
9297,31
9298,48
9299,50
9300,33
9301,34
9302,47
9303,31
9304,46
9305,48
9306,44
9307,45
9308,50
9309,34
9310,47
9311,31
9312,33
9313,38
9314,44
9315,45
9316,50
9317,48
9318,34
9319,33
9320,38
9321,47
9322,31
9323,48
9324,46
9325,47
9326,45
9327,31
9328,47
9329,34
9330,48
9331,44
9332,46
9333,45
9334,48
9335,34
9336,33
9337,31
9338,47
9339,38
9340,48
9341,34
9342,33
9343,31
9344,47
9345,38
9346,48
9347,44
9348,45
9349,47
9350,34
9351,33
9352,31
9353,44
9354,48
9355,34
9356,45
9357,45
9358,47
9359,48
9360,45
9361,34
9362,47
9363,33
9364,31
9365,47
9366,48
9367,33
9368,31
9369,44
9370,48
9371,45
9372,47
9373,48
9374,31
9375,47
9376,33
9377,31
9378,47
9379,33
9380,31
9381,48
9382,45
9383,48
9384,31
9385,33
9386,31
9387,33
9388,45
9389,31
9390,31
